{
  "measured_observable": "ZXZX",
  "times": [
    0.0015218257904052734,
    0.00154876708984375,
    0.0029289722442626953,
    0.0014729499816894531,
    0.0014300346374511719,
    0.0015878677368164062,
    0.0014147758483886719,
    0.0014553070068359375,
    0.0014111995697021484,
    0.0035619735717773438
  ],
  "expvals": [
    -0.14975353785486492,
    0.7938736594524624,
    -0.024648837407846957,
    0.7596236405735858,
    0.0,
    0.03875568460844847,
    0.16589904970477656,
    0.0,
    0.0,
    -0.5031194688112084
  ],
  "magic_gates": [
    0,
    0,
    1,
    0,
    0,
    0,
    0,
    0,
    0,
    2
  ],
  "median_time": 0.0014973878860473633,
  "mad_time": 7.49826431274414e-05,
  "ave_magic_gates": 0.3,
  "input_arguments": {
    "backend": "mpstab",
    "max_bond_dim": 4,
    "replacement_probability": 0.99,
    "nqubits": 4,
    "nlayers": 3,
    "nruns": 10,
    "rng_seed": 42,
    "set_initial_state": true,
    "platform": "None",
    "dry_run_discarded": true
  }
}
