{
  "measured_observable": "ZXZXZXZXZX",
  "times": [
    0.01813197135925293,
    0.027592897415161133,
    0.020734071731567383,
    0.015948057174682617,
    0.023273944854736328,
    0.02823185920715332,
    0.02307891845703125,
    0.017360687255859375,
    0.048423051834106445,
    0.027579784393310547
  ],
  "expvals": [
    0.009747214838512114,
    5.533421843902304e-33,
    -0.015401025515900914,
    -0.12264363664070117,
    4.425682713092833e-05,
    2.834320972893229e-33,
    -0.02125790478506332,
    -8.185202263645752e-34,
    5.000190549787181e-06,
    0.010057539324973533
  ],
  "magic_gates": [
    6,
    10,
    7,
    5,
    8,
    10,
    8,
    6,
    10,
    10
  ],
  "median_time": 0.02317643165588379,
  "mad_time": 0.0047304630279541016,
  "ave_magic_gates": 8.0,
  "input_arguments": {
    "backend": "mpstab",
    "max_bond_dim": 4,
    "replacement_probability": 0.5,
    "nqubits": 10,
    "nlayers": 3,
    "nruns": 10,
    "rng_seed": 42,
    "set_initial_state": true,
    "platform": "None",
    "dry_run_discarded": true
  }
}
