{
  "measured_observable": "ZXZXZXZXZXZXZXZXZXZXZXZXZXZXZXZXZXZXZXZXZXZXZXZXZX",
  "times": [
    0.45328712463378906,
    0.3093070983886719,
    0.3150341510772705,
    0.3085215091705322,
    0.4488980770111084,
    0.32331180572509766,
    0.30603718757629395,
    0.30980992317199707,
    0.30615901947021484,
    0.47275805473327637
  ],
  "expvals": [
    1.7218051080045033e-11,
    3.0294005321308956e-11,
    -1.792419506243992e-11,
    4.145965793115473e-10,
    -1.027957376018402e-10,
    -6.947411763446397e-13,
    4.5403284656984786e-10,
    -2.0166726531611483e-12,
    -2.175313727432332e-11,
    -5.441103176043524e-10
  ],
  "magic_gates": [],
  "median_time": 0.3124220371246338,
  "mad_time": 0.0063239336013793945,
  "input_arguments": {
    "backend": "qibotn",
    "max_bond_dim": 8,
    "replacement_probability": 0.0,
    "nqubits": 50,
    "nlayers": 3,
    "nruns": 10,
    "rng_seed": 42,
    "set_initial_state": true,
    "platform": "quimb",
    "dry_run_discarded": true
  }
}