{
  "measured_observable": "ZXZXZXZX",
  "times": [
    0.008161067962646484,
    0.007891178131103516,
    0.007864952087402344,
    0.008002996444702148,
    0.007734060287475586,
    0.007711887359619141,
    0.00768589973449707,
    0.007628679275512695,
    0.00755620002746582,
    0.0078008174896240234
  ],
  "expvals": [
    0.01613427884876728,
    -0.2456987053155899,
    -0.16184163093566895,
    0.004177823197096586,
    0.03641723096370697,
    0.035211481153964996,
    -0.00078718172153458,
    0.025960097089409828,
    0.0028877430595457554,
    0.0017610221402719617
  ],
  "magic_gates": [],
  "median_time": 0.007767438888549805,
  "mad_time": 0.000110626220703125,
  "input_arguments": {
    "backend": "qibotn",
    "max_bond_dim": 8,
    "replacement_probability": 0.75,
    "nqubits": 8,
    "nlayers": 3,
    "nruns": 10,
    "rng_seed": 42,
    "set_initial_state": true,
    "platform": "quimb",
    "dry_run_discarded": true
  }
}
