{
  "measured_observable": "ZXZXZXZXZX",
  "times": [
    0.006321907043457031,
    0.005928993225097656,
    0.006277799606323242,
    0.0035681724548339844,
    0.0036389827728271484,
    0.003622770309448242,
    0.0035200119018554688,
    0.0060880184173583984,
    0.003591299057006836,
    0.003612041473388672
  ],
  "expvals": [
    0.0,
    -3.516229389648801e-31,
    -0.007675723120878845,
    0.0,
    0.0,
    0.0,
    0.016091212539421355,
    1.304817537322352e-32,
    0.0,
    0.012584251210595934
  ],
  "magic_gates": [
    1,
    1,
    1,
    0,
    0,
    0,
    0,
    1,
    0,
    0
  ],
  "median_time": 0.0036308765411376953,
  "mad_time": 8.678436279296875e-05,
  "ave_magic_gates": 0.4,
  "input_arguments": {
    "backend": "mpstab",
    "max_bond_dim": 2,
    "replacement_probability": 0.99,
    "nqubits": 10,
    "nlayers": 3,
    "nruns": 10,
    "rng_seed": 42,
    "set_initial_state": true,
    "platform": "None",
    "dry_run_discarded": true
  }
}
