{
  "measured_observable": "ZXZXZXZXZXZX",
  "times": [
    1.8702499866485596,
    1.7322189807891846,
    1.7788972854614258,
    1.7248749732971191,
    1.7198729515075684,
    1.916593074798584,
    1.7456369400024414,
    1.7300610542297363,
    1.833266019821167,
    1.7296421527862549
  ],
  "expvals": [
    -0.014534077607095242,
    -1.0048019305486378e-08,
    -0.0006972108385525644,
    0.03570909425616264,
    -0.019809534773230553,
    1.3552527156068805e-17,
    -0.00022410308883991092,
    -0.012104446068406105,
    -0.011750980280339718,
    0.0016554002650082111
  ],
  "magic_gates": [],
  "median_time": 1.738927960395813,
  "mad_time": 0.01655399799346924,
  "input_arguments": {
    "backend": "qibotn",
    "max_bond_dim": 64,
    "replacement_probability": 0.5,
    "nqubits": 12,
    "nlayers": 3,
    "nruns": 10,
    "rng_seed": 42,
    "set_initial_state": true,
    "platform": "quimb",
    "dry_run_discarded": true
  }
}
