{
  "measured_observable": "ZXZXZXZXZX",
  "times": [
    0.01895904541015625,
    0.018053054809570312,
    0.024940013885498047,
    0.016885995864868164,
    0.02154088020324707,
    0.02127838134765625,
    0.016427040100097656,
    0.00867319107055664,
    0.016206026077270508,
    0.021439075469970703
  ],
  "expvals": [
    0.00016814939351906508,
    3.0940093879167864e-19,
    0.032034759292489445,
    -0.15299169620014472,
    4.538284201438084e-06,
    6.883888343447422e-05,
    0.008873479220123711,
    0.0,
    1.3911541508990876e-30,
    0.12325266446888686
  ],
  "magic_gates": [
    6,
    6,
    8,
    5,
    7,
    7,
    5,
    2,
    5,
    7
  ],
  "median_time": 0.01850605010986328,
  "mad_time": 0.002536177635192871,
  "ave_magic_gates": 5.8,
  "input_arguments": {
    "backend": "mpstab",
    "max_bond_dim": 16,
    "replacement_probability": 0.75,
    "nqubits": 10,
    "nlayers": 3,
    "nruns": 10,
    "rng_seed": 42,
    "set_initial_state": true,
    "platform": "None",
    "dry_run_discarded": true
  }
}
