{
  "measured_observable": "ZXZXZXZXZXZX",
  "times": [
    1.9199821949005127,
    1.7634449005126953,
    1.762373924255371,
    1.7782752513885498,
    1.5938377380371094,
    1.591599941253662,
    1.782142162322998,
    1.8321590423583984,
    1.7620501518249512,
    1.5882561206817627
  ],
  "expvals": [
    2.3396108794347843e-17,
    6.301925127571995e-19,
    2.1933071136202853e-17,
    9.950366023148203e-17,
    -2.1163626406917047e-16,
    -3.63207727782644e-18,
    -2.0643209364124004e-16,
    4.611821105080096e-21,
    4.573977915173222e-19,
    -5.421010862427522e-19
  ],
  "magic_gates": [],
  "median_time": 1.7629094123840332,
  "mad_time": 0.04424118995666504,
  "input_arguments": {
    "backend": "qibotn",
    "max_bond_dim": 16,
    "replacement_probability": 0.0,
    "nqubits": 12,
    "nlayers": 3,
    "nruns": 10,
    "rng_seed": 42,
    "set_initial_state": true,
    "platform": "quimb",
    "dry_run_discarded": true
  }
}
