{
  "measured_observable": "ZXZXZXZXZXZX",
  "times": [
    0.032929182052612305,
    0.02217578887939453,
    0.019576072692871094,
    0.03479719161987305,
    0.01882314682006836,
    0.02577376365661621,
    0.021410226821899414,
    0.02575516700744629,
    0.03311300277709961,
    0.015972137451171875
  ],
  "expvals": [
    1.6382978778071157e-18,
    3.009265538105056e-36,
    -3.566885157008189e-22,
    1.3893881267858328e-32,
    -1.0934763093460874e-67,
    0.14338643527609995,
    0.011321232432324106,
    2.433903714687738e-33,
    0.0,
    0.0036677004902537043
  ],
  "magic_gates": [
    9,
    6,
    5,
    10,
    5,
    7,
    6,
    7,
    3,
    4
  ],
  "median_time": 0.02396547794342041,
  "mad_time": 0.004765868186950684,
  "ave_magic_gates": 6.2,
  "input_arguments": {
    "backend": "mpstab",
    "max_bond_dim": 8,
    "replacement_probability": 0.75,
    "nqubits": 12,
    "nlayers": 3,
    "nruns": 10,
    "rng_seed": 42,
    "set_initial_state": true,
    "platform": "None",
    "dry_run_discarded": true
  }
}
