{
  "measured_observable": "ZXZXZXZX",
  "times": [
    0.002897977828979492,
    0.002596139907836914,
    0.002553224563598633,
    0.002521038055419922,
    0.002880096435546875,
    0.0025420188903808594,
    0.002527952194213867,
    0.0025298595428466797,
    0.002482891082763672,
    0.002518177032470703
  ],
  "expvals": [
    0.06190853983728752,
    0.0,
    -1.2957949615696666e-36,
    6.132994969364938e-38,
    -0.0188417964695616,
    -8.647506723811684e-35,
    0.0,
    0.0,
    -0.013979350644128663,
    -0.0019691381583570875
  ],
  "magic_gates": [
    0,
    0,
    0,
    0,
    0,
    0,
    0,
    0,
    0,
    0
  ],
  "median_time": 0.0025359392166137695,
  "mad_time": 1.7523765563964844e-05,
  "ave_magic_gates": 0.0,
  "input_arguments": {
    "backend": "mpstab",
    "max_bond_dim": 4,
    "replacement_probability": 0.0,
    "nqubits": 8,
    "nlayers": 3,
    "nruns": 10,
    "rng_seed": 42,
    "set_initial_state": true,
    "platform": "None",
    "dry_run_discarded": true
  }
}
