{
  "measured_observable": "ZXZXZXZXZXZX",
  "times": [
    0.03180694580078125,
    0.022317171096801758,
    0.01959514617919922,
    0.03431987762451172,
    0.018812179565429688,
    0.02540302276611328,
    0.021224021911621094,
    0.025469303131103516,
    0.03334689140319824,
    0.01593613624572754
  ],
  "expvals": [
    8.335802215155833e-19,
    0.0,
    -1.4898127861927722e-22,
    -3.883161305326651e-33,
    -1.0934763093460874e-67,
    0.2224750732524676,
    0.009706266248456807,
    2.2822376955008572e-07,
    -5.664141151196266e-97,
    0.003965916982638104
  ],
  "magic_gates": [
    9,
    6,
    5,
    10,
    5,
    7,
    6,
    7,
    3,
    4
  ],
  "median_time": 0.02386009693145752,
  "mad_time": 0.004656434059143066,
  "ave_magic_gates": 6.2,
  "input_arguments": {
    "backend": "mpstab",
    "max_bond_dim": 4,
    "replacement_probability": 0.75,
    "nqubits": 12,
    "nlayers": 3,
    "nruns": 10,
    "rng_seed": 42,
    "set_initial_state": true,
    "platform": "None",
    "dry_run_discarded": true
  }
}
