{
  "measured_observable": "ZXZXZXZXZXZXZXZXZXZXZXZXZ",
  "times": [
    0.09200620651245117,
    0.0898439884185791,
    0.0898289680480957,
    0.09078025817871094,
    0.0908663272857666,
    0.09206914901733398,
    0.08999347686767578,
    0.09008336067199707,
    0.09005188941955566,
    0.21477150917053223
  ],
  "expvals": [
    -1.737038157172254e-07,
    1.5502381242634794e-06,
    -0.0001677455018571071,
    -4.9421600768550115e-05,
    -4.643567486040152e-05,
    -0.0010035603327287466,
    -9.518282539547107e-09,
    -1.1721416744600023e-05,
    1.3922830467430287e-05,
    0.0003904375928874071
  ],
  "magic_gates": [],
  "median_time": 0.090431809425354,
  "mad_time": 0.0005130767822265625,
  "input_arguments": {
    "backend": "qibotn",
    "max_bond_dim": 8,
    "replacement_probability": 0.0,
    "nqubits": 25,
    "nlayers": 3,
    "nruns": 10,
    "rng_seed": 42,
    "set_initial_state": true,
    "platform": "quimb",
    "dry_run_discarded": true
  }
}