{
  "measured_observable": "ZXZXZXZXZXZXZXZXZXZXZXZXZXZXZXZXZXZXZXZXZXZXZ",
  "times": [
    0.15548300743103027,
    0.26497483253479004,
    0.15494441986083984,
    0.15454721450805664,
    0.15662622451782227,
    0.2769935131072998,
    0.15298724174499512,
    0.15237855911254883,
    0.15380001068115234,
    0.15340042114257812
  ],
  "expvals": [
    7.694581572783759e-10,
    -8.183990957884163e-09,
    3.5940135509053484e-12,
    1.9791401574091458e-11,
    -3.37223495970157e-12,
    3.8958779636141634e-10,
    -1.0759654241013168e-09,
    -4.284592835812147e-09,
    5.397169414437651e-13,
    8.35148167282188e-09
  ],
  "magic_gates": [],
  "median_time": 0.15474581718444824,
  "mad_time": 0.001551985740661621,
  "input_arguments": {
    "backend": "qibotn",
    "max_bond_dim": 4,
    "replacement_probability": 0.0,
    "nqubits": 45,
    "nlayers": 3,
    "nruns": 10,
    "rng_seed": 42,
    "set_initial_state": true,
    "platform": "quimb",
    "dry_run_discarded": true
  }
}