{
  "measured_observable": "ZXZXZXZXZX",
  "times": [
    0.039582014083862305,
    0.03855013847351074,
    0.03801083564758301,
    0.03837084770202637,
    0.03771066665649414,
    0.0382537841796875,
    0.03795218467712402,
    0.03812575340270996,
    0.03776097297668457,
    0.03786325454711914
  ],
  "expvals": [
    -0.020154066383838654,
    0.0289614200592041,
    -0.04180144518613815,
    -0.0017271358519792557,
    -0.0026703285984694958,
    -0.005511807277798653,
    0.001363445888273418,
    0.0046446179039776325,
    -0.0010479839984327555,
    0.057898540049791336
  ],
  "magic_gates": [],
  "median_time": 0.038068294525146484,
  "mad_time": 0.0002537965774536133,
  "input_arguments": {
    "backend": "qibotn",
    "max_bond_dim": 16,
    "replacement_probability": 0.99,
    "nqubits": 10,
    "nlayers": 3,
    "nruns": 10,
    "rng_seed": 42,
    "set_initial_state": true,
    "platform": "quimb",
    "dry_run_discarded": true
  }
}
