{
  "measured_observable": "ZXZXZX",
  "times": [
    0.008069038391113281,
    0.007700920104980469,
    0.009198904037475586,
    0.010475873947143555,
    0.006443977355957031,
    0.004824161529541016,
    0.007528066635131836,
    0.011662960052490234,
    0.010579109191894531,
    0.007708311080932617
  ],
  "expvals": [
    -0.1173330765585268,
    -0.00642558784016818,
    -0.012380540918698432,
    0.17795585846746126,
    0.07689517007292748,
    0.0,
    -3.47180938692931e-16,
    2.2489806649309857e-17,
    2.074068222997593e-34,
    0.053735178598757934
  ],
  "magic_gates": [
    4,
    4,
    5,
    6,
    3,
    2,
    4,
    7,
    6,
    4
  ],
  "median_time": 0.00788867473602295,
  "mad_time": 0.0013774633407592773,
  "ave_magic_gates": 4.5,
  "input_arguments": {
    "backend": "mpstab",
    "max_bond_dim": 8,
    "replacement_probability": 0.5,
    "nqubits": 6,
    "nlayers": 3,
    "nruns": 10,
    "rng_seed": 42,
    "set_initial_state": true,
    "platform": "None",
    "dry_run_discarded": true
  }
}
