{
  "measured_observable": "ZXZXZXZXZXZXZXZXZXZX",
  "times": [
    1.606109380722046,
    1.5803630352020264,
    1.5989105701446533,
    1.668898105621338,
    1.636559247970581,
    1.597461223602295,
    1.6181797981262207,
    1.6756834983825684,
    1.628833532333374,
    1.6068987846374512
  ],
  "expvals": [
    0.00018696516756264882,
    -0.0015174477897933114,
    -7.250132494780768e-07,
    -0.0004308239092935489,
    6.285873450926605e-05,
    0.0010486607030489186,
    3.1405239732038706e-05,
    0.00038007119423409967,
    -0.000342812946202321,
    0.0004922911104319296
  ],
  "magic_gates": [
    60,
    60,
    60,
    60,
    60,
    60,
    60,
    60,
    60,
    60
  ],
  "median_time": 1.612539291381836,
  "mad_time": 0.01568615436553955,
  "ave_magic_gates": 60.0,
  "input_arguments": {
    "backend": "mpstab",
    "max_bond_dim": 16,
    "replacement_probability": 0.0,
    "nqubits": 20,
    "nlayers": 3,
    "nruns": 10,
    "rng_seed": 42,
    "set_initial_state": true,
    "platform": "None",
    "dry_run_discarded": true
  }
}