{
  "measured_observable": "ZXZXZXZXZXZXZXZXZXZXZXZXZXZXZX",
  "times": [
    0.1167459487915039,
    0.2644460201263428,
    0.11064839363098145,
    0.11222696304321289,
    0.11363554000854492,
    0.11289334297180176,
    0.11077761650085449,
    0.1095588207244873,
    0.11200237274169922,
    0.2473452091217041
  ],
  "expvals": [
    -9.260984905213354e-07,
    -5.3063643176046553e-08,
    -1.2981472647494703e-07,
    -1.0203520918632964e-07,
    -4.7158076583742664e-08,
    -5.200068484950094e-08,
    9.630141501434741e-06,
    3.37267092387016e-06,
    -2.574364878101396e-07,
    3.966337327359414e-06
  ],
  "magic_gates": [],
  "median_time": 0.11256015300750732,
  "mad_time": 0.0018471479415893555,
  "input_arguments": {
    "backend": "qibotn",
    "max_bond_dim": 8,
    "replacement_probability": 0.0,
    "nqubits": 30,
    "nlayers": 3,
    "nruns": 10,
    "rng_seed": 42,
    "set_initial_state": true,
    "platform": "quimb",
    "dry_run_discarded": true
  }
}