{
  "measured_observable": "ZXZXZXZXZXZXZXZXZXZXZXZXZ",
  "times": [
    0.10304403305053711,
    0.1016995906829834,
    0.10172057151794434,
    0.10147643089294434,
    0.10135579109191895,
    0.10290980339050293,
    0.10381412506103516,
    0.10369277000427246,
    0.276641845703125,
    0.10389447212219238
  ],
  "expvals": [
    -1.7370381571722962e-07,
    1.5502381242634806e-06,
    -0.00016774550185710672,
    -4.942160076854996e-05,
    -4.643567486040132e-05,
    -0.0010035603327287464,
    -9.51828253954623e-09,
    -1.1721416744600002e-05,
    1.3922830467430369e-05,
    0.00039043759288740767
  ],
  "magic_gates": [],
  "median_time": 0.10297691822052002,
  "mad_time": 0.0010869503021240234,
  "input_arguments": {
    "backend": "qibotn",
    "max_bond_dim": 4,
    "replacement_probability": 0.0,
    "nqubits": 25,
    "nlayers": 3,
    "nruns": 10,
    "rng_seed": 42,
    "set_initial_state": true,
    "platform": "quimb",
    "dry_run_discarded": true
  }
}