{
  "measured_observable": "ZXZXZXZX",
  "times": [
    0.012867927551269531,
    0.01151275634765625,
    0.006666898727416992,
    0.010838031768798828,
    0.008760929107666016,
    0.00811910629272461,
    0.020689964294433594,
    0.010418891906738281,
    0.011031150817871094,
    0.012218952178955078
  ],
  "expvals": [
    0.0021224514143361527,
    -0.05139314253610178,
    -6.478974807848332e-37,
    5.163741014555908e-05,
    -0.01626495008313933,
    3.0209762081109407e-17,
    0.000826088572665694,
    -6.660191478387231e-18,
    0.01201926786341225,
    7.178187211517359e-05
  ],
  "magic_gates": [
    5,
    4,
    2,
    4,
    3,
    3,
    9,
    4,
    4,
    5
  ],
  "median_time": 0.010934591293334961,
  "mad_time": 0.0016088485717773438,
  "ave_magic_gates": 4.3,
  "input_arguments": {
    "backend": "mpstab",
    "max_bond_dim": 16,
    "replacement_probability": 0.75,
    "nqubits": 8,
    "nlayers": 3,
    "nruns": 10,
    "rng_seed": 42,
    "set_initial_state": true,
    "platform": "None",
    "dry_run_discarded": true
  }
}
