{
  "measured_observable": "ZXZXZXZXZXZX",
  "times": [
    0.004790067672729492,
    0.008132696151733398,
    0.010211944580078125,
    0.004379987716674805,
    0.004377841949462891,
    0.004319190979003906,
    0.004378795623779297,
    0.004731893539428711,
    0.004263162612915039,
    0.007456064224243164
  ],
  "expvals": [
    0.0,
    0.0,
    0.0,
    0.0,
    0.0,
    -0.09527007922127827,
    0.018122402309014542,
    0.0,
    0.0,
    -0.007998361453060054
  ],
  "magic_gates": [
    0,
    1,
    2,
    0,
    0,
    0,
    0,
    0,
    0,
    1
  ],
  "median_time": 0.004555940628051758,
  "mad_time": 0.00023543834686279297,
  "ave_magic_gates": 0.4,
  "input_arguments": {
    "backend": "mpstab",
    "max_bond_dim": 2,
    "replacement_probability": 0.99,
    "nqubits": 12,
    "nlayers": 3,
    "nruns": 10,
    "rng_seed": 42,
    "set_initial_state": true,
    "platform": "None",
    "dry_run_discarded": true
  }
}
