{
  "measured_observable": "ZXZXZXZXZXZX",
  "times": [
    0.004675865173339844,
    0.00804591178894043,
    0.010174036026000977,
    0.004408836364746094,
    0.004316091537475586,
    0.0043027400970458984,
    0.004394054412841797,
    0.00469517707824707,
    0.0042989253997802734,
    0.007517099380493164
  ],
  "expvals": [
    0.0,
    0.0,
    0.0,
    0.0,
    0.0,
    -0.09527007922127827,
    0.018122402309014542,
    0.0,
    0.0,
    -0.007998361453060054
  ],
  "magic_gates": [
    0,
    1,
    2,
    0,
    0,
    0,
    0,
    0,
    0,
    1
  ],
  "median_time": 0.004542350769042969,
  "mad_time": 0.00023293495178222656,
  "ave_magic_gates": 0.4,
  "input_arguments": {
    "backend": "mpstab",
    "max_bond_dim": 4,
    "replacement_probability": 0.99,
    "nqubits": 12,
    "nlayers": 3,
    "nruns": 10,
    "rng_seed": 42,
    "set_initial_state": true,
    "platform": "None",
    "dry_run_discarded": true
  }
}
