{
  "measured_observable": "ZXZXZXZXZXZXZXZXZXZXZXZXZXZXZXZXZXZXZXZXZXZXZXZXZXZXZXZ",
  "times": [
    0.2027904987335205,
    0.1805737018585205,
    0.18132972717285156,
    0.2913832664489746,
    0.18084287643432617,
    0.1856238842010498,
    0.3011939525604248,
    0.18047690391540527,
    0.18068695068359375,
    0.18174409866333008
  ],
  "expvals": [
    5.563869780316495e-10,
    4.6340991999316835e-11,
    -2.554799573944417e-10,
    -1.4992773662459333e-10,
    5.0667014165343284e-11,
    9.21260694046141e-14,
    3.028758565447379e-10,
    2.9171243538327756e-10,
    1.4067019098029206e-08,
    -1.808796104097644e-10
  ],
  "magic_gates": [],
  "median_time": 0.18153691291809082,
  "mad_time": 0.0010116100311279297,
  "input_arguments": {
    "backend": "qibotn",
    "max_bond_dim": 128,
    "replacement_probability": 0.0,
    "nqubits": 55,
    "nlayers": 3,
    "nruns": 10,
    "rng_seed": 42,
    "set_initial_state": true,
    "platform": "quimb",
    "dry_run_discarded": true
  }
}