{
  "measured_observable": "ZXZXZXZXZXZXZXZXZXZXZXZXZXZXZXZXZXZXZXZXZXZXZXZXZXZXZXZXZXZXZXZXZ",
  "times": [
    11.821041345596313,
    11.54640793800354,
    11.775685548782349,
    11.921933650970459,
    11.971146821975708,
    11.954292297363281,
    12.096665143966675,
    11.944916248321533,
    12.234890460968018,
    11.98620319366455
  ],
  "expvals": [
    -2.4037366906460243e-23,
    -1.7880173258473933e-21,
    -2.336140959059384e-27,
    3.7453938871648355e-27,
    1.9714004074157417e-16,
    -5.2902408602371815e-21,
    -9.229035129722767e-19,
    -2.4879480238156868e-21,
    -5.999506597382123e-27,
    7.193307134295289e-18
  ],
  "magic_gates": [
    195,
    195,
    195,
    195,
    195,
    195,
    195,
    195,
    195,
    195
  ],
  "median_time": 11.949604272842407,
  "mad_time": 0.08258092403411865,
  "ave_magic_gates": 195.0,
  "input_arguments": {
    "backend": "mpstab",
    "max_bond_dim": 4,
    "replacement_probability": 0.0,
    "nqubits": 65,
    "nlayers": 3,
    "nruns": 10,
    "rng_seed": 42,
    "set_initial_state": true,
    "platform": "None",
    "dry_run_discarded": true
  }
}