{
  "measured_observable": "ZXZXZXZXZXZX",
  "times": [
    1.5847420692443848,
    1.5764217376708984,
    1.566641092300415,
    1.5614850521087646,
    1.553339958190918,
    1.5497252941131592,
    1.5673739910125732,
    1.5575590133666992,
    1.5663528442382812,
    1.572571039199829,
    1.5618500709533691,
    1.5668799877166748,
    1.5764517784118652,
    1.5616810321807861,
    1.5653469562530518,
    1.561676025390625,
    1.569136142730713,
    1.5643620491027832,
    1.5774011611938477,
    1.558473825454712
  ],
  "expvals": [
    0.0006746588042005897,
    0.012690559029579163,
    -0.0051451981998980045,
    -0.006081124301999807,
    -0.02646457590162754,
    -0.0007946050027385354,
    -0.0019094510935246944,
    0.007156758569180965,
    -0.004389811307191849,
    -0.05026169866323471,
    -0.0008035616483539343,
    0.0019947923719882965,
    -0.01951570063829422,
    0.04239438474178314,
    0.0034030212555080652,
    -0.0859847143292427,
    0.022687898948788643,
    -0.015506353229284286,
    -0.0010634592035785317,
    0.014661059714853764
  ],
  "magic_gates": [],
  "median_time": 1.5658499002456665,
  "mad_time": 0.00426936149597168,
  "input_arguments": {
    "backend": "qibotn",
    "max_bond_dim": 8,
    "replacement_probability": 0.75,
    "nqubits": 12,
    "nlayers": 4,
    "nruns": 20,
    "rng_seed": 42,
    "set_initial_state": true,
    "platform": "quimb",
    "dry_run_discarded": true
  }
}
