{
  "measured_observable": "ZXZXZXZXZXZX",
  "times": [
    1.7228758335113525,
    1.731274127960205,
    1.9253971576690674,
    1.728285312652588,
    1.7265169620513916,
    1.721332311630249,
    1.731332778930664,
    1.7917821407318115,
    1.7274162769317627,
    1.722532033920288
  ],
  "expvals": [
    -0.0018490422517061234,
    0.00361332087777555,
    0.0008056834922172129,
    1.5456657221496473e-17,
    0.07298381626605988,
    0.00020860663789790124,
    6.819600821472704e-05,
    0.0010709466878324747,
    0.00010891308193095028,
    -0.0001585420686751604
  ],
  "magic_gates": [],
  "median_time": 1.7278507947921753,
  "mad_time": 0.004228472709655762,
  "input_arguments": {
    "backend": "qibotn",
    "max_bond_dim": 32,
    "replacement_probability": 0.5,
    "nqubits": 12,
    "nlayers": 3,
    "nruns": 10,
    "rng_seed": 42,
    "set_initial_state": true,
    "platform": "quimb",
    "dry_run_discarded": true
  }
}
