{
  "measured_observable": "ZXZXZXZXZXZXZXZXZXZX",
  "times": [
    0.16775059700012207,
    0.15032339096069336,
    0.14996862411499023,
    0.15030670166015625,
    0.14993810653686523,
    0.1502974033355713,
    0.14912176132202148,
    0.14842581748962402,
    0.1615004539489746,
    0.16904187202453613
  ],
  "expvals": [
    4.1089168643110326e-05,
    -7.754745104846453e-06,
    0.0008138195273926541,
    -8.507175355367764e-06,
    0.0008478127972813805,
    -0.0011330492956602412,
    -2.8809520687795677e-05,
    9.340548538299347e-05,
    -0.00010201825370383498,
    -0.0015280170407654793
  ],
  "magic_gates": [],
  "median_time": 0.15030205249786377,
  "mad_time": 0.0007721185684204102,
  "input_arguments": {
    "backend": "qibotn",
    "max_bond_dim": 8,
    "replacement_probability": 0.0,
    "nqubits": 20,
    "nlayers": 3,
    "nruns": 10,
    "rng_seed": 42,
    "set_initial_state": true,
    "platform": "quimb",
    "dry_run_discarded": true
  }
}