{
  "measured_observable": "ZXZXZXZX",
  "times": [
    0.015811920166015625,
    0.0095367431640625,
    0.007829904556274414,
    0.008184671401977539,
    0.007464885711669922,
    0.007700920104980469,
    0.007622957229614258,
    0.008768081665039062,
    0.008729934692382812,
    0.0076007843017578125
  ],
  "expvals": [
    -0.23901143670082092,
    0.00029875259497202933,
    -0.0003378682886250317,
    0.000961659534368664,
    0.02553507499396801,
    0.0013710757484659553,
    -1.755204732641416e-16,
    -0.00017881950770970434,
    -0.014913680963218212,
    0.0007390998071059585
  ],
  "magic_gates": [],
  "median_time": 0.008007287979125977,
  "mad_time": 0.0004744529724121094,
  "input_arguments": {
    "backend": "qibotn",
    "max_bond_dim": 8,
    "replacement_probability": 0.25,
    "nqubits": 8,
    "nlayers": 3,
    "nruns": 10,
    "rng_seed": 42,
    "set_initial_state": true,
    "platform": "quimb",
    "dry_run_discarded": true
  }
}
