{
  "measured_observable": "ZXZXZXZXZXZXZXZXZXZXZXZXZXZXZXZXZXZ",
  "times": [
    0.13223052024841309,
    0.12971210479736328,
    0.13132596015930176,
    0.1317276954650879,
    0.27146100997924805,
    0.13018798828125,
    0.13094568252563477,
    0.12960362434387207,
    0.13126015663146973,
    0.1301572322845459
  ],
  "expvals": [
    -5.9926025879914675e-06,
    1.4742247592388976e-08,
    -4.054670766528006e-07,
    -3.523145874229874e-07,
    -4.0422904179971675e-06,
    2.1335101744230737e-08,
    5.323662761278124e-10,
    0.00023452933915655143,
    2.209890588784476e-09,
    6.7658078894227794e-09
  ],
  "magic_gates": [],
  "median_time": 0.13110291957855225,
  "mad_time": 0.0009303092956542969,
  "input_arguments": {
    "backend": "qibotn",
    "max_bond_dim": 64,
    "replacement_probability": 0.0,
    "nqubits": 35,
    "nlayers": 3,
    "nruns": 10,
    "rng_seed": 42,
    "set_initial_state": true,
    "platform": "quimb",
    "dry_run_discarded": true
  }
}