{
  "measured_observable": "ZXZXZXZXZXZXZXZXZXZXZXZXZXZXZX",
  "times": [
    0.16229486465454102,
    0.3329048156738281,
    0.1609189510345459,
    0.18959689140319824,
    0.16075348854064941,
    0.1602168083190918,
    0.16288137435913086,
    0.1645960807800293,
    0.1631178855895996,
    0.16306614875793457
  ],
  "expvals": [
    -9.260984905213309e-07,
    -5.306364317604711e-08,
    -1.2981472647494817e-07,
    -1.0203520918632993e-07,
    -4.715807658374244e-08,
    -5.2000684849501e-08,
    9.63014150143474e-06,
    3.3726709238701493e-06,
    -2.5743648781014177e-07,
    3.966337327359394e-06
  ],
  "magic_gates": [],
  "median_time": 0.16297376155853271,
  "mad_time": 0.0018385648727416992,
  "input_arguments": {
    "backend": "qibotn",
    "max_bond_dim": 512,
    "replacement_probability": 0.0,
    "nqubits": 30,
    "nlayers": 3,
    "nruns": 10,
    "rng_seed": 42,
    "set_initial_state": true,
    "platform": "quimb",
    "dry_run_discarded": true
  }
}