{
  "measured_observable": "ZXZXZXZXZXZX",
  "times": [
    1.8032786846160889,
    1.7684581279754639,
    1.8248000144958496,
    1.8252511024475098,
    1.7774107456207275,
    1.816606044769287,
    1.7996490001678467,
    1.778670072555542,
    1.8244311809539795,
    1.8492939472198486
  ],
  "expvals": [
    -0.01028154045343399,
    -0.00027457819669507444,
    0.009260009042918682,
    0.016032593324780464,
    -0.03057907335460186,
    0.00025421485770493746,
    -0.004700326826423407,
    -0.02736070193350315,
    -0.007181328255683184,
    0.007406905759125948
  ],
  "magic_gates": [],
  "median_time": 1.809942364692688,
  "mad_time": 0.0150831937789917,
  "input_arguments": {
    "backend": "qibotn",
    "max_bond_dim": 64,
    "replacement_probability": 0.75,
    "nqubits": 12,
    "nlayers": 3,
    "nruns": 10,
    "rng_seed": 42,
    "set_initial_state": true,
    "platform": "quimb",
    "dry_run_discarded": true
  }
}
