{
  "measured_observable": "ZXZXZXZXZXZXZXZXZXZX",
  "times": [
    0.35162997245788574,
    0.4598388671875,
    0.476715087890625,
    1.139078140258789,
    0.45315098762512207,
    0.36566615104675293,
    0.615886926651001,
    0.501166820526123,
    0.30458712577819824,
    1.447972059249878
  ],
  "expvals": [
    -1.2426234051948531e-20,
    2.5463255939842023e-19,
    -1.4144280115092892e-08,
    -1.6560074646581006e-11,
    0.0003651203376971477,
    -0.0001651707419958335,
    2.4152298490735134e-23,
    -1.8602651398021314e-21,
    0.0,
    -3.0974949555459733e-06
  ],
  "magic_gates": [
    16,
    21,
    22,
    24,
    23,
    19,
    18,
    17,
    17,
    26
  ],
  "median_time": 0.4682769775390625,
  "mad_time": 0.10962891578674316,
  "ave_magic_gates": 20.3,
  "input_arguments": {
    "max_bond_dim": 64,
    "replacement_probability": 0.75,
    "nqubits": 20,
    "nlayers": 4,
    "nruns": 10,
    "rng_seed": 42,
    "set_initial_state": true
  }
}
