{
  "measured_observable": "ZXZXZXZXZXZX",
  "times": [
    0.03461480140686035,
    0.02190399169921875,
    0.019942045211791992,
    0.03486013412475586,
    0.018674135208129883,
    0.027942895889282227,
    0.02334904670715332,
    0.02581310272216797,
    0.033602237701416016,
    0.016048908233642578
  ],
  "expvals": [
    1.7073121613826153e-18,
    3.009265538105056e-36,
    -3.566885157008189e-22,
    1.316054871644285e-32,
    -1.0934763093460874e-67,
    0.12259500911170507,
    0.011321232432324106,
    2.433903714687738e-33,
    0.0,
    0.0036677004902537043
  ],
  "magic_gates": [
    9,
    6,
    5,
    10,
    5,
    7,
    6,
    7,
    3,
    4
  ],
  "median_time": 0.024581074714660645,
  "mad_time": 0.005272984504699707,
  "ave_magic_gates": 6.2,
  "input_arguments": {
    "backend": "mpstab",
    "max_bond_dim": 32,
    "replacement_probability": 0.75,
    "nqubits": 12,
    "nlayers": 3,
    "nruns": 10,
    "rng_seed": 42,
    "set_initial_state": true,
    "platform": "None",
    "dry_run_discarded": true
  }
}
