{
  "measured_observable": "ZXZXZXZXZX",
  "times": [
    0.018864870071411133,
    0.01770305633544922,
    0.023801803588867188,
    0.016502857208251953,
    0.021249055862426758,
    0.020739078521728516,
    0.016210079193115234,
    0.008563995361328125,
    0.016026020050048828,
    0.020894765853881836
  ],
  "expvals": [
    0.00016814939351906508,
    -8.76017665033317e-33,
    0.028732876852554105,
    -0.12979760312323332,
    -1.238389705366074e-05,
    -0.0007549697321882255,
    0.011876590409127816,
    0.0,
    -1.3150372388447337e-32,
    0.036262317379877736
  ],
  "magic_gates": [
    6,
    6,
    8,
    5,
    7,
    7,
    5,
    2,
    5,
    7
  ],
  "median_time": 0.018283963203430176,
  "mad_time": 0.0023565292358398438,
  "ave_magic_gates": 5.8,
  "input_arguments": {
    "backend": "mpstab",
    "max_bond_dim": 4,
    "replacement_probability": 0.75,
    "nqubits": 10,
    "nlayers": 3,
    "nruns": 10,
    "rng_seed": 42,
    "set_initial_state": true,
    "platform": "None",
    "dry_run_discarded": true
  }
}
