{
  "measured_observable": "ZXZXZXZXZX",
  "times": [
    0.44358396530151367,
    0.4419822692871094,
    0.5309088230133057,
    0.44371938705444336,
    0.44820070266723633,
    0.44478821754455566,
    0.44672179222106934,
    0.4446272850036621,
    0.4457557201385498,
    0.44655632972717285
  ],
  "expvals": [
    0.005932821674066266,
    -0.013169038726715293,
    -0.0058643749840474844,
    -0.0031167517492584947,
    0.0063368583012751705,
    0.011397971374044103,
    0.04234560731661269,
    -0.024430480202038078,
    -0.0006048180571840329,
    -0.016042660100286814
  ],
  "magic_gates": [
    50,
    50,
    50,
    50,
    50,
    50,
    50,
    50,
    50,
    50
  ],
  "median_time": 0.44527196884155273,
  "mad_time": 0.0015012025833129883,
  "ave_magic_gates": 50.0,
  "input_arguments": {
    "backend": "mpstab",
    "max_bond_dim": 8,
    "replacement_probability": 0.0,
    "nqubits": 10,
    "nlayers": 5,
    "nruns": 10,
    "rng_seed": 42,
    "set_initial_state": true,
    "platform": "None",
    "dry_run_discarded": true
  }
}