{
  "measured_observable": "ZXZXZXZX",
  "times": [
    0.01009678840637207,
    0.012739896774291992,
    0.012098073959350586,
    0.015898942947387695,
    0.006404876708984375,
    0.010493040084838867,
    0.01029205322265625,
    0.012266874313354492,
    0.008058309555053711,
    0.024950027465820312
  ],
  "expvals": [
    0.008054103247348019,
    -2.277968166348209e-16,
    6.561067322102854e-35,
    3.8332427834714145e-18,
    -0.004685949397933786,
    0.04409929512713175,
    -1.832792804888308e-35,
    -0.038681124514700384,
    -0.013459831874733057,
    -0.0048457369116319884
  ],
  "magic_gates": [
    4,
    5,
    5,
    7,
    2,
    4,
    4,
    5,
    3,
    11
  ],
  "median_time": 0.011295557022094727,
  "mad_time": 0.001321554183959961,
  "ave_magic_gates": 5.0,
  "input_arguments": {
    "backend": "mpstab",
    "max_bond_dim": 16,
    "replacement_probability": 0.25,
    "nqubits": 8,
    "nlayers": 3,
    "nruns": 10,
    "rng_seed": 42,
    "set_initial_state": true,
    "platform": "None",
    "dry_run_discarded": true
  }
}
