{
  "measured_observable": "ZXZXZXZXZXZX",
  "times": [
    0.004666328430175781,
    0.008205175399780273,
    0.010336875915527344,
    0.004384040832519531,
    0.0043718814849853516,
    0.004261016845703125,
    0.004291057586669922,
    0.004853010177612305,
    0.00436091423034668,
    0.007595062255859375
  ],
  "expvals": [
    0.0,
    0.0,
    0.0,
    0.0,
    0.0,
    -0.09527007922127827,
    0.018122402309014542,
    0.0,
    0.0,
    -0.007998361453060054
  ],
  "magic_gates": [
    0,
    1,
    2,
    0,
    0,
    0,
    0,
    0,
    0,
    1
  ],
  "median_time": 0.004525184631347656,
  "mad_time": 0.0002491474151611328,
  "ave_magic_gates": 0.4,
  "input_arguments": {
    "backend": "mpstab",
    "max_bond_dim": 32,
    "replacement_probability": 0.99,
    "nqubits": 12,
    "nlayers": 3,
    "nruns": 10,
    "rng_seed": 42,
    "set_initial_state": true,
    "platform": "None",
    "dry_run_discarded": true
  }
}
