{
  "measured_observable": "ZXZXZXZXZXZXZXZ",
  "times": [
    0.09511184692382812,
    0.10879993438720703,
    0.11553573608398438,
    0.10134410858154297,
    0.15871405601501465,
    0.09241199493408203,
    0.0695347785949707,
    0.1345980167388916,
    0.074951171875,
    0.09445905685424805
  ],
  "expvals": [
    -4.432720749385052e-19,
    -0.0038342638870096073,
    0.0007064806350758609,
    -7.612308517869493e-10,
    -0.00013958447617992332,
    7.830045312232224e-05,
    0.0003324308230477493,
    0.00017618433500006558,
    -4.72324998924196e-05,
    -3.839252326169228e-06
  ],
  "magic_gates": [
    15,
    21,
    20,
    18,
    29,
    17,
    13,
    23,
    14,
    16
  ],
  "median_time": 0.09822797775268555,
  "mad_time": 0.013939857482910156,
  "ave_magic_gates": 18.6,
  "input_arguments": {
    "max_bond_dim": 16,
    "replacement_probability": 0.75,
    "nqubits": 15,
    "nlayers": 5,
    "nruns": 10,
    "rng_seed": 42,
    "set_initial_state": true
  }
}
