{
  "measured_observable": "ZXZXZXZX",
  "times": [
    0.012869834899902344,
    0.007952690124511719,
    0.008188962936401367,
    0.009525060653686523,
    0.012410879135131836,
    0.035053253173828125,
    0.008157968521118164,
    0.008971929550170898,
    0.007469892501831055,
    0.008720874786376953
  ],
  "expvals": [
    -0.23106153309345245,
    1.463672932855431e-17,
    -0.0012914577964693308,
    2.095749246887324e-15,
    8.836247705756861e-18,
    2.5413698923060224e-16,
    -1.4365678785432934e-17,
    -0.006683953572064638,
    -2.5267395157245725e-16,
    7.566375911233214e-17
  ],
  "magic_gates": [],
  "median_time": 0.008846402168273926,
  "mad_time": 0.0007910728454589844,
  "input_arguments": {
    "backend": "qibotn",
    "max_bond_dim": 16,
    "replacement_probability": 0.0,
    "nqubits": 8,
    "nlayers": 3,
    "nruns": 10,
    "rng_seed": 42,
    "set_initial_state": true,
    "platform": "quimb",
    "dry_run_discarded": true
  }
}
