{
  "measured_observable": "ZXZXZXZXZXZXZXZXZXZXZXZXZXZXZXZXZXZXZXZXZXZXZXZXZXZXZXZXZXZX",
  "times": [
    0.32008934020996094,
    0.19477295875549316,
    0.19710445404052734,
    0.19413375854492188,
    0.30750513076782227,
    0.19403862953186035,
    0.19393205642700195,
    0.3089942932128906,
    0.19469499588012695,
    0.19414567947387695
  ],
  "expvals": [
    -2.715223326532563e-10,
    -6.882276109569183e-11,
    8.034853340854257e-13,
    -1.8894758765253853e-10,
    -1.2629856628089687e-10,
    -4.99809137219549e-12,
    2.261248506362487e-11,
    4.9670030157159755e-12,
    -3.421245589169607e-14,
    1.2576746664317265e-10
  ],
  "magic_gates": [],
  "median_time": 0.19473397731781006,
  "mad_time": 0.0007486343383789062,
  "input_arguments": {
    "backend": "qibotn",
    "max_bond_dim": 16,
    "replacement_probability": 0.0,
    "nqubits": 60,
    "nlayers": 3,
    "nruns": 10,
    "rng_seed": 42,
    "set_initial_state": true,
    "platform": "quimb",
    "dry_run_discarded": true
  }
}