{
  "measured_observable": "ZXZXZXZXZXZXZXZXZXZXZXZXZXZXZXZXZXZXZXZXZXZXZXZXZXZXZXZXZXZXZXZXZXZXZXZXZXZ",
  "times": [
    0.2487177848815918,
    0.2477884292602539,
    0.38147473335266113,
    0.24862122535705566,
    0.24853897094726562,
    0.3723306655883789,
    0.25868868827819824,
    0.4315047264099121,
    0.25594186782836914,
    0.25068068504333496
  ],
  "expvals": [
    -2.240172132963682e-13,
    6.41678849329595e-14,
    4.983329613951037e-17,
    -9.413178422936847e-17,
    -9.739429962208294e-20,
    3.3335894163878177e-16,
    1.0256524663059232e-16,
    4.639107438950764e-16,
    -3.789095867852556e-14,
    1.1702864865476978e-14
  ],
  "magic_gates": [],
  "median_time": 0.25331127643585205,
  "mad_time": 0.005074858665466309,
  "input_arguments": {
    "backend": "qibotn",
    "max_bond_dim": 64,
    "replacement_probability": 0.0,
    "nqubits": 75,
    "nlayers": 3,
    "nruns": 10,
    "rng_seed": 42,
    "set_initial_state": true,
    "platform": "quimb",
    "dry_run_discarded": true
  }
}