{
  "measured_observable": "ZXZXZXZXZXZXZXZXZXZXZXZXZXZXZXZXZXZXZXZXZXZXZXZXZXZXZXZXZXZX",
  "times": [
    10.694287300109863,
    10.185864210128784,
    10.284845352172852,
    10.177810668945312,
    10.243837594985962,
    10.166664123535156,
    10.07211685180664,
    10.206261157989502,
    10.022369384765625,
    10.358922719955444
  ],
  "expvals": [
    -8.296547088650979e-22,
    -6.586266265373127e-23,
    -1.099716642984416e-19,
    -1.234929428316575e-17,
    1.7285592430906477e-15,
    1.7037706451710853e-19,
    1.555023077057785e-23,
    2.6163733690075178e-21,
    1.3742150313926076e-25,
    -9.984354965991308e-17
  ],
  "magic_gates": [
    180,
    180,
    180,
    180,
    180,
    180,
    180,
    180,
    180,
    180
  ],
  "median_time": 10.196062684059143,
  "mad_time": 0.06827878952026367,
  "ave_magic_gates": 180.0,
  "input_arguments": {
    "backend": "mpstab",
    "max_bond_dim": 8,
    "replacement_probability": 0.0,
    "nqubits": 60,
    "nlayers": 3,
    "nruns": 10,
    "rng_seed": 42,
    "set_initial_state": true,
    "platform": "None",
    "dry_run_discarded": true
  }
}