{
  "measured_observable": "ZXZXZXZXZXZXZXZXZXZXZXZXZXZXZXZXZXZXZXZX",
  "times": [
    0.1475968360900879,
    0.13881921768188477,
    0.25449633598327637,
    0.13924384117126465,
    0.13872408866882324,
    0.13843870162963867,
    0.1411285400390625,
    0.25032567977905273,
    0.13878560066223145,
    0.13889646530151367
  ],
  "expvals": [
    -1.1494352966669753e-10,
    -1.1208726116351213e-09,
    2.0167891238321045e-08,
    -4.54516460641901e-07,
    -5.676469965983879e-09,
    -3.9775895640783494e-07,
    -2.1003065425416988e-10,
    -1.0424225746036653e-07,
    2.5548392031309336e-06,
    -1.2431513360344895e-07
  ],
  "magic_gates": [],
  "median_time": 0.13907015323638916,
  "mad_time": 0.0004887580871582031,
  "input_arguments": {
    "backend": "qibotn",
    "max_bond_dim": 512,
    "replacement_probability": 0.0,
    "nqubits": 40,
    "nlayers": 3,
    "nruns": 10,
    "rng_seed": 42,
    "set_initial_state": true,
    "platform": "quimb",
    "dry_run_discarded": true
  }
}