{
  "measured_observable": "ZXZXZXZXZX",
  "times": [
    0.01814413070678711,
    0.02753901481628418,
    0.020792007446289062,
    0.01601719856262207,
    0.02289104461669922,
    0.02787303924560547,
    0.022668123245239258,
    0.017210960388183594,
    0.04723000526428223,
    0.027134180068969727
  ],
  "expvals": [
    0.0006436529536955832,
    -2.3651101278183396e-32,
    2.1628489780542482e-05,
    -0.010537527069670084,
    -6.588336708936648e-05,
    -8.391100153782007e-36,
    -0.005543596963571571,
    1.6851887013388314e-34,
    1.295339261513624e-34,
    0.002822809179888502
  ],
  "magic_gates": [
    6,
    10,
    7,
    5,
    8,
    10,
    8,
    6,
    10,
    10
  ],
  "median_time": 0.02277958393096924,
  "mad_time": 0.004697442054748535,
  "ave_magic_gates": 8.0,
  "input_arguments": {
    "backend": "mpstab",
    "max_bond_dim": 2,
    "replacement_probability": 0.5,
    "nqubits": 10,
    "nlayers": 3,
    "nruns": 10,
    "rng_seed": 42,
    "set_initial_state": true,
    "platform": "None",
    "dry_run_discarded": true
  }
}
