{
  "measured_observable": "ZXZXZXZXZXZX",
  "times": [
    1.9235680103302002,
    1.7469539642333984,
    1.7503008842468262,
    1.7378439903259277,
    1.5657689571380615,
    1.828084945678711,
    1.747859001159668,
    1.7650320529937744,
    2.0092642307281494,
    1.9235329627990723
  ],
  "expvals": [
    -0.11113941669464111,
    0.002566748298704624,
    0.03519739583134651,
    0.0126336719840765,
    0.005281741730868816,
    3.785761509789154e-05,
    0.002257756656035781,
    -0.01375378668308258,
    -0.005531641189008951,
    0.0072391340509057045
  ],
  "magic_gates": [],
  "median_time": 1.7576664686203003,
  "mad_time": 0.0451204776763916,
  "input_arguments": {
    "backend": "qibotn",
    "max_bond_dim": 32,
    "replacement_probability": 0.75,
    "nqubits": 12,
    "nlayers": 3,
    "nruns": 10,
    "rng_seed": 42,
    "set_initial_state": true,
    "platform": "quimb",
    "dry_run_discarded": true
  }
}
