{
  "measured_observable": "ZXZXZXZXZXZXZXZXZXZXZXZXZXZXZXZXZXZXZXZXZXZXZXZXZXZXZXZXZXZX",
  "times": [
    0.3081216812133789,
    0.194718599319458,
    0.19499945640563965,
    0.19491243362426758,
    0.3041656017303467,
    0.19532060623168945,
    0.19479703903198242,
    0.3043978214263916,
    0.20591139793395996,
    0.19658112525939941
  ],
  "expvals": [
    -2.7152233265325584e-10,
    -6.882276109569223e-11,
    8.034853340854239e-13,
    -1.8894758765253982e-10,
    -1.2629856628089754e-10,
    -4.998091372195464e-12,
    2.261248506362489e-11,
    4.967003015715931e-12,
    -3.4212455891695885e-14,
    1.2576746664317219e-10
  ],
  "magic_gates": [],
  "median_time": 0.19595086574554443,
  "mad_time": 0.0011930465698242188,
  "input_arguments": {
    "backend": "qibotn",
    "max_bond_dim": 8,
    "replacement_probability": 0.0,
    "nqubits": 60,
    "nlayers": 3,
    "nruns": 10,
    "rng_seed": 42,
    "set_initial_state": true,
    "platform": "quimb",
    "dry_run_discarded": true
  }
}