{
  "measured_observable": "ZXZXZXZXZXZXZXZXZXZXZXZXZXZXZXZXZXZXZXZXZXZXZXZXZXZXZXZXZXZXZXZXZXZXZX",
  "times": [
    0.47329187393188477,
    0.596522331237793,
    0.45038747787475586,
    0.45128679275512695,
    0.5829184055328369,
    0.45219898223876953,
    0.6076211929321289,
    0.45122480392456055,
    0.4960041046142578,
    0.5894882678985596
  ],
  "expvals": [
    -1.2747338707162873e-14,
    1.630377179519478e-14,
    -1.6935650961019024e-14,
    6.410910901121453e-15,
    5.281410564772714e-16,
    -1.4958118354567077e-16,
    4.001399346631882e-13,
    9.312650228792527e-16,
    -3.726047270510215e-12,
    5.509979390161709e-17
  ],
  "magic_gates": [],
  "median_time": 0.4846479892730713,
  "mad_time": 0.033841848373413086,
  "input_arguments": {
    "backend": "qibotn",
    "max_bond_dim": 128,
    "replacement_probability": 0.0,
    "nqubits": 70,
    "nlayers": 3,
    "nruns": 10,
    "rng_seed": 42,
    "set_initial_state": true,
    "platform": "quimb",
    "dry_run_discarded": true
  }
}