{
  "measured_observable": "ZXZXZXZXZXZXZXZXZXZXZXZXZXZXZXZXZXZXZXZXZXZXZXZXZXZXZXZXZXZXZXZXZXZXZXZXZXZXZXZX",
  "times": [
    0.4477651119232178,
    0.26706480979919434,
    0.4124107360839844,
    0.26719069480895996,
    0.26846814155578613,
    0.3984684944152832,
    0.2730371952056885,
    0.39159154891967773,
    0.26404690742492676,
    0.2619967460632324
  ],
  "expvals": [
    1.2900771898703906e-16,
    -3.2798903795988906e-17,
    -1.2423974935610154e-18,
    1.8211143343099744e-18,
    1.8559217321890815e-16,
    -1.2774225255568697e-19,
    -6.080599936793572e-19,
    -9.209956547850132e-17,
    1.4013793507922373e-18,
    4.4277612094528e-15
  ],
  "magic_gates": [],
  "median_time": 0.2707526683807373,
  "mad_time": 0.007730841636657715,
  "input_arguments": {
    "backend": "qibotn",
    "max_bond_dim": 1024,
    "replacement_probability": 0.0,
    "nqubits": 80,
    "nlayers": 3,
    "nruns": 10,
    "rng_seed": 42,
    "set_initial_state": true,
    "platform": "quimb",
    "dry_run_discarded": true
  }
}