{
  "measured_observable": "ZXZXZXZXZXZXZXZXZXZXZXZXZXZXZXZXZXZXZXZXZXZXZXZXZXZXZXZXZXZXZXZXZXZXZXZXZXZXZXZX",
  "times": [
    0.6648328304290771,
    0.8364443778991699,
    0.6551229953765869,
    0.6470112800598145,
    0.8344435691833496,
    0.6461827754974365,
    0.8258404731750488,
    0.6524090766906738,
    0.853184700012207,
    0.6915185451507568
  ],
  "expvals": [
    1.2900771898704278e-16,
    -3.2798903795989036e-17,
    -1.2423974935608993e-18,
    1.8211143343098912e-18,
    1.855921732189054e-16,
    -1.27742252555633e-19,
    -6.080599936793594e-19,
    -9.209956547849819e-17,
    1.4013793507922286e-18,
    4.4277612094528324e-15
  ],
  "magic_gates": [],
  "median_time": 0.678175687789917,
  "mad_time": 0.031578660011291504,
  "input_arguments": {
    "backend": "qibotn",
    "max_bond_dim": 16,
    "replacement_probability": 0.0,
    "nqubits": 80,
    "nlayers": 3,
    "nruns": 10,
    "rng_seed": 42,
    "set_initial_state": true,
    "platform": "quimb",
    "dry_run_discarded": true
  }
}