{
  "measured_observable": "ZXZXZXZXZX",
  "times": [
    0.0061969757080078125,
    0.005918025970458984,
    0.00632023811340332,
    0.003638029098510742,
    0.003694772720336914,
    0.0036880970001220703,
    0.003592967987060547,
    0.006139993667602539,
    0.003648996353149414,
    0.0036630630493164062
  ],
  "expvals": [
    0.0,
    -3.516229389648801e-31,
    -0.007675723120878845,
    0.0,
    0.0,
    0.0,
    0.016091212539421355,
    1.304817537322352e-32,
    0.0,
    0.012584251210595934
  ],
  "magic_gates": [
    1,
    1,
    1,
    0,
    0,
    0,
    0,
    1,
    0,
    0
  ],
  "median_time": 0.003691434860229492,
  "mad_time": 7.593631744384766e-05,
  "ave_magic_gates": 0.4,
  "input_arguments": {
    "backend": "mpstab",
    "max_bond_dim": 16,
    "replacement_probability": 0.99,
    "nqubits": 10,
    "nlayers": 3,
    "nruns": 10,
    "rng_seed": 42,
    "set_initial_state": true,
    "platform": "None",
    "dry_run_discarded": true
  }
}
