{
  "measured_observable": "ZXZXZXZX",
  "times": [
    0.012620925903320312,
    0.010936975479125977,
    0.006539821624755859,
    0.010563850402832031,
    0.008350849151611328,
    0.008278846740722656,
    0.020153284072875977,
    0.010178089141845703,
    0.01075291633605957,
    0.012041091918945312
  ],
  "expvals": [
    0.001191481284557881,
    -0.015705173481384047,
    -6.478974807848332e-37,
    2.6858942578451705e-05,
    -0.01626495008313933,
    3.0209762081109407e-17,
    0.0020024335590959285,
    -6.660191478387231e-18,
    0.008817746266688131,
    7.178187211517359e-05
  ],
  "magic_gates": [
    5,
    4,
    2,
    4,
    3,
    3,
    9,
    4,
    4,
    5
  ],
  "median_time": 0.0106583833694458,
  "mad_time": 0.0016726255416870117,
  "ave_magic_gates": 4.3,
  "input_arguments": {
    "backend": "mpstab",
    "max_bond_dim": 4,
    "replacement_probability": 0.75,
    "nqubits": 8,
    "nlayers": 3,
    "nruns": 10,
    "rng_seed": 42,
    "set_initial_state": true,
    "platform": "None",
    "dry_run_discarded": true
  }
}
