{
  "measured_observable": "ZXZXZXZXZXZX",
  "times": [
    0.01937079429626465,
    0.02497100830078125,
    0.01875591278076172,
    0.03464174270629883,
    0.021925926208496094,
    0.022574901580810547,
    0.04862499237060547,
    0.034243106842041016,
    0.031278133392333984,
    0.01947021484375
  ],
  "expvals": [
    0.0,
    -0.007650630025236094,
    0.0,
    3.2562034899348513e-09,
    -9.428282855225698e-32,
    -0.08466545717916371,
    -0.010104046560653444,
    -9.217174095348343e-07,
    0.0066384238859344856,
    1.092484275837963e-20
  ],
  "magic_gates": [
    5,
    7,
    5,
    10,
    6,
    6,
    15,
    3,
    9,
    5
  ],
  "median_time": 0.0237729549407959,
  "mad_time": 0.004709601402282715,
  "ave_magic_gates": 7.1,
  "input_arguments": {
    "backend": "mpstab",
    "max_bond_dim": 4,
    "replacement_probability": 0.25,
    "nqubits": 12,
    "nlayers": 3,
    "nruns": 10,
    "rng_seed": 42,
    "set_initial_state": true,
    "platform": "None",
    "dry_run_discarded": true
  }
}
