{
  "measured_observable": "ZXZXZXZXZXZXZXZXZXZXZXZXZXZXZXZXZXZXZXZXZXZXZXZXZXZXZXZXZXZXZXZXZXZXZXZXZXZXZXZX",
  "times": [
    29.25751042366028,
    29.553173303604126,
    28.4350802898407,
    29.124082803726196,
    29.3519389629364,
    28.827356815338135,
    29.37741756439209,
    29.73994207382202,
    29.36677622795105,
    29.339070081710815
  ],
  "expvals": [
    -3.419443936134676e-27,
    -3.891288728992776e-21,
    -1.0017672263224874e-27,
    -8.106691273349578e-24,
    -1.8080199765878546e-16,
    -3.101349050191283e-29,
    -2.1627794655660874e-28,
    2.7925550935536265e-26,
    2.4913063358642513e-22,
    1.3071468589633536e-23
  ],
  "magic_gates": [
    240,
    240,
    240,
    240,
    240,
    240,
    240,
    240,
    240,
    240
  ],
  "median_time": 29.34550452232361,
  "mad_time": 0.14783143997192383,
  "ave_magic_gates": 240.0,
  "input_arguments": {
    "backend": "mpstab",
    "max_bond_dim": 16,
    "replacement_probability": 0.0,
    "nqubits": 80,
    "nlayers": 3,
    "nruns": 10,
    "rng_seed": 42,
    "set_initial_state": true,
    "platform": "None",
    "dry_run_discarded": true
  }
}