{
  "measured_observable": "ZXZXZX",
  "times": [
    0.0019860267639160156,
    0.002233743667602539,
    0.0018951892852783203,
    0.0018548965454101562,
    0.0018391609191894531,
    0.002370119094848633,
    0.0018699169158935547,
    0.0018107891082763672,
    0.001837015151977539,
    0.0018570423126220703
  ],
  "expvals": [
    0.0,
    -0.004048344818964848,
    0.0,
    0.6272922424007298,
    0.07908645320362662,
    0.0,
    0.0,
    0.0,
    5.343470192570732e-36,
    0.0
  ],
  "magic_gates": [
    0,
    0,
    0,
    0,
    0,
    0,
    0,
    0,
    0,
    0
  ],
  "median_time": 0.0018634796142578125,
  "mad_time": 2.9087066650390625e-05,
  "ave_magic_gates": 0.0,
  "input_arguments": {
    "backend": "mpstab",
    "max_bond_dim": 8,
    "replacement_probability": 0.0,
    "nqubits": 6,
    "nlayers": 3,
    "nruns": 10,
    "rng_seed": 42,
    "set_initial_state": true,
    "platform": "None",
    "dry_run_discarded": true
  }
}
