{
  "measured_observable": "ZXZXZXZX",
  "times": [
    0.005321025848388672,
    0.002808094024658203,
    0.0029227733612060547,
    0.005067110061645508,
    0.0029637813568115234,
    0.002897977828979492,
    0.0029349327087402344,
    0.002924203872680664,
    0.002916097640991211,
    0.005124092102050781
  ],
  "expvals": [
    0.06190853983728772,
    0.0,
    -1.2957949615696666e-36,
    -1.825330911517447e-18,
    -0.0188417964695616,
    -8.647506723811684e-35,
    0.0,
    0.0,
    -0.013979350644128663,
    -0.004366270208441864
  ],
  "magic_gates": [
    1,
    0,
    0,
    1,
    0,
    0,
    0,
    0,
    0,
    1
  ],
  "median_time": 0.0029295682907104492,
  "mad_time": 3.2901763916015625e-05,
  "ave_magic_gates": 0.3,
  "input_arguments": {
    "backend": "mpstab",
    "max_bond_dim": 16,
    "replacement_probability": 0.99,
    "nqubits": 8,
    "nlayers": 3,
    "nruns": 10,
    "rng_seed": 42,
    "set_initial_state": true,
    "platform": "None",
    "dry_run_discarded": true
  }
}
