{
  "measured_observable": "ZXZXZXZXZX",
  "times": [
    0.08298730850219727,
    0.06575703620910645,
    0.06596636772155762,
    0.06562590599060059,
    0.06597542762756348,
    0.06571292877197266,
    0.06540918350219727,
    0.06572771072387695,
    0.06539130210876465,
    0.06574559211730957
  ],
  "expvals": [
    -0.0028471471258736765,
    0.05138802706662377,
    0.015812533256010012,
    -0.024024776980507673,
    0.006729372449298386,
    -0.003036766091699088,
    0.01485214233444387,
    -0.030901580094161808,
    -0.20952914908284662,
    -0.019267925242297933
  ],
  "magic_gates": [],
  "median_time": 0.06573665142059326,
  "mad_time": 0.00017023086547851562,
  "input_arguments": {
    "backend": "qibotn",
    "max_bond_dim": 32,
    "replacement_probability": 0.0,
    "nqubits": 10,
    "nlayers": 5,
    "nruns": 10,
    "rng_seed": 42,
    "set_initial_state": true,
    "platform": "quimb",
    "dry_run_discarded": true
  }
}