{
  "measured_observable": "ZXZXZXZXZXZX",
  "times": [
    2.0102272033691406,
    1.7458009719848633,
    1.7537829875946045,
    1.9128708839416504,
    1.7531452178955078,
    1.569153070449829,
    1.5491321086883545,
    1.5685250759124756,
    1.897003173828125,
    1.7328050136566162
  ],
  "expvals": [
    -0.035172492265701294,
    0.01832648552954197,
    0.023194726556539536,
    0.0031921605113893747,
    0.0021741639357060194,
    -0.002259929897263646,
    0.00691297696903348,
    -0.0125543512403965,
    -0.002193201333284378,
    0.002353774383664131
  ],
  "magic_gates": [],
  "median_time": 1.7494730949401855,
  "mad_time": 0.15546393394470215,
  "input_arguments": {
    "backend": "qibotn",
    "max_bond_dim": 32,
    "replacement_probability": 0.99,
    "nqubits": 12,
    "nlayers": 3,
    "nruns": 10,
    "rng_seed": 42,
    "set_initial_state": true,
    "platform": "quimb",
    "dry_run_discarded": true
  }
}
