{
  "measured_observable": "ZXZXZXZXZXZXZXZXZXZXZXZXZXZXZXZXZXZXZXZX",
  "times": [
    4.597338676452637,
    4.736805438995361,
    4.376100540161133,
    4.405657529830933,
    4.636725425720215,
    4.389223575592041,
    4.411427736282349,
    4.442366600036621,
    4.88712739944458,
    4.582870960235596
  ],
  "expvals": [
    3.484494611211877e-12,
    -4.027955939526309e-12,
    4.194250288360102e-22,
    9.730027289672788e-18,
    -3.5417756895183096e-12,
    -2.3620353985147486e-17,
    1.926523837542859e-19,
    -5.817312208230274e-12,
    8.181706036539506e-13,
    -6.006436725835732e-10
  ],
  "magic_gates": [
    120,
    120,
    120,
    120,
    120,
    120,
    120,
    120,
    120,
    120
  ],
  "median_time": 4.512618780136108,
  "mad_time": 0.11517822742462158,
  "ave_magic_gates": 120.0,
  "input_arguments": {
    "backend": "mpstab",
    "max_bond_dim": 4,
    "replacement_probability": 0.0,
    "nqubits": 40,
    "nlayers": 3,
    "nruns": 10,
    "rng_seed": 42,
    "set_initial_state": true,
    "platform": "None",
    "dry_run_discarded": true
  }
}