{
  "measured_observable": "ZXZXZXZXZXZXZXZXZXZXZXZXZXZXZXZXZXZXZXZXZXZXZXZXZX",
  "times": [
    0.3581085205078125,
    0.3522820472717285,
    0.4802818298339844,
    0.35166335105895996,
    0.3511970043182373,
    0.4829988479614258,
    0.3533766269683838,
    0.3540823459625244,
    0.36405038833618164,
    0.3535280227661133
  ],
  "expvals": [
    1.7218051080045065e-11,
    3.029400532130927e-11,
    -1.7924195062440022e-11,
    4.1459657931154757e-10,
    -1.0279573760183831e-10,
    -6.947411763446329e-13,
    4.5403284656984915e-10,
    -2.0166726531611495e-12,
    -2.1753137274325597e-11,
    -5.441103176043696e-10
  ],
  "magic_gates": [],
  "median_time": 0.35380518436431885,
  "mad_time": 0.002375006675720215,
  "input_arguments": {
    "backend": "qibotn",
    "max_bond_dim": 16,
    "replacement_probability": 0.0,
    "nqubits": 50,
    "nlayers": 3,
    "nruns": 10,
    "rng_seed": 42,
    "set_initial_state": true,
    "platform": "quimb",
    "dry_run_discarded": true
  }
}