{
  "measured_observable": "ZXZXZXZXZXZXZXZXZXZXZXZXZXZXZXZXZXZXZXZXZXZXZXZXZXZXZXZXZXZXZXZXZXZXZXZXZXZXZXZXZXZXZXZXZX",
  "times": [
    24.647772550582886,
    24.616201400756836,
    24.5089111328125,
    24.766059398651123,
    24.387243270874023,
    24.375538110733032,
    24.179264307022095,
    24.785447597503662,
    24.56185030937195,
    24.936240434646606
  ],
  "expvals": [
    1.5038591992444e-32,
    -1.349184685352096e-32,
    -6.263799712125581e-35,
    -5.85988759634514e-23,
    4.1560420559706304e-30,
    2.3522065231361307e-31,
    3.4977554535042615e-31,
    -1.811473690163854e-26,
    2.6942368249943428e-37,
    -5.625706988409758e-31
  ],
  "magic_gates": [
    270,
    270,
    270,
    270,
    270,
    270,
    270,
    270,
    270,
    270
  ],
  "median_time": 24.589025855064392,
  "mad_time": 0.1867276430130005,
  "ave_magic_gates": 270.0,
  "input_arguments": {
    "backend": "mpstab",
    "max_bond_dim": 8,
    "replacement_probability": 0.0,
    "nqubits": 90,
    "nlayers": 3,
    "nruns": 10,
    "rng_seed": 42,
    "set_initial_state": true,
    "platform": "None",
    "dry_run_discarded": true
  }
}