{
  "measured_observable": "ZXZXZXZXZXZXZXZXZXZXZXZXZXZXZXZXZXZXZXZXZXZXZXZXZX",
  "times": [
    0.36789703369140625,
    0.18123984336853027,
    0.17419815063476562,
    0.1776902675628662,
    0.3672664165496826,
    0.17534232139587402,
    0.17824721336364746,
    0.18225812911987305,
    0.36383700370788574,
    0.1748957633972168
  ],
  "expvals": [
    1.7218051080044916e-11,
    3.0294005321309105e-11,
    -1.7924195062439612e-11,
    4.1459657931154653e-10,
    -1.0279573760184013e-10,
    -6.947411763446409e-13,
    4.5403284656985014e-10,
    -2.0166726531611394e-12,
    -2.175313727432374e-11,
    -5.441103176043582e-10
  ],
  "magic_gates": [],
  "median_time": 0.17974352836608887,
  "mad_time": 0.004624485969543457,
  "input_arguments": {
    "backend": "qibotn",
    "max_bond_dim": 64,
    "replacement_probability": 0.0,
    "nqubits": 50,
    "nlayers": 3,
    "nruns": 10,
    "rng_seed": 42,
    "set_initial_state": true,
    "platform": "quimb",
    "dry_run_discarded": true
  }
}