{
  "measured_observable": "ZXZXZXZXZXZXZXZXZXZXZXZXZXZXZX",
  "times": [
    0.11662435531616211,
    0.2647674083709717,
    0.11127710342407227,
    0.11181330680847168,
    0.11190271377563477,
    0.1121056079864502,
    0.11234045028686523,
    0.1096189022064209,
    0.11037087440490723,
    0.11004018783569336
  ],
  "expvals": [
    -9.260984905213419e-07,
    -5.3063643176046646e-08,
    -1.298147264749503e-07,
    -1.0203520918633918e-07,
    -4.715807658374262e-08,
    -5.2000684849500356e-08,
    9.630141501434757e-06,
    3.3726709238701637e-06,
    -2.574364878101392e-07,
    3.966337327359432e-06
  ],
  "magic_gates": [],
  "median_time": 0.11185801029205322,
  "mad_time": 0.0010340213775634766,
  "input_arguments": {
    "backend": "qibotn",
    "max_bond_dim": 4,
    "replacement_probability": 0.0,
    "nqubits": 30,
    "nlayers": 3,
    "nruns": 10,
    "rng_seed": 42,
    "set_initial_state": true,
    "platform": "quimb",
    "dry_run_discarded": true
  }
}