{
  "measured_observable": "ZXZXZXZX",
  "times": [
    0.00863790512084961,
    0.007915973663330078,
    0.007838964462280273,
    0.008160114288330078,
    0.007883071899414062,
    0.007871866226196289,
    0.008167028427124023,
    0.007544040679931641,
    0.009118318557739258,
    0.00919795036315918
  ],
  "expvals": [
    0.01608295738697052,
    -0.25565844774246216,
    -0.16188763082027435,
    0.003992843441665173,
    0.03285332769155502,
    -0.006711289286613464,
    -0.0007098191999830306,
    -0.005588218104094267,
    0.0025338141713291407,
    0.0016818273579701781
  ],
  "magic_gates": [],
  "median_time": 0.008038043975830078,
  "mad_time": 0.00018262863159179688,
  "input_arguments": {
    "backend": "qibotn",
    "max_bond_dim": 16,
    "replacement_probability": 0.75,
    "nqubits": 8,
    "nlayers": 3,
    "nruns": 10,
    "rng_seed": 42,
    "set_initial_state": true,
    "platform": "quimb",
    "dry_run_discarded": true
  }
}
