{
  "measured_observable": "ZXZXZXZXZXZXZXZ",
  "times": [
    11.804714679718018,
    10.290430784225464,
    11.24058198928833,
    10.78475832939148,
    10.445499420166016,
    10.15774130821228,
    11.210401058197021,
    10.91640019416809,
    13.219492673873901,
    13.923075437545776
  ],
  "expvals": [
    0.0029396996402144713,
    0.011059821249994412,
    -3.29210810437604e-05,
    -0.00015061166309593177,
    0.0009505115224297151,
    0.0005722494051084185,
    9.696201391190063e-05,
    0.017525262324701862,
    -3.9551858317082123e-05,
    -0.0012131821101028731
  ],
  "magic_gates": [
    45,
    45,
    45,
    45,
    45,
    45,
    45,
    45,
    45,
    45
  ],
  "median_time": 11.063400626182556,
  "mad_time": 0.679607629776001,
  "ave_magic_gates": 45.0,
  "input_arguments": {
    "backend": "mpstab",
    "max_bond_dim": 64,
    "replacement_probability": 0.0,
    "nqubits": 15,
    "nlayers": 3,
    "nruns": 10,
    "rng_seed": 42,
    "set_initial_state": true,
    "platform": "None",
    "dry_run_discarded": true
  }
}