{
  "measured_observable": "ZXZXZXZX",
  "times": [
    0.015877962112426758,
    0.009830236434936523,
    0.009627103805541992,
    0.009350061416625977,
    0.00797414779663086,
    0.00962686538696289,
    0.007671833038330078,
    0.009063959121704102,
    0.008908987045288086,
    0.009016752243041992
  ],
  "expvals": [
    -0.23901143670082092,
    0.00031908010714687407,
    -0.0003234448377043009,
    0.0009988498641178012,
    0.02553507499396801,
    -1.5016200088924236e-16,
    -1.755204732641416e-16,
    -0.00017881950770970434,
    -0.014913680963218212,
    0.0005976210813969374
  ],
  "magic_gates": [],
  "median_time": 0.009207010269165039,
  "mad_time": 0.00041997432708740234,
  "input_arguments": {
    "backend": "qibotn",
    "max_bond_dim": 16,
    "replacement_probability": 0.25,
    "nqubits": 8,
    "nlayers": 3,
    "nruns": 10,
    "rng_seed": 42,
    "set_initial_state": true,
    "platform": "quimb",
    "dry_run_discarded": true
  }
}
