{
  "measured_observable": "ZXZXZXZXZXZXZXZXZXZXZXZXZXZXZXZXZXZXZXZXZXZXZXZXZXZXZXZXZXZX",
  "times": [
    16.154035329818726,
    16.43856692314148,
    16.068645477294922,
    16.18604564666748,
    16.250068426132202,
    16.06501340866089,
    16.24625873565674,
    16.335083484649658,
    15.892453908920288,
    16.39461374282837
  ],
  "expvals": [
    -9.769518788509982e-17,
    5.2352308094817236e-18,
    -4.456220868796583e-18,
    1.1798207473017606e-15,
    -1.9652385191708495e-12,
    1.6646993270772703e-16,
    -1.911812472964852e-17,
    7.488274267421892e-18,
    -1.2411315044277844e-22,
    -4.892706139385755e-16
  ],
  "magic_gates": [
    180,
    180,
    180,
    180,
    180,
    180,
    180,
    180,
    180,
    180
  ],
  "median_time": 16.21615219116211,
  "mad_time": 0.13321900367736816,
  "ave_magic_gates": 180.0,
  "input_arguments": {
    "backend": "mpstab",
    "max_bond_dim": 16,
    "replacement_probability": 0.0,
    "nqubits": 60,
    "nlayers": 3,
    "nruns": 10,
    "rng_seed": 42,
    "set_initial_state": true,
    "platform": "None",
    "dry_run_discarded": true
  }
}