{
  "measured_observable": "ZXZXZXZXZXZXZXZ",
  "times": [
    0.09111690521240234,
    0.08104181289672852,
    0.08318781852722168,
    0.8276259899139404,
    0.22289586067199707,
    2.139630079269409,
    0.062172889709472656,
    0.11406493186950684,
    0.06711316108703613,
    0.18669486045837402
  ],
  "expvals": [
    1.8865117801247777e-17,
    -1.9239719202475746e-32,
    -2.6262790427248303e-20,
    -0.00964499286046427,
    -2.5988852137360635e-30,
    0.0275637448448962,
    7.225286556032444e-05,
    0.0044834822837515505,
    -0.0001628683825081506,
    0.009858665040139911
  ],
  "magic_gates": [
    14,
    17,
    17,
    20,
    19,
    29,
    14,
    17,
    13,
    25
  ],
  "median_time": 0.10259091854095459,
  "mad_time": 0.037947893142700195,
  "ave_magic_gates": 18.5,
  "input_arguments": {
    "max_bond_dim": null,
    "replacement_probability": 0.7,
    "nqubits": 15,
    "nlayers": 4,
    "nruns": 10,
    "rng_seed": 42,
    "set_initial_state": true
  }
}
