{
  "measured_observable": "ZXZXZX",
  "times": [
    0.009531021118164062,
    0.004911184310913086,
    0.0048601627349853516,
    0.004795074462890625,
    0.004808902740478516,
    0.0048220157623291016,
    0.004961967468261719,
    0.004842996597290039,
    0.008128166198730469,
    0.004930257797241211
  ],
  "expvals": [
    -0.0001894760353025049,
    -0.0005786816473118961,
    -0.001513980096206069,
    -0.0486009307205677,
    -0.01213296689093113,
    -0.002549945842474699,
    0.15494652092456818,
    -0.14035019278526306,
    0.000976340554188937,
    0.031099611893296242
  ],
  "magic_gates": [],
  "median_time": 0.004885673522949219,
  "mad_time": 6.99758529663086e-05,
  "input_arguments": {
    "backend": "qibotn",
    "max_bond_dim": 2,
    "replacement_probability": 0.75,
    "nqubits": 6,
    "nlayers": 3,
    "nruns": 10,
    "rng_seed": 42,
    "set_initial_state": true,
    "platform": "quimb",
    "dry_run_discarded": true
  }
}
