{
  "measured_observable": "ZXZXZXZX",
  "times": [
    0.008072137832641602,
    0.007599830627441406,
    0.0075757503509521484,
    0.007692098617553711,
    0.007415771484375,
    0.007415056228637695,
    0.007598876953125,
    0.007445812225341797,
    0.0076198577880859375,
    0.007207155227661133
  ],
  "expvals": [
    -0.16483944654464722,
    0.02138238400220871,
    -0.0002735792368184775,
    -0.0024370078463107347,
    0.0058879912830889225,
    -0.0017114024376496673,
    -0.0005921222036704421,
    -0.001893587177619338,
    -0.009135432541370392,
    -1.6325378965120763e-05
  ],
  "magic_gates": [],
  "median_time": 0.007587313652038574,
  "mad_time": 0.00012314319610595703,
  "input_arguments": {
    "backend": "qibotn",
    "max_bond_dim": 4,
    "replacement_probability": 0.5,
    "nqubits": 8,
    "nlayers": 3,
    "nruns": 10,
    "rng_seed": 42,
    "set_initial_state": true,
    "platform": "quimb",
    "dry_run_discarded": true
  }
}
