{
  "measured_observable": "ZXZXZXZXZXZXZXZXZXZXZXZXZXZXZXZXZXZXZXZXZXZXZXZXZXZXZXZXZXZXZXZXZXZXZXZXZXZXZXZXZXZXZXZXZX",
  "times": [
    23.382702350616455,
    23.202006340026855,
    23.35957670211792,
    24.04398012161255,
    23.120932817459106,
    23.133445978164673,
    23.20645260810852,
    23.868077039718628,
    23.093260049819946,
    23.091418504714966
  ],
  "expvals": [
    -8.829968500837718e-29,
    9.407224915197086e-37,
    -4.87812976135806e-35,
    -1.8421078622939677e-23,
    5.290982940660954e-32,
    -7.182803819312664e-37,
    9.818071836158375e-30,
    8.040849037294223e-27,
    -1.4031033594474688e-38,
    2.0620707146150378e-32
  ],
  "magic_gates": [
    270,
    270,
    270,
    270,
    270,
    270,
    270,
    270,
    270,
    270
  ],
  "median_time": 23.204229474067688,
  "mad_time": 0.11189019680023193,
  "ave_magic_gates": 270.0,
  "input_arguments": {
    "backend": "mpstab",
    "max_bond_dim": 4,
    "replacement_probability": 0.0,
    "nqubits": 90,
    "nlayers": 3,
    "nruns": 10,
    "rng_seed": 42,
    "set_initial_state": true,
    "platform": "None",
    "dry_run_discarded": true
  }
}