{
  "measured_observable": "ZXZX",
  "times": [
    0.0012149810791015625,
    0.0012459754943847656,
    0.0015430450439453125,
    0.0013360977172851562,
    0.0013120174407958984,
    0.0011742115020751953,
    0.001210927963256836,
    0.0011680126190185547,
    0.0011951923370361328,
    0.0011670589447021484
  ],
  "expvals": [
    -0.14975353785486492,
    0.7938736594524624,
    0.011379698856241571,
    0.7596236405735858,
    0.0,
    0.03875568460844847,
    0.16589904970477656,
    0.0,
    0.0,
    -0.5016791532993093
  ],
  "magic_gates": [
    0,
    0,
    0,
    0,
    0,
    0,
    0,
    0,
    0,
    0
  ],
  "median_time": 0.0012129545211791992,
  "mad_time": 4.184246063232422e-05,
  "ave_magic_gates": 0.0,
  "input_arguments": {
    "backend": "mpstab",
    "max_bond_dim": 2,
    "replacement_probability": 0.0,
    "nqubits": 4,
    "nlayers": 3,
    "nruns": 10,
    "rng_seed": 42,
    "set_initial_state": true,
    "platform": "None",
    "dry_run_discarded": true
  }
}
