{
  "measured_observable": "ZXZXZX",
  "times": [
    0.005471944808959961,
    0.005018949508666992,
    0.004975795745849609,
    0.0048198699951171875,
    0.004842042922973633,
    0.004992008209228516,
    0.004953861236572266,
    0.0048830509185791016,
    0.004951000213623047,
    0.005126953125
  ],
  "expvals": [
    -2.7085541660198942e-05,
    0.04203139245510101,
    0.014777974225580692,
    -0.03382020443677902,
    8.759498086874373e-07,
    0.004224872216582298,
    0.027659403160214424,
    -0.27034854888916016,
    0.00121072749607265,
    0.041912127286195755
  ],
  "magic_gates": [],
  "median_time": 0.0049648284912109375,
  "mad_time": 6.794929504394531e-05,
  "input_arguments": {
    "backend": "qibotn",
    "max_bond_dim": 4,
    "replacement_probability": 0.25,
    "nqubits": 6,
    "nlayers": 3,
    "nruns": 10,
    "rng_seed": 42,
    "set_initial_state": true,
    "platform": "quimb",
    "dry_run_discarded": true
  }
}
