{
  "measured_observable": "ZXZXZXZXZXZXZXZXZXZXZXZXZ",
  "times": [
    0.09193944931030273,
    0.09037661552429199,
    0.0901174545288086,
    0.0902714729309082,
    0.08954381942749023,
    0.08950591087341309,
    0.08895301818847656,
    0.08929085731506348,
    0.08985590934753418,
    0.23954081535339355
  ],
  "expvals": [
    -1.7370381571722522e-07,
    1.5502381242634804e-06,
    -0.00016774550185710656,
    -4.942160076854978e-05,
    -4.643567486040161e-05,
    -0.0010035603327287446,
    -9.518282539546945e-09,
    -1.1721416744600094e-05,
    1.3922830467430316e-05,
    0.00039043759288740767
  ],
  "magic_gates": [],
  "median_time": 0.08998668193817139,
  "mad_time": 0.00046181678771972656,
  "input_arguments": {
    "backend": "qibotn",
    "max_bond_dim": 32,
    "replacement_probability": 0.0,
    "nqubits": 25,
    "nlayers": 3,
    "nruns": 10,
    "rng_seed": 42,
    "set_initial_state": true,
    "platform": "quimb",
    "dry_run_discarded": true
  }
}