{
  "measured_observable": "ZXZXZXZXZXZX",
  "times": [
    0.0038928985595703125,
    0.0037720203399658203,
    0.0037729740142822266,
    0.003761768341064453,
    0.003717184066772461,
    0.003679037094116211,
    0.0036919116973876953,
    0.003702878952026367,
    0.003665924072265625,
    0.003648042678833008
  ],
  "expvals": [
    0.0,
    0.0,
    0.0,
    0.0,
    0.0,
    -0.09527007922127827,
    0.018122402309014542,
    0.0,
    0.0,
    0.0
  ],
  "magic_gates": [
    0,
    0,
    0,
    0,
    0,
    0,
    0,
    0,
    0,
    0
  ],
  "median_time": 0.003710031509399414,
  "mad_time": 4.792213439941406e-05,
  "ave_magic_gates": 0.0,
  "input_arguments": {
    "backend": "mpstab",
    "max_bond_dim": 16,
    "replacement_probability": 0.0,
    "nqubits": 12,
    "nlayers": 3,
    "nruns": 10,
    "rng_seed": 42,
    "set_initial_state": true,
    "platform": "None",
    "dry_run_discarded": true
  }
}
