{
  "measured_observable": "ZXZXZXZX",
  "times": [
    0.012594938278198242,
    0.011129140853881836,
    0.006615877151489258,
    0.010628938674926758,
    0.008580207824707031,
    0.008296012878417969,
    0.020161151885986328,
    0.010258913040161133,
    0.01090097427368164,
    0.012139081954956055
  ],
  "expvals": [
    0.0021224514143361527,
    -0.05139314253610178,
    -6.478974807848332e-37,
    5.163741014555908e-05,
    -0.01626495008313933,
    3.0209762081109407e-17,
    0.000826088572665694,
    -6.660191478387231e-18,
    0.01201926786341225,
    7.178187211517359e-05
  ],
  "magic_gates": [
    5,
    4,
    2,
    4,
    3,
    3,
    9,
    4,
    4,
    5
  ],
  "median_time": 0.0107649564743042,
  "mad_time": 0.0016020536422729492,
  "ave_magic_gates": 4.3,
  "input_arguments": {
    "backend": "mpstab",
    "max_bond_dim": 8,
    "replacement_probability": 0.75,
    "nqubits": 8,
    "nlayers": 3,
    "nruns": 10,
    "rng_seed": 42,
    "set_initial_state": true,
    "platform": "None",
    "dry_run_discarded": true
  }
}
