{
  "measured_observable": "ZXZXZXZXZXZX",
  "times": [
    1.5763988494873047,
    1.5611989498138428,
    1.573544979095459,
    1.5622899532318115,
    1.5679998397827148,
    1.5633668899536133,
    1.5688340663909912,
    1.5662329196929932,
    1.559858798980713,
    1.5583491325378418
  ],
  "expvals": [
    -0.0343569777905941,
    0.02624102495610714,
    0.025434721261262894,
    0.005981493275612593,
    0.008427278138697147,
    -0.00022205735149327666,
    -0.003716919105499983,
    -0.0005975526291877031,
    -0.0008127940236590803,
    0.0012742223916575313
  ],
  "magic_gates": [],
  "median_time": 1.5647999048233032,
  "mad_time": 0.0038175582885742188,
  "input_arguments": {
    "backend": "qibotn",
    "max_bond_dim": 4,
    "replacement_probability": 0.99,
    "nqubits": 12,
    "nlayers": 3,
    "nruns": 10,
    "rng_seed": 42,
    "set_initial_state": true,
    "platform": "quimb",
    "dry_run_discarded": true
  }
}
