{
  "measured_observable": "ZXZXZXZXZXZX",
  "times": [
    0.0038678646087646484,
    0.003793001174926758,
    0.0040111541748046875,
    0.0037031173706054688,
    0.00368499755859375,
    0.003676891326904297,
    0.0037250518798828125,
    0.003712892532348633,
    0.0040051937103271484,
    0.0036640167236328125
  ],
  "expvals": [
    0.0,
    0.0,
    0.0,
    0.0,
    0.0,
    -0.09527007922127827,
    0.018122402309014542,
    0.0,
    0.0,
    0.0
  ],
  "magic_gates": [
    0,
    0,
    0,
    0,
    0,
    0,
    0,
    0,
    0,
    0
  ],
  "median_time": 0.0037189722061157227,
  "mad_time": 4.851818084716797e-05,
  "ave_magic_gates": 0.0,
  "input_arguments": {
    "backend": "mpstab",
    "max_bond_dim": 2,
    "replacement_probability": 0.0,
    "nqubits": 12,
    "nlayers": 3,
    "nruns": 10,
    "rng_seed": 42,
    "set_initial_state": true,
    "platform": "None",
    "dry_run_discarded": true
  }
}
