{
  "measured_observable": "ZXZXZXZXZXZX",
  "times": [
    1.7572739124298096,
    1.588587999343872,
    1.5809900760650635,
    1.5817022323608398,
    1.5851390361785889,
    1.5955169200897217,
    1.5954511165618896,
    1.5945851802825928,
    1.5944209098815918,
    1.589582920074463
  ],
  "expvals": [
    -0.012395004741847515,
    -1.8427201767517304e-18,
    -0.0012334033381193876,
    -0.00010200501856161281,
    -0.00017861637752503157,
    0.0006465208134613931,
    0.0013342349557206035,
    -3.1486726470575377e-07,
    -1.4558680049958639e-05,
    2.3620093998033553e-05
  ],
  "magic_gates": [],
  "median_time": 1.5920019149780273,
  "mad_time": 0.0034821033477783203,
  "input_arguments": {
    "backend": "qibotn",
    "max_bond_dim": 4,
    "replacement_probability": 0.25,
    "nqubits": 12,
    "nlayers": 3,
    "nruns": 10,
    "rng_seed": 42,
    "set_initial_state": true,
    "platform": "quimb",
    "dry_run_discarded": true
  }
}
