{
  "measured_observable": "ZXZXZX",
  "times": [
    0.003963947296142578,
    0.006703853607177734,
    0.008729219436645508,
    0.003946065902709961,
    0.0038080215454101562,
    0.008323192596435547,
    0.00492405891418457,
    0.0063419342041015625,
    0.011761903762817383,
    0.010438203811645508
  ],
  "expvals": [
    8.552847072295026e-50,
    -0.0011278587219456532,
    -0.028028056110306954,
    0.6272922424007297,
    0.07801166147646785,
    0.45861937885139203,
    9.62964972193618e-35,
    1.5835832655478307e-18,
    -0.024941181187172985,
    1.7123437399972248e-07
  ],
  "magic_gates": [
    1,
    3,
    4,
    1,
    1,
    4,
    2,
    3,
    7,
    6
  ],
  "median_time": 0.0065228939056396484,
  "mad_time": 0.002382636070251465,
  "ave_magic_gates": 3.2,
  "input_arguments": {
    "backend": "mpstab",
    "max_bond_dim": 2,
    "replacement_probability": 0.75,
    "nqubits": 6,
    "nlayers": 3,
    "nruns": 10,
    "rng_seed": 42,
    "set_initial_state": true,
    "platform": "None",
    "dry_run_discarded": true
  }
}
