{
  "measured_observable": "ZXZXZ",
  "times": [
    0.09974312782287598,
    0.09794402122497559,
    0.09893465042114258,
    0.09857392311096191,
    0.09893441200256348,
    0.09839868545532227,
    0.09920716285705566,
    0.09926605224609375,
    0.09994053840637207,
    0.09894251823425293
  ],
  "expvals": [
    0.5123794406895633,
    0.026179557255701456,
    -0.6715373703722625,
    0.28418098702177425,
    -0.16794678583845457,
    0.6466871702475586,
    0.5933565460065214,
    0.5394729033578329,
    0.2565012442554748,
    -0.4887484401755357
  ],
  "magic_gates": [
    25,
    25,
    25,
    25,
    25,
    25,
    25,
    25,
    25,
    25
  ],
  "median_time": 0.09893858432769775,
  "mad_time": 0.00034606456756591797,
  "ave_magic_gates": 25.0,
  "input_arguments": {
    "backend": "mpstab",
    "max_bond_dim": 4,
    "replacement_probability": 0.0,
    "nqubits": 5,
    "nlayers": 5,
    "nruns": 10,
    "rng_seed": 42,
    "set_initial_state": true,
    "platform": "None",
    "dry_run_discarded": true
  }
}