{
  "measured_observable": "ZXZXZXZXZXZX",
  "times": [
    0.03430676460266113,
    0.029322147369384766,
    0.021703720092773438,
    0.0402829647064209,
    0.04120206832885742,
    0.054631948471069336,
    0.022840023040771484,
    0.04044079780578613,
    0.025332927703857422,
    0.03424811363220215
  ],
  "expvals": [
    4.636507688359277e-69,
    -0.000569459293245982,
    -3.824769658875355e-82,
    -5.702899832208977e-36,
    1.9456624291775556e-08,
    -0.10953784636045402,
    0.030884714952080266,
    3.3317569410946383e-38,
    1.7322971980661857e-36,
    -0.012500448430658827
  ],
  "magic_gates": [
    10,
    8,
    6,
    12,
    12,
    11,
    6,
    12,
    7,
    10
  ],
  "median_time": 0.03427743911743164,
  "mad_time": 0.006543993949890137,
  "ave_magic_gates": 9.4,
  "input_arguments": {
    "backend": "mpstab",
    "max_bond_dim": 2,
    "replacement_probability": 0.5,
    "nqubits": 12,
    "nlayers": 3,
    "nruns": 10,
    "rng_seed": 42,
    "set_initial_state": true,
    "platform": "None",
    "dry_run_discarded": true
  }
}
