{
  "measured_observable": "ZXZX",
  "times": [
    0.0033719539642333984,
    0.00325775146484375,
    0.002958059310913086,
    0.0029299259185791016,
    0.0030651092529296875,
    0.0028259754180908203,
    0.0028200149536132812,
    0.0028290748596191406,
    0.002809286117553711,
    0.002911090850830078
  ],
  "expvals": [
    0.23304064571857452,
    0.04358931630849838,
    0.07028492540121078,
    0.404910683631897,
    0.3767335116863251,
    0.21988870203495026,
    0.10836371034383774,
    -0.13047251105308533,
    -0.6018766760826111,
    -0.02776380069553852
  ],
  "magic_gates": [],
  "median_time": 0.00292050838470459,
  "mad_time": 9.751319885253906e-05,
  "input_arguments": {
    "backend": "qibotn",
    "max_bond_dim": 4,
    "replacement_probability": 0.75,
    "nqubits": 4,
    "nlayers": 3,
    "nruns": 10,
    "rng_seed": 42,
    "set_initial_state": true,
    "platform": "quimb",
    "dry_run_discarded": true
  }
}
