{
  "measured_observable": "ZXZXZXZXZXZX",
  "times": [
    1.6458051204681396,
    1.6415691375732422,
    1.8351397514343262,
    1.674773931503296,
    1.904094934463501,
    1.6408069133758545,
    1.6690177917480469,
    1.6714198589324951,
    1.639939785003662,
    1.6401960849761963
  ],
  "expvals": [
    -0.00312230596318841,
    -4.854470958548518e-08,
    -0.007349654566496611,
    6.339226820273325e-05,
    -1.2963497511009336e-06,
    2.931109521764341e-10,
    1.417594340524797e-17,
    7.51958584288559e-09,
    -7.802183245075867e-05,
    -6.846019823569804e-05
  ],
  "magic_gates": [],
  "median_time": 1.6574114561080933,
  "mad_time": 0.01690995693206787,
  "input_arguments": {
    "backend": "qibotn",
    "max_bond_dim": 2,
    "replacement_probability": 0.5,
    "nqubits": 12,
    "nlayers": 3,
    "nruns": 10,
    "rng_seed": 42,
    "set_initial_state": true,
    "platform": "quimb",
    "dry_run_discarded": true
  }
}
