{
  "measured_observable": "ZXZXZXZXZXZX",
  "times": [
    1.5926861763000488,
    1.594109296798706,
    1.5853986740112305,
    1.5822341442108154,
    1.580394983291626,
    1.5803470611572266,
    1.5823719501495361,
    1.5829048156738281,
    1.5836570262908936,
    1.5852558612823486
  ],
  "expvals": [
    -0.03553640469908714,
    0.021380122750997543,
    0.020296437665820122,
    0.003399740904569626,
    -0.003563478123396635,
    -0.0010398734593763947,
    0.008757397532463074,
    -0.00843766052275896,
    -0.00017788157856557518,
    0.0031779147684574127
  ],
  "magic_gates": [],
  "median_time": 1.5832809209823608,
  "mad_time": 0.002046346664428711,
  "input_arguments": {
    "backend": "qibotn",
    "max_bond_dim": 8,
    "replacement_probability": 0.99,
    "nqubits": 12,
    "nlayers": 3,
    "nruns": 10,
    "rng_seed": 42,
    "set_initial_state": true,
    "platform": "quimb",
    "dry_run_discarded": true
  }
}
