{
  "measured_observable": "ZXZXZXZXZXZX",
  "times": [
    0.03418707847595215,
    0.022220134735107422,
    0.019778966903686523,
    0.03536725044250488,
    0.018801212310791016,
    0.026227951049804688,
    0.0216372013092041,
    0.025804996490478516,
    0.03301119804382324,
    0.016044139862060547
  ],
  "expvals": [
    -8.983281896588077e-19,
    3.009265538105056e-36,
    -3.566885157008189e-22,
    1.3096197929208087e-32,
    -1.0934763093460874e-67,
    0.12259500911170507,
    0.011321232432324106,
    2.433903714687738e-33,
    0.0,
    0.0036677004902537043
  ],
  "magic_gates": [
    9,
    6,
    5,
    10,
    5,
    7,
    6,
    7,
    3,
    4
  ],
  "median_time": 0.02401256561279297,
  "mad_time": 0.004722476005554199,
  "ave_magic_gates": 6.2,
  "input_arguments": {
    "backend": "mpstab",
    "max_bond_dim": 16,
    "replacement_probability": 0.75,
    "nqubits": 12,
    "nlayers": 3,
    "nruns": 10,
    "rng_seed": 42,
    "set_initial_state": true,
    "platform": "None",
    "dry_run_discarded": true
  }
}
