{
  "measured_observable": "ZXZXZXZXZXZXZXZXZXZX",
  "times": [
    2.3852200508117676,
    1.3813281059265137,
    1.6677179336547852,
    0.8653018474578857,
    10.418148040771484,
    15.956276893615723,
    1.5146410465240479,
    4.936129093170166,
    8.698442935943604,
    5.26771879196167
  ],
  "expvals": [
    -4.7362443058212987e-35,
    -8.031251269630455e-05,
    8.756276636310513e-21,
    -1.8300191367785758e-05,
    -1.108221320937895e-19,
    5.1502261307774974e-05,
    7.658829569315925e-20,
    3.9707573357709635e-21,
    -0.0005125247068482723,
    5.2522361606662145e-05
  ],
  "magic_gates": [
    23,
    25,
    20,
    23,
    26,
    31,
    22,
    26,
    22,
    31
  ],
  "median_time": 3.660674571990967,
  "mad_time": 2.212689995765686,
  "ave_magic_gates": 24.9,
  "input_arguments": {
    "max_bond_dim": null,
    "replacement_probability": 0.6,
    "nqubits": 20,
    "nlayers": 3,
    "nruns": 10,
    "rng_seed": 42,
    "set_initial_state": true
  }
}
