{
  "measured_observable": "ZXZXZXZXZXZX",
  "times": [
    2.059910297393799,
    1.8206548690795898,
    1.7605831623077393,
    1.7508480548858643,
    1.5731151103973389,
    1.5731818675994873,
    1.7444589138031006,
    1.748594045639038,
    1.7514309883117676,
    1.5794799327850342
  ],
  "expvals": [
    2.3396108794347843e-17,
    6.301925127571995e-19,
    2.1933071136202853e-17,
    9.950366023148203e-17,
    -2.1163626406917047e-16,
    -3.63207727782644e-18,
    -2.0643209364124004e-16,
    9.316703260246676e-22,
    4.573977915173222e-19,
    -5.421010862427522e-19
  ],
  "magic_gates": [],
  "median_time": 1.7497210502624512,
  "mad_time": 0.04089796543121338,
  "input_arguments": {
    "backend": "qibotn",
    "max_bond_dim": 64,
    "replacement_probability": 0.0,
    "nqubits": 12,
    "nlayers": 3,
    "nruns": 10,
    "rng_seed": 42,
    "set_initial_state": true,
    "platform": "quimb",
    "dry_run_discarded": true
  }
}
