{
  "measured_observable": "ZXZXZXZXZX",
  "times": [
    0.051032066345214844,
    0.05670285224914551,
    0.03922605514526367,
    0.05346369743347168,
    0.05278897285461426,
    0.05492711067199707,
    0.050601959228515625,
    0.05050206184387207,
    0.038580894470214844,
    0.05117297172546387
  ],
  "expvals": [
    0.017618173733353615,
    0.022747188806533813,
    -0.020044108852744102,
    0.0019033289281651378,
    -0.00016446926747448742,
    0.00022257817909121513,
    -3.4199661058664788e-06,
    0.0048904684372246265,
    -0.0007098646019585431,
    0.043291378766298294
  ],
  "magic_gates": [],
  "median_time": 0.051102519035339355,
  "mad_time": 0.0020238161087036133,
  "input_arguments": {
    "backend": "qibotn",
    "max_bond_dim": 32,
    "replacement_probability": 0.75,
    "nqubits": 10,
    "nlayers": 3,
    "nruns": 10,
    "rng_seed": 42,
    "set_initial_state": true,
    "platform": "quimb",
    "dry_run_discarded": true
  }
}
