{
  "measured_observable": "ZXZXZX",
  "times": [
    0.007824897766113281,
    0.0047838687896728516,
    0.007752895355224609,
    0.0074770450592041016,
    0.008533000946044922,
    0.005773067474365234,
    0.004823923110961914,
    0.00622105598449707,
    0.008926868438720703,
    0.004602193832397461
  ],
  "expvals": [
    2.75947298855532e-35,
    -0.0041584997716737114,
    0.0005158644300112129,
    -0.06557509453974653,
    0.21039506274397934,
    0.0,
    0.0333967106044525,
    0.0,
    -0.04860148679669924,
    -1.9368557765337958e-33
  ],
  "magic_gates": [
    4,
    2,
    4,
    4,
    5,
    3,
    2,
    3,
    5,
    2
  ],
  "median_time": 0.006849050521850586,
  "mad_time": 0.0013799667358398438,
  "ave_magic_gates": 3.4,
  "input_arguments": {
    "backend": "mpstab",
    "max_bond_dim": 4,
    "replacement_probability": 0.25,
    "nqubits": 6,
    "nlayers": 3,
    "nruns": 10,
    "rng_seed": 42,
    "set_initial_state": true,
    "platform": "None",
    "dry_run_discarded": true
  }
}
