{
  "measured_observable": "ZXZX",
  "times": [
    0.003268003463745117,
    0.003156900405883789,
    0.006352901458740234,
    0.0030698776245117188,
    0.002949953079223633,
    0.002927064895629883,
    0.0029230117797851562,
    0.0029158592224121094,
    0.0029060840606689453,
    0.0029077529907226562
  ],
  "expvals": [
    0.055440232157707214,
    0.1788264811038971,
    -0.010497527197003365,
    0.47373485565185547,
    0.178428053855896,
    -0.010128174908459187,
    0.20020896196365356,
    -0.017399027943611145,
    -0.011607330292463303,
    -0.024509312584996223
  ],
  "magic_gates": [],
  "median_time": 0.002938508987426758,
  "mad_time": 3.159046173095703e-05,
  "input_arguments": {
    "backend": "qibotn",
    "max_bond_dim": 2,
    "replacement_probability": 0.75,
    "nqubits": 4,
    "nlayers": 3,
    "nruns": 10,
    "rng_seed": 42,
    "set_initial_state": true,
    "platform": "quimb",
    "dry_run_discarded": true
  }
}
