{
  "measured_observable": "ZXZXZXZXZXZXZXZXZXZXZXZXZ",
  "times": [
    0.09612727165222168,
    0.09488725662231445,
    0.09414434432983398,
    0.09301471710205078,
    0.09340476989746094,
    0.09303545951843262,
    0.09527063369750977,
    0.0938868522644043,
    0.09371471405029297,
    0.24864721298217773
  ],
  "expvals": [
    -1.7370381571722866e-07,
    1.5502381242634846e-06,
    -0.00016774550185710553,
    -4.9421600768549776e-05,
    -4.64356748604012e-05,
    -0.0010035603327287442,
    -9.518282539546008e-09,
    -1.1721416744600045e-05,
    1.392283046743048e-05,
    0.0003904375928874069
  ],
  "magic_gates": [],
  "median_time": 0.09401559829711914,
  "mad_time": 0.000925898551940918,
  "input_arguments": {
    "backend": "qibotn",
    "max_bond_dim": 256,
    "replacement_probability": 0.0,
    "nqubits": 25,
    "nlayers": 3,
    "nruns": 10,
    "rng_seed": 42,
    "set_initial_state": true,
    "platform": "quimb",
    "dry_run_discarded": true
  }
}