{
  "measured_observable": "ZXZXZXZXZX",
  "times": [
    0.05436110496520996,
    0.055792808532714844,
    0.0391850471496582,
    0.052741289138793945,
    0.05527019500732422,
    0.053517818450927734,
    0.05497121810913086,
    0.03923463821411133,
    0.03905510902404785,
    0.03895401954650879
  ],
  "expvals": [
    -0.02024155855178833,
    0.029705211520195007,
    -0.03948645666241646,
    -0.0014215916162356734,
    0.002524586860090494,
    0.0019376417621970177,
    0.001329879043623805,
    0.0047112214379012585,
    -0.0015455079264938831,
    0.05997571349143982
  ],
  "magic_gates": [],
  "median_time": 0.05312955379486084,
  "mad_time": 0.0024019479751586914,
  "input_arguments": {
    "backend": "qibotn",
    "max_bond_dim": 32,
    "replacement_probability": 0.99,
    "nqubits": 10,
    "nlayers": 3,
    "nruns": 10,
    "rng_seed": 42,
    "set_initial_state": true,
    "platform": "quimb",
    "dry_run_discarded": true
  }
}
