{
  "measured_observable": "ZXZXZXZXZXZXZXZXZXZXZXZXZXZXZXZXZXZXZXZXZXZXZXZXZX",
  "times": [
    7.370647668838501,
    7.266482353210449,
    7.227219343185425,
    7.170548439025879,
    7.079394578933716,
    7.336258888244629,
    7.561506509780884,
    7.788548707962036,
    7.427403450012207,
    7.219703435897827
  ],
  "expvals": [
    -3.8312005514362474e-16,
    -7.653335272258024e-14,
    -5.4098333916421e-20,
    -3.359501524737889e-19,
    5.264282456708323e-19,
    9.424593693883358e-16,
    2.443037606899362e-16,
    -1.1411976289184968e-12,
    -1.5658043697217162e-17,
    -8.211336431548895e-10
  ],
  "magic_gates": [
    150,
    150,
    150,
    150,
    150,
    150,
    150,
    150,
    150,
    150
  ],
  "median_time": 7.301370620727539,
  "mad_time": 0.10385000705718994,
  "ave_magic_gates": 150.0,
  "input_arguments": {
    "backend": "mpstab",
    "max_bond_dim": 8,
    "replacement_probability": 0.0,
    "nqubits": 50,
    "nlayers": 3,
    "nruns": 10,
    "rng_seed": 42,
    "set_initial_state": true,
    "platform": "None",
    "dry_run_discarded": true
  }
}