{
  "measured_observable": "ZXZXZXZXZXZX",
  "times": [
    1.6114420890808105,
    1.5608808994293213,
    1.5626649856567383,
    1.7605292797088623,
    1.756443977355957,
    1.5928730964660645,
    1.567873239517212,
    1.5607290267944336,
    1.565613031387329,
    1.574754238128662
  ],
  "expvals": [
    -0.012897399254143238,
    7.305674807867035e-05,
    2.71449243882671e-06,
    0.019839929416775703,
    6.485784354026691e-08,
    0.00013676105299964547,
    -0.000149047133163549,
    -1.0657254279067274e-06,
    -2.094748560921289e-05,
    5.34178756783632e-10
  ],
  "magic_gates": [],
  "median_time": 1.571313738822937,
  "mad_time": 0.01050877571105957,
  "input_arguments": {
    "backend": "qibotn",
    "max_bond_dim": 2,
    "replacement_probability": 0.75,
    "nqubits": 12,
    "nlayers": 3,
    "nruns": 10,
    "rng_seed": 42,
    "set_initial_state": true,
    "platform": "quimb",
    "dry_run_discarded": true
  }
}
