{
  "measured_observable": "ZXZXZXZXZX",
  "times": [
    0.03915905952453613,
    0.05173802375793457,
    0.038043975830078125,
    0.05078387260437012,
    0.03821897506713867,
    0.03823423385620117,
    0.050985097885131836,
    0.049124956130981445,
    0.03881072998046875,
    0.053854942321777344
  ],
  "expvals": [
    -0.06986361742019653,
    0.008108295500278473,
    -0.14374451339244843,
    0.0027025446761399508,
    -0.00014107745664659888,
    0.0015182005008682609,
    6.2341624917916505e-19,
    2.0014372104082412e-16,
    -0.008952743373811245,
    0.05449184402823448
  ],
  "magic_gates": [],
  "median_time": 0.04414200782775879,
  "mad_time": 0.006010532379150391,
  "input_arguments": {
    "backend": "qibotn",
    "max_bond_dim": 16,
    "replacement_probability": 0.25,
    "nqubits": 10,
    "nlayers": 3,
    "nruns": 10,
    "rng_seed": 42,
    "set_initial_state": true,
    "platform": "quimb",
    "dry_run_discarded": true
  }
}
