{
  "measured_observable": "ZXZXZXZXZXZXZXZXZXZXZXZXZXZXZXZXZXZXZXZXZXZXZ",
  "times": [
    0.1603550910949707,
    0.15745091438293457,
    0.28533387184143066,
    0.1576075553894043,
    0.15925002098083496,
    0.15835905075073242,
    0.15830707550048828,
    0.2838928699493408,
    0.16046738624572754,
    0.15871906280517578
  ],
  "expvals": [
    7.694581572783862e-10,
    -8.183990957884185e-09,
    3.5940135509054623e-12,
    1.979140157409168e-11,
    -3.372234959702465e-12,
    3.89587796361413e-10,
    -1.0759654241013098e-09,
    -4.284592835812135e-09,
    5.3971694144376e-13,
    8.351481672821847e-09
  ],
  "magic_gates": [],
  "median_time": 0.15898454189300537,
  "mad_time": 0.0013737678527832031,
  "input_arguments": {
    "backend": "qibotn",
    "max_bond_dim": 64,
    "replacement_probability": 0.0,
    "nqubits": 45,
    "nlayers": 3,
    "nruns": 10,
    "rng_seed": 42,
    "set_initial_state": true,
    "platform": "quimb",
    "dry_run_discarded": true
  }
}