{
  "measured_observable": "ZXZXZXZX",
  "times": [
    0.007862091064453125,
    0.007323026657104492,
    0.0073451995849609375,
    0.0073931217193603516,
    0.007350921630859375,
    0.007395029067993164,
    0.007072925567626953,
    0.007150173187255859,
    0.008796930313110352,
    0.00708317756652832
  ],
  "expvals": [
    -0.060605477541685104,
    -0.09375933557748795,
    0.00733764236792922,
    0.08466563373804092,
    -0.10503379255533218,
    0.0013837487204000354,
    0.002981797093525529,
    -0.015336509793996811,
    0.0004996444331482053,
    -0.0006983604398556054
  ],
  "magic_gates": [],
  "median_time": 0.007348060607910156,
  "mad_time": 0.00012242794036865234,
  "input_arguments": {
    "backend": "qibotn",
    "max_bond_dim": 2,
    "replacement_probability": 0.99,
    "nqubits": 8,
    "nlayers": 3,
    "nruns": 10,
    "rng_seed": 42,
    "set_initial_state": true,
    "platform": "quimb",
    "dry_run_discarded": true
  }
}
