{
  "measured_observable": "ZXZXZXZXZXZXZXZXZXZX",
  "times": [
    20.38370418548584,
    17.124155044555664,
    19.96048879623413,
    18.65031862258911,
    19.452398538589478,
    21.162988424301147,
    21.264947175979614,
    21.243879795074463,
    22.644084215164185,
    22.416197538375854
  ],
  "expvals": [
    3.2419411827449654e-05,
    0.0002803283375241966,
    6.477438497532138e-06,
    3.333363872868084e-05,
    0.0007645128712013807,
    1.5863712299422834e-06,
    -0.00010869610591765865,
    -0.00039368525357097754,
    -0.00019196618605045896,
    -0.0007349556513811003
  ],
  "magic_gates": [
    60,
    60,
    60,
    60,
    60,
    60,
    60,
    60,
    60,
    60
  ],
  "median_time": 20.773346304893494,
  "mad_time": 1.0669026374816895,
  "ave_magic_gates": 60.0,
  "input_arguments": {
    "backend": "mpstab",
    "max_bond_dim": 32,
    "replacement_probability": 0.0,
    "nqubits": 20,
    "nlayers": 3,
    "nruns": 10,
    "rng_seed": 42,
    "set_initial_state": true,
    "platform": "None",
    "dry_run_discarded": true
  }
}