{
  "measured_observable": "ZXZXZXZXZXZX",
  "times": [
    1.6802659034729004,
    1.484388828277588,
    1.4826321601867676,
    1.4812180995941162,
    1.4814631938934326,
    1.7657299041748047,
    1.4798190593719482,
    1.4870879650115967,
    1.4794158935546875,
    1.4910759925842285
  ],
  "expvals": [
    -0.004750022664666176,
    5.082197683525802e-21,
    -3.3507898479001597e-05,
    -1.4176371223584283e-05,
    -0.0026752459816634655,
    7.414682401983442e-18,
    -3.8163916471489756e-16,
    -3.8842415506223915e-07,
    3.951258804590907e-07,
    -1.6263032587282567e-18
  ],
  "magic_gates": [],
  "median_time": 1.4835104942321777,
  "mad_time": 0.0036344528198242188,
  "input_arguments": {
    "backend": "qibotn",
    "max_bond_dim": 4,
    "replacement_probability": 0.0,
    "nqubits": 12,
    "nlayers": 3,
    "nruns": 10,
    "rng_seed": 42,
    "set_initial_state": true,
    "platform": "quimb",
    "dry_run_discarded": true
  }
}
