{
  "measured_observable": "ZXZXZXZXZXZX",
  "times": [
    1.574018955230713,
    1.6188318729400635,
    1.7238669395446777,
    1.5532009601593018,
    1.5425121784210205,
    1.542391061782837,
    1.5540342330932617,
    1.5498631000518799,
    1.5514512062072754,
    1.5476067066192627
  ],
  "expvals": [
    -0.050788264721632004,
    0.00041633081855252385,
    -3.907739301212132e-05,
    -0.001328673679381609,
    2.1457443821759625e-08,
    -3.360053597134538e-05,
    0.00014752644347026944,
    -0.006894160993397236,
    -0.0018405631417408586,
    1.6414060155511834e-05
  ],
  "magic_gates": [],
  "median_time": 1.5523260831832886,
  "mad_time": 0.007266640663146973,
  "input_arguments": {
    "backend": "qibotn",
    "max_bond_dim": 2,
    "replacement_probability": 0.99,
    "nqubits": 12,
    "nlayers": 3,
    "nruns": 10,
    "rng_seed": 42,
    "set_initial_state": true,
    "platform": "quimb",
    "dry_run_discarded": true
  }
}
