{
  "measured_observable": "ZXZXZXZXZX",
  "times": [
    0.03785300254821777,
    0.055700063705444336,
    0.055854082107543945,
    0.036772966384887695,
    0.051069021224975586,
    0.054329633712768555,
    0.03764009475708008,
    0.05131196975708008,
    0.050189971923828125,
    0.04900193214416504
  ],
  "expvals": [
    0.07490983605384827,
    0.06625358015298843,
    -0.14833015203475952,
    -0.00039364409167319536,
    8.673617379884035e-18,
    0.006811412516981363,
    -7.357597837653884e-07,
    0.11423908919095993,
    -0.001223767758347094,
    0.04681851342320442
  ],
  "magic_gates": [],
  "median_time": 0.050629496574401855,
  "mad_time": 0.00438535213470459,
  "input_arguments": {
    "backend": "qibotn",
    "max_bond_dim": 32,
    "replacement_probability": 0.25,
    "nqubits": 10,
    "nlayers": 3,
    "nruns": 10,
    "rng_seed": 42,
    "set_initial_state": true,
    "platform": "quimb",
    "dry_run_discarded": true
  }
}
