{
  "measured_observable": "ZXZXZXZXZXZXZXZXZXZXZXZXZXZXZX",
  "times": [
    2.424070358276367,
    2.4781653881073,
    2.4453256130218506,
    2.492757558822632,
    2.5481791496276855,
    2.7375500202178955,
    2.4565203189849854,
    2.4653077125549316,
    2.451028347015381,
    2.4793074131011963
  ],
  "expvals": [
    6.440208213859023e-10,
    2.1337994336378894e-09,
    8.535695034457437e-08,
    -1.3080531975777675e-13,
    1.5217829810098128e-08,
    -1.0590409885570063e-10,
    -3.5384656026643167e-12,
    2.5535889215002905e-10,
    -6.588908758904481e-10,
    0.00010238355656825164
  ],
  "magic_gates": [
    90,
    90,
    90,
    90,
    90,
    90,
    90,
    90,
    90,
    90
  ],
  "median_time": 2.4717365503311157,
  "mad_time": 0.02086460590362549,
  "ave_magic_gates": 90.0,
  "input_arguments": {
    "backend": "mpstab",
    "max_bond_dim": 4,
    "replacement_probability": 0.0,
    "nqubits": 30,
    "nlayers": 3,
    "nruns": 10,
    "rng_seed": 42,
    "set_initial_state": true,
    "platform": "None",
    "dry_run_discarded": true
  }
}