{
  "measured_observable": "ZXZXZXZXZXZX",
  "times": [
    0.03390383720397949,
    0.028870820999145508,
    0.022119998931884766,
    0.042604923248291016,
    0.04380393028259277,
    0.0378870964050293,
    0.022924184799194336,
    0.04234480857849121,
    0.025686025619506836,
    0.03521394729614258
  ],
  "expvals": [
    -3.0790249460262094e-48,
    0.004136772184987896,
    -1.0535036905035507e-48,
    -1.5147758940076228e-07,
    -0.003233695273113517,
    0.022606821341719593,
    0.008945974225531422,
    -1.3487770078026978e-19,
    -5.920532522112336e-47,
    0.00013987175306641943
  ],
  "magic_gates": [
    10,
    8,
    6,
    12,
    12,
    11,
    6,
    12,
    7,
    10
  ],
  "median_time": 0.034558892250061035,
  "mad_time": 0.007915973663330078,
  "ave_magic_gates": 9.4,
  "input_arguments": {
    "backend": "mpstab",
    "max_bond_dim": 8,
    "replacement_probability": 0.5,
    "nqubits": 12,
    "nlayers": 3,
    "nruns": 10,
    "rng_seed": 42,
    "set_initial_state": true,
    "platform": "None",
    "dry_run_discarded": true
  }
}
