{
  "measured_observable": "ZXZXZXZX",
  "times": [
    0.01308894157409668,
    0.008014917373657227,
    0.008180856704711914,
    0.009222984313964844,
    0.01228022575378418,
    0.007856130599975586,
    0.0077702999114990234,
    0.00885319709777832,
    0.007409095764160156,
    0.007456064224243164
  ],
  "expvals": [
    -0.23106153309345245,
    1.463672932855431e-17,
    -0.0012914577964693308,
    1.5127940675326024e-15,
    8.836247705756861e-18,
    0.0006363879656419158,
    -1.4365678785432934e-17,
    -0.006683953572064638,
    -2.5267395157245725e-16,
    7.566375911233214e-17
  ],
  "magic_gates": [],
  "median_time": 0.00809788703918457,
  "mad_time": 0.0006653070449829102,
  "input_arguments": {
    "backend": "qibotn",
    "max_bond_dim": 8,
    "replacement_probability": 0.0,
    "nqubits": 8,
    "nlayers": 3,
    "nruns": 10,
    "rng_seed": 42,
    "set_initial_state": true,
    "platform": "quimb",
    "dry_run_discarded": true
  }
}
