{
  "measured_observable": "ZXZXZXZXZXZXZXZ",
  "times": [
    0.05485796928405762,
    0.06691193580627441,
    0.049639225006103516,
    0.4766678810119629,
    0.12283086776733398,
    0.7849023342132568,
    0.03471708297729492,
    0.04793691635131836,
    0.025152921676635742,
    0.0847768783569336
  ],
  "expvals": [
    -9.107298248878237e-18,
    3.1221729296973424e-19,
    -1.8054530140802677e-47,
    -0.011961838639344894,
    1.5108505183890374e-32,
    0.012867643850499658,
    0.00019004525706993567,
    -0.0007593778411813421,
    3.961459264396634e-20,
    0.0006643587972304664
  ],
  "magic_gates": [
    10,
    14,
    11,
    16,
    13,
    24,
    7,
    10,
    5,
    17
  ],
  "median_time": 0.060884952545166016,
  "mad_time": 0.025029897689819336,
  "ave_magic_gates": 12.7,
  "input_arguments": {
    "max_bond_dim": 256,
    "replacement_probability": 0.8,
    "nqubits": 15,
    "nlayers": 4,
    "nruns": 10,
    "rng_seed": 42,
    "set_initial_state": true
  }
}
