{
  "measured_observable": "ZXZXZXZXZXZXZXZXZXZX",
  "times": [
    0.07383990287780762,
    0.07172179222106934,
    0.07149410247802734,
    0.07151365280151367,
    0.07113051414489746,
    0.07120561599731445,
    0.0706477165222168,
    0.07055354118347168,
    0.07064127922058105,
    0.07085704803466797
  ],
  "expvals": [
    4.1089168643110563e-05,
    -7.754745104846486e-06,
    0.0008138195273926518,
    -8.507175355367856e-06,
    0.0008478127972813823,
    -0.00113304929566024,
    -2.880952068779548e-05,
    9.340548538299472e-05,
    -0.00010201825370383493,
    -0.0015280170407654852
  ],
  "magic_gates": [],
  "median_time": 0.07116806507110596,
  "mad_time": 0.0004329681396484375,
  "input_arguments": {
    "backend": "qibotn",
    "max_bond_dim": 64,
    "replacement_probability": 0.0,
    "nqubits": 20,
    "nlayers": 3,
    "nruns": 10,
    "rng_seed": 42,
    "set_initial_state": true,
    "platform": "quimb",
    "dry_run_discarded": true
  }
}