{
  "measured_observable": "ZXZXZXZXZXZX",
  "times": [
    1.9328501224517822,
    1.542600154876709,
    1.5695230960845947,
    1.5704169273376465,
    1.5612010955810547,
    1.562443733215332,
    1.562610149383545,
    1.592768907546997,
    1.560533046722412,
    1.544813871383667
  ],
  "expvals": [
    -0.09839984029531479,
    0.0067904433235526085,
    0.0007395051652565598,
    0.0008760804194025695,
    0.0017045545391738415,
    -6.196583854034543e-05,
    0.0013879075413569808,
    -0.0025432852562516928,
    -7.284637104021385e-05,
    -8.75742407515645e-05
  ],
  "magic_gates": [],
  "median_time": 1.5625269412994385,
  "mad_time": 0.007443070411682129,
  "input_arguments": {
    "backend": "qibotn",
    "max_bond_dim": 4,
    "replacement_probability": 0.75,
    "nqubits": 12,
    "nlayers": 3,
    "nruns": 10,
    "rng_seed": 42,
    "set_initial_state": true,
    "platform": "quimb",
    "dry_run_discarded": true
  }
}
