{
  "measured_observable": "ZXZXZXZXZXZXZXZXZXZXZXZXZXZXZXZXZXZXZXZXZXZXZXZXZXZXZXZXZXZXZXZXZ",
  "times": [
    0.2543659210205078,
    0.36773037910461426,
    0.250258207321167,
    0.25597643852233887,
    0.25858592987060547,
    0.24432587623596191,
    0.2511167526245117,
    0.3821086883544922,
    0.2594163417816162,
    0.25284695625305176
  ],
  "expvals": [
    6.953679421595547e-13,
    -3.628695626251006e-14,
    -4.1513832896132123e-13,
    -3.061924225794647e-11,
    -1.865831469688351e-12,
    -2.197905596146685e-15,
    3.2474660336508164e-14,
    -3.177215177755898e-11,
    1.90669850096183e-12,
    -9.27575550807927e-13
  ],
  "magic_gates": [],
  "median_time": 0.25517117977142334,
  "mad_time": 0.004149794578552246,
  "input_arguments": {
    "backend": "qibotn",
    "max_bond_dim": 32,
    "replacement_probability": 0.0,
    "nqubits": 65,
    "nlayers": 3,
    "nruns": 10,
    "rng_seed": 42,
    "set_initial_state": true,
    "platform": "quimb",
    "dry_run_discarded": true
  }
}