{
  "measured_observable": "ZXZXZX",
  "times": [
    0.0035941600799560547,
    0.006298065185546875,
    0.008174896240234375,
    0.003548860549926758,
    0.003612995147705078,
    0.008083820343017578,
    0.0048482418060302734,
    0.006312847137451172,
    0.011773824691772461,
    0.010732889175415039
  ],
  "expvals": [
    8.552847072295026e-50,
    -0.0011245379727204865,
    -0.028028056110307183,
    0.6272922424007297,
    0.07801166147646785,
    0.5332497742835888,
    9.62964972193618e-35,
    7.854965495516243e-18,
    -0.012045373013440493,
    -0.0010394870987434374
  ],
  "magic_gates": [
    1,
    3,
    4,
    1,
    1,
    4,
    2,
    3,
    7,
    6
  ],
  "median_time": 0.0063054561614990234,
  "mad_time": 0.0022809505462646484,
  "ave_magic_gates": 3.2,
  "input_arguments": {
    "backend": "mpstab",
    "max_bond_dim": 4,
    "replacement_probability": 0.75,
    "nqubits": 6,
    "nlayers": 3,
    "nruns": 10,
    "rng_seed": 42,
    "set_initial_state": true,
    "platform": "None",
    "dry_run_discarded": true
  }
}
