{
  "measured_observable": "ZXZXZX",
  "times": [
    0.005747079849243164,
    0.00493311882019043,
    0.00488591194152832,
    0.004925966262817383,
    0.0049173831939697266,
    0.005013942718505859,
    0.0049359798431396484,
    0.0048580169677734375,
    0.0049610137939453125,
    0.004858970642089844
  ],
  "expvals": [
    -0.025644155219197273,
    0.05208507552742958,
    0.08116783201694489,
    -0.07019316405057907,
    -0.0720299482345581,
    0.04106335714459419,
    0.08837972581386566,
    0.025024836882948875,
    0.014407538808882236,
    0.175421342253685
  ],
  "magic_gates": [],
  "median_time": 0.004929542541503906,
  "mad_time": 3.7550926208496094e-05,
  "input_arguments": {
    "backend": "qibotn",
    "max_bond_dim": 8,
    "replacement_probability": 0.99,
    "nqubits": 6,
    "nlayers": 3,
    "nruns": 10,
    "rng_seed": 42,
    "set_initial_state": true,
    "platform": "quimb",
    "dry_run_discarded": true
  }
}
