{
  "measured_observable": "ZXZXZX",
  "times": [
    0.0055789947509765625,
    0.005124092102050781,
    0.0048770904541015625,
    0.004842996597290039,
    0.00487971305847168,
    0.004878997802734375,
    0.005046844482421875,
    0.0049285888671875,
    0.004884004592895508,
    0.004853963851928711
  ],
  "expvals": [
    -0.003623205702751875,
    -0.001246820786036551,
    -0.02087685465812683,
    0.01542915590107441,
    -0.030672825872898102,
    0.025006050243973732,
    0.12524619698524475,
    -0.31269317865371704,
    -0.006104092113673687,
    0.01946970820426941
  ],
  "magic_gates": [],
  "median_time": 0.004881858825683594,
  "mad_time": 3.337860107421875e-05,
  "input_arguments": {
    "backend": "qibotn",
    "max_bond_dim": 4,
    "replacement_probability": 0.75,
    "nqubits": 6,
    "nlayers": 3,
    "nruns": 10,
    "rng_seed": 42,
    "set_initial_state": true,
    "platform": "quimb",
    "dry_run_discarded": true
  }
}
