{
  "measured_observable": "ZXZXZXZXZXZXZXZXZXZXZXZXZ",
  "times": [
    0.09886765480041504,
    0.09562206268310547,
    0.09605979919433594,
    0.09389925003051758,
    0.09518027305603027,
    0.09415030479431152,
    0.0957784652709961,
    0.09794354438781738,
    0.09837913513183594,
    0.25180959701538086
  ],
  "expvals": [
    -1.7370381571722774e-07,
    1.5502381242634827e-06,
    -0.00016774550185710607,
    -4.9421600768549844e-05,
    -4.643567486040139e-05,
    -0.0010035603327287449,
    -9.518282539545831e-09,
    -1.1721416744599962e-05,
    1.3922830467430396e-05,
    0.00039043759288740734
  ],
  "magic_gates": [],
  "median_time": 0.09591913223266602,
  "mad_time": 0.0018943548202514648,
  "input_arguments": {
    "backend": "qibotn",
    "max_bond_dim": 512,
    "replacement_probability": 0.0,
    "nqubits": 25,
    "nlayers": 3,
    "nruns": 10,
    "rng_seed": 42,
    "set_initial_state": true,
    "platform": "quimb",
    "dry_run_discarded": true
  }
}