{
  "measured_observable": "ZXZXZXZXZXZXZXZXZXZXZXZXZXZXZXZXZXZXZXZXZXZXZXZXZXZXZXZXZXZX",
  "times": [
    0.30700087547302246,
    0.19419264793395996,
    0.19447827339172363,
    0.3065512180328369,
    0.19383525848388672,
    0.19392132759094238,
    0.19864201545715332,
    0.3172171115875244,
    0.19497990608215332,
    0.38507795333862305
  ],
  "expvals": [
    -2.7152233265325584e-10,
    -6.882276109569199e-11,
    8.034853340854199e-13,
    -1.889475876525371e-10,
    -1.262985662808947e-10,
    -4.998091372195502e-12,
    2.2612485063624878e-11,
    4.967003015716051e-12,
    -3.42124558916953e-14,
    1.2576746664317244e-10
  ],
  "magic_gates": [],
  "median_time": 0.19681096076965332,
  "mad_time": 0.0029326677322387695,
  "input_arguments": {
    "backend": "qibotn",
    "max_bond_dim": 128,
    "replacement_probability": 0.0,
    "nqubits": 60,
    "nlayers": 3,
    "nruns": 10,
    "rng_seed": 42,
    "set_initial_state": true,
    "platform": "quimb",
    "dry_run_discarded": true
  }
}