{
  "measured_observable": "ZXZXZXZXZXZXZXZXZXZXZXZXZXZXZXZXZXZ",
  "times": [
    3.857675075531006,
    3.8753714561462402,
    3.891164779663086,
    4.067864656448364,
    3.915688991546631,
    3.941835403442383,
    3.9245052337646484,
    3.9084503650665283,
    3.999073028564453,
    4.1723034381866455
  ],
  "expvals": [
    -5.992602587991486e-06,
    1.474224759238918e-08,
    -4.0546707665279476e-07,
    -3.523145874229853e-07,
    -4.042290417997152e-06,
    2.1335101744230843e-08,
    5.323662761278258e-10,
    0.00023452933915655126,
    2.2098905887844056e-09,
    6.765807889422822e-09
  ],
  "magic_gates": [],
  "median_time": 3.9200971126556396,
  "mad_time": 0.03682899475097656,
  "input_arguments": {
    "backend": "qibotn",
    "max_bond_dim": 256,
    "replacement_probability": 0.0,
    "nqubits": 35,
    "nlayers": 3,
    "nruns": 10,
    "rng_seed": 42,
    "set_initial_state": true,
    "platform": "quimb",
    "dry_run_discarded": true
  }
}