{
  "measured_observable": "ZXZXZXZXZXZXZXZ",
  "times": [
    0.19509482383728027,
    0.053452491760253906,
    0.05304741859436035,
    0.05288505554199219,
    0.05305051803588867,
    0.05312013626098633,
    0.05290532112121582,
    0.0531005859375,
    0.05304765701293945,
    0.05289816856384277
  ],
  "expvals": [
    0.001948521669777944,
    0.013982191140852357,
    0.0003931549894210069,
    -0.00017836110247493095,
    0.001806750477583068,
    0.0011311624411186002,
    -4.613022365400809e-05,
    0.014294264062763226,
    -1.5318075135008103e-06,
    -0.00102794457072554
  ],
  "magic_gates": [],
  "median_time": 0.05304908752441406,
  "mad_time": 0.0001074075698852539,
  "input_arguments": {
    "backend": "qibotn",
    "max_bond_dim": 64,
    "replacement_probability": 0.0,
    "nqubits": 15,
    "nlayers": 3,
    "nruns": 10,
    "rng_seed": 42,
    "set_initial_state": true,
    "platform": "quimb",
    "dry_run_discarded": true
  }
}