{
  "measured_observable": "ZXZXZXZXZXZXZXZXZXZXZXZXZXZXZXZXZXZXZXZXZXZXZXZXZXZXZXZXZXZXZXZXZXZXZXZXZXZXZXZXZXZXZXZXZX",
  "times": [
    0.29702115058898926,
    0.4105982780456543,
    0.2956728935241699,
    0.40656137466430664,
    0.2918357849121094,
    0.41234803199768066,
    0.28888797760009766,
    0.42604923248291016,
    0.2902076244354248,
    0.4106895923614502
  ],
  "expvals": [
    6.962664189800025e-20,
    1.3011063101427503e-20,
    3.500637571280808e-20,
    -4.308305915138103e-17,
    1.174102259056347e-17,
    2.1958472569399306e-18,
    4.383997221389564e-19,
    5.884255515801742e-22,
    1.3226286385222984e-18,
    -9.465479398448141e-20
  ],
  "magic_gates": [],
  "median_time": 0.35179126262664795,
  "mad_time": 0.05942690372467041,
  "input_arguments": {
    "backend": "qibotn",
    "max_bond_dim": 512,
    "replacement_probability": 0.0,
    "nqubits": 90,
    "nlayers": 3,
    "nruns": 10,
    "rng_seed": 42,
    "set_initial_state": true,
    "platform": "quimb",
    "dry_run_discarded": true
  }
}