{
  "measured_observable": "ZXZXZXZX",
  "times": [
    0.009575843811035156,
    0.009268999099731445,
    0.007958173751831055,
    0.007632017135620117,
    0.007320880889892578,
    0.007469654083251953,
    0.009016990661621094,
    0.008986949920654297,
    0.0072062015533447266,
    0.007432222366333008
  ],
  "expvals": [
    -0.1692512035369873,
    -0.0004024128138553351,
    0.0005396954948082566,
    -0.001337702269665897,
    0.0010840275790542364,
    7.813347110641189e-06,
    -3.6637540559865815e-19,
    -0.0015669536078348756,
    7.658058166271076e-05,
    3.1238891846752067e-28
  ],
  "magic_gates": [],
  "median_time": 0.007795095443725586,
  "mad_time": 0.0005315542221069336,
  "input_arguments": {
    "backend": "qibotn",
    "max_bond_dim": 2,
    "replacement_probability": 0.25,
    "nqubits": 8,
    "nlayers": 3,
    "nruns": 10,
    "rng_seed": 42,
    "set_initial_state": true,
    "platform": "quimb",
    "dry_run_discarded": true
  }
}
