{
  "measured_observable": "ZXZXZXZXZXZXZXZXZXZXZXZXZXZXZXZXZXZXZXZXZXZXZXZXZXZXZXZXZXZXZXZXZ",
  "times": [
    0.21163678169250488,
    0.209930419921875,
    0.3206162452697754,
    0.2098829746246338,
    0.3232119083404541,
    0.21033906936645508,
    0.22683191299438477,
    0.21055221557617188,
    0.20398879051208496,
    0.21070265769958496
  ],
  "expvals": [
    6.953679421595501e-13,
    -3.628695626251039e-14,
    -4.1513832896131633e-13,
    -3.06192422579467e-11,
    -1.8658314696882088e-12,
    -2.1979055961472296e-15,
    3.247466033648391e-14,
    -3.177215177755885e-11,
    1.906698500961814e-12,
    -9.27575550807904e-13
  ],
  "magic_gates": [],
  "median_time": 0.21062743663787842,
  "mad_time": 0.0008769035339355469,
  "input_arguments": {
    "backend": "qibotn",
    "max_bond_dim": 8,
    "replacement_probability": 0.0,
    "nqubits": 65,
    "nlayers": 3,
    "nruns": 10,
    "rng_seed": 42,
    "set_initial_state": true,
    "platform": "quimb",
    "dry_run_discarded": true
  }
}