{
  "measured_observable": "ZXZXZXZXZXZXZXZXZXZXZXZXZXZXZX",
  "times": [
    0.16556954383850098,
    0.14664936065673828,
    0.16334795951843262,
    0.16297411918640137,
    0.16146373748779297,
    0.1633305549621582,
    0.16459965705871582,
    0.28350257873535156,
    0.1652991771697998,
    0.16368532180786133
  ],
  "expvals": [
    -9.26098490521338e-07,
    -5.306364317604614e-08,
    -1.2981472647495034e-07,
    -1.0203520918633191e-07,
    -4.715807658374289e-08,
    -5.200068484949936e-08,
    9.630141501434728e-06,
    3.372670923870159e-06,
    -2.574364878101397e-07,
    3.966337327359415e-06
  ],
  "magic_gates": [],
  "median_time": 0.16351664066314697,
  "mad_time": 0.0014327764511108398,
  "input_arguments": {
    "backend": "qibotn",
    "max_bond_dim": 128,
    "replacement_probability": 0.0,
    "nqubits": 30,
    "nlayers": 3,
    "nruns": 10,
    "rng_seed": 42,
    "set_initial_state": true,
    "platform": "quimb",
    "dry_run_discarded": true
  }
}