{
  "measured_observable": "ZXZXZXZXZXZXZXZXZXZXZXZXZ",
  "times": [
    0.10111737251281738,
    0.09802079200744629,
    0.09654402732849121,
    0.09680747985839844,
    0.09468555450439453,
    0.1085202693939209,
    0.09629464149475098,
    0.09475469589233398,
    0.09304022789001465,
    0.25806379318237305
  ],
  "expvals": [
    -1.7370381571722464e-07,
    1.5502381242634844e-06,
    -0.00016774550185710493,
    -4.942160076854997e-05,
    -4.643567486040157e-05,
    -0.001003560332728745,
    -9.518282539545641e-09,
    -1.1721416744600079e-05,
    1.3922830467430155e-05,
    0.00039043759288740734
  ],
  "magic_gates": [],
  "median_time": 0.09667575359344482,
  "mad_time": 0.0019556283950805664,
  "input_arguments": {
    "backend": "qibotn",
    "max_bond_dim": 128,
    "replacement_probability": 0.0,
    "nqubits": 25,
    "nlayers": 3,
    "nruns": 10,
    "rng_seed": 42,
    "set_initial_state": true,
    "platform": "quimb",
    "dry_run_discarded": true
  }
}