{
  "measured_observable": "ZXZXZXZXZXZXZXZXZXZXZXZXZXZXZX",
  "times": [
    0.11511087417602539,
    0.26343464851379395,
    0.1150979995727539,
    0.11550211906433105,
    0.11325383186340332,
    0.11065053939819336,
    0.11218619346618652,
    0.11782431602478027,
    0.11501908302307129,
    0.11331439018249512
  ],
  "expvals": [
    -9.260984905213354e-07,
    -5.306364317604722e-08,
    -1.2981472647494137e-07,
    -1.0203520918632986e-07,
    -4.7158076583742605e-08,
    -5.200068484950436e-08,
    9.630141501434711e-06,
    3.3726709238701646e-06,
    -2.5743648781014077e-07,
    3.96633732735941e-06
  ],
  "magic_gates": [],
  "median_time": 0.1150585412979126,
  "mad_time": 0.001774430274963379,
  "input_arguments": {
    "backend": "qibotn",
    "max_bond_dim": 256,
    "replacement_probability": 0.0,
    "nqubits": 30,
    "nlayers": 3,
    "nruns": 10,
    "rng_seed": 42,
    "set_initial_state": true,
    "platform": "quimb",
    "dry_run_discarded": true
  }
}