{
  "measured_observable": "ZXZXZX",
  "times": [
    0.006371021270751953,
    0.005112886428833008,
    0.0051326751708984375,
    0.00519871711730957,
    0.005625009536743164,
    0.004981040954589844,
    0.005095243453979492,
    0.004843950271606445,
    0.004935264587402344,
    0.005038022994995117
  ],
  "expvals": [
    -8.881784197001252e-16,
    6.603875432609208e-16,
    8.787585662937102e-17,
    7.338627483477467e-07,
    -6.591949208711867e-17,
    -1.1910380410759953e-16,
    0.4076460301876068,
    -0.25318992137908936,
    7.821841048125111e-17,
    -0.03948932886123657
  ],
  "magic_gates": [],
  "median_time": 0.00510406494140625,
  "mad_time": 0.00010883808135986328,
  "input_arguments": {
    "backend": "qibotn",
    "max_bond_dim": 8,
    "replacement_probability": 0.0,
    "nqubits": 6,
    "nlayers": 3,
    "nruns": 10,
    "rng_seed": 42,
    "set_initial_state": true,
    "platform": "quimb",
    "dry_run_discarded": true
  }
}
