{
  "measured_observable": "ZXZXZXZXZXZX",
  "times": [
    0.03481912612915039,
    0.04132390022277832,
    0.022258281707763672,
    0.04061532020568848,
    0.041375160217285156,
    0.038130998611450195,
    0.02271580696105957,
    0.04122495651245117,
    0.025448083877563477,
    0.034455060958862305
  ],
  "expvals": [
    0.0,
    -0.007248828202734543,
    -6.288201905843585e-49,
    -7.146294029606429e-05,
    0.0046220337671559145,
    -0.06859696479868115,
    -0.0376905187592665,
    -2.488355942426418e-21,
    1.6927351904739225e-33,
    0.0009866682435293167
  ],
  "magic_gates": [
    10,
    8,
    6,
    12,
    12,
    11,
    6,
    12,
    7,
    10
  ],
  "median_time": 0.03647506237030029,
  "mad_time": 0.004799365997314453,
  "ave_magic_gates": 9.4,
  "input_arguments": {
    "backend": "mpstab",
    "max_bond_dim": 4,
    "replacement_probability": 0.5,
    "nqubits": 12,
    "nlayers": 3,
    "nruns": 10,
    "rng_seed": 42,
    "set_initial_state": true,
    "platform": "None",
    "dry_run_discarded": true
  }
}
