{
  "measured_observable": "ZXZXZXZXZXZXZXZXZXZX",
  "times": [
    0.07309699058532715,
    0.0712122917175293,
    0.07105135917663574,
    0.07092499732971191,
    0.0710296630859375,
    0.07115817070007324,
    0.07097578048706055,
    0.07046985626220703,
    0.07083559036254883,
    0.0714423656463623
  ],
  "expvals": [
    4.108916864311035e-05,
    -7.754745104846469e-06,
    0.000813819527392651,
    -8.507175355367859e-06,
    0.0008478127972813847,
    -0.0011330492956602403,
    -2.8809520687795477e-05,
    9.340548538299318e-05,
    -0.00010201825370383492,
    -0.0015280170407654895
  ],
  "magic_gates": [],
  "median_time": 0.07104051113128662,
  "mad_time": 0.00014472007751464844,
  "input_arguments": {
    "backend": "qibotn",
    "max_bond_dim": 128,
    "replacement_probability": 0.0,
    "nqubits": 20,
    "nlayers": 3,
    "nruns": 10,
    "rng_seed": 42,
    "set_initial_state": true,
    "platform": "quimb",
    "dry_run_discarded": true
  }
}