{
  "measured_observable": "ZXZXZXZXZXZXZXZXZXZXZXZXZXZXZXZXZXZXZXZXZXZXZXZXZXZXZXZ",
  "times": [
    0.18651700019836426,
    0.31435251235961914,
    0.18446135520935059,
    0.18712854385375977,
    0.18761897087097168,
    0.3127017021179199,
    0.18559479713439941,
    0.18692874908447266,
    0.35806846618652344,
    0.1850578784942627
  ],
  "expvals": [
    5.56386978031648e-10,
    4.6340991999316725e-11,
    -2.554799573944412e-10,
    -1.4992773662459292e-10,
    5.0667014165343517e-11,
    9.212606940461961e-14,
    3.028758565447355e-10,
    2.9171243538327875e-10,
    1.4067019098029163e-08,
    -1.8087961040976493e-10
  ],
  "magic_gates": [],
  "median_time": 0.1870286464691162,
  "mad_time": 0.0017023086547851562,
  "input_arguments": {
    "backend": "qibotn",
    "max_bond_dim": 512,
    "replacement_probability": 0.0,
    "nqubits": 55,
    "nlayers": 3,
    "nruns": 10,
    "rng_seed": 42,
    "set_initial_state": true,
    "platform": "quimb",
    "dry_run_discarded": true
  }
}