{
  "measured_observable": "ZXZXZXZXZXZXZXZXZXZX",
  "times": [
    0.11792302131652832,
    0.1395430564880371,
    0.15797901153564453,
    0.1902148723602295,
    0.1671919822692871,
    0.12791919708251953,
    0.1438279151916504,
    0.13125205039978027,
    0.1221468448638916,
    0.2187199592590332
  ],
  "expvals": [
    1.2381918070746933e-08,
    -2.4312117665880693e-20,
    -3.9079328992041124e-08,
    1.6822585462200214e-11,
    -0.0010674815880617862,
    2.467286389017547e-07,
    6.14601104890683e-20,
    6.375016172300417e-23,
    -1.9101783200862172e-38,
    2.04517135741735e-05
  ],
  "magic_gates": [
    16,
    21,
    22,
    24,
    23,
    19,
    18,
    17,
    17,
    26
  ],
  "median_time": 0.14168548583984375,
  "mad_time": 0.017916083335876465,
  "ave_magic_gates": 20.3,
  "input_arguments": {
    "max_bond_dim": 16,
    "replacement_probability": 0.75,
    "nqubits": 20,
    "nlayers": 4,
    "nruns": 10,
    "rng_seed": 42,
    "set_initial_state": true
  }
}
