{
  "measured_observable": "ZXZXZXZXZXZXZXZ",
  "times": [
    1.5869228839874268,
    1.4666500091552734,
    1.8332972526550293,
    2.6063878536224365,
    0.5099611282348633,
    5.685225963592529,
    0.6258518695831299,
    1.9636259078979492,
    0.20331692695617676,
    2.2506790161132812
  ],
  "expvals": [
    -1.400874728576226e-05,
    0.0012167765959194062,
    -0.00029547582545555765,
    -0.0021876641123919375,
    -9.70487524971509e-05,
    0.028747875065097718,
    0.008509107747116058,
    -0.0008287641951560391,
    0.0006173416983250685,
    0.04060012728449797
  ],
  "magic_gates": [
    29,
    32,
    27,
    31,
    30,
    34,
    28,
    34,
    26,
    33
  ],
  "median_time": 1.710110068321228,
  "mad_time": 0.7184233665466309,
  "ave_magic_gates": 30.4,
  "input_arguments": {
    "max_bond_dim": 256,
    "replacement_probability": 0.5,
    "nqubits": 15,
    "nlayers": 4,
    "nruns": 10,
    "rng_seed": 42,
    "set_initial_state": true
  }
}
