{
  "measured_observable": "ZXZXZX",
  "times": [
    0.002267122268676758,
    0.003961086273193359,
    0.0022110939025878906,
    0.0022089481353759766,
    0.0035190582275390625,
    0.0027239322662353516,
    0.0022640228271484375,
    0.0021278858184814453,
    0.0021827220916748047,
    0.0021691322326660156
  ],
  "expvals": [
    0.0,
    0.03220783091192595,
    0.0,
    0.6272922424007298,
    0.09947114839913254,
    0.0,
    0.0,
    0.0,
    5.343470192570732e-36,
    0.0
  ],
  "magic_gates": [
    0,
    1,
    0,
    0,
    1,
    0,
    0,
    0,
    0,
    0
  ],
  "median_time": 0.002237558364868164,
  "mad_time": 6.16312026977539e-05,
  "ave_magic_gates": 0.2,
  "input_arguments": {
    "backend": "mpstab",
    "max_bond_dim": 8,
    "replacement_probability": 0.99,
    "nqubits": 6,
    "nlayers": 3,
    "nruns": 10,
    "rng_seed": 42,
    "set_initial_state": true,
    "platform": "None",
    "dry_run_discarded": true
  }
}
