{
  "measured_observable": "ZXZXZXZXZX",
  "times": [
    0.011296987533569336,
    0.020706653594970703,
    0.028109073638916016,
    0.013620853424072266,
    0.02551889419555664,
    0.015519857406616211,
    0.015722990036010742,
    0.02977728843688965,
    0.015037775039672852,
    0.008221864700317383
  ],
  "expvals": [
    0.0,
    5.410289977297883e-66,
    0.005417037381371706,
    4.08658620626456e-32,
    1.2740166424476129e-05,
    -1.2037062152420224e-35,
    0.0032826323634293454,
    0.00021706866854927259,
    0.0,
    0.008085238239025145
  ],
  "magic_gates": [
    3,
    7,
    10,
    4,
    9,
    5,
    5,
    11,
    5,
    2
  ],
  "median_time": 0.015621423721313477,
  "mad_time": 0.004704833030700684,
  "ave_magic_gates": 6.1,
  "input_arguments": {
    "backend": "mpstab",
    "max_bond_dim": 2,
    "replacement_probability": 0.25,
    "nqubits": 10,
    "nlayers": 3,
    "nruns": 10,
    "rng_seed": 42,
    "set_initial_state": true,
    "platform": "None",
    "dry_run_discarded": true
  }
}
