{
  "measured_observable": "ZXZXZXZXZX",
  "times": [
    0.011082887649536133,
    0.02048206329345703,
    0.02789616584777832,
    0.013553142547607422,
    0.025451183319091797,
    0.015598773956298828,
    0.015921831130981445,
    0.03009796142578125,
    0.015028238296508789,
    0.008247852325439453
  ],
  "expvals": [
    0.0,
    3.127610217251873e-20,
    2.393445774928166e-05,
    -1.0047837778338e-32,
    0.0001935868487877263,
    -6.018531076210112e-36,
    -0.001545611414729372,
    0.011796503545482506,
    -1.830248494706642e-33,
    0.030535460588148808
  ],
  "magic_gates": [
    3,
    7,
    10,
    4,
    9,
    5,
    5,
    11,
    5,
    2
  ],
  "median_time": 0.015760302543640137,
  "mad_time": 0.004699587821960449,
  "ave_magic_gates": 6.1,
  "input_arguments": {
    "backend": "mpstab",
    "max_bond_dim": 4,
    "replacement_probability": 0.25,
    "nqubits": 10,
    "nlayers": 3,
    "nruns": 10,
    "rng_seed": 42,
    "set_initial_state": true,
    "platform": "None",
    "dry_run_discarded": true
  }
}
