{
  "measured_observable": "ZXZXZXZXZXZXZXZXZXZXZXZXZXZXZXZXZXZXZXZXZXZXZXZXZXZXZXZ",
  "times": [
    13.819215536117554,
    13.983901023864746,
    13.844603776931763,
    13.72456979751587,
    13.377622842788696,
    13.841227293014526,
    13.871848583221436,
    13.549654006958008,
    13.88572907447815,
    13.77466106414795
  ],
  "expvals": [
    -3.1175200884719565e-12,
    -4.5194504137120845e-12,
    -9.69863500179261e-13,
    -6.6174271384593e-17,
    4.0746358855082975e-12,
    -1.2599954878621132e-12,
    1.1168578641244176e-15,
    1.4039383474726072e-13,
    2.677151665463319e-12,
    -6.549278717650609e-12
  ],
  "magic_gates": [
    165,
    165,
    165,
    165,
    165,
    165,
    165,
    165,
    165,
    165
  ],
  "median_time": 13.83022141456604,
  "mad_time": 0.0555340051651001,
  "ave_magic_gates": 165.0,
  "input_arguments": {
    "backend": "mpstab",
    "max_bond_dim": 16,
    "replacement_probability": 0.0,
    "nqubits": 55,
    "nlayers": 3,
    "nruns": 10,
    "rng_seed": 42,
    "set_initial_state": true,
    "platform": "None",
    "dry_run_discarded": true
  }
}