{
  "measured_observable": "ZXZXZXZXZXZXZXZXZXZXZXZXZXZXZXZXZXZXZXZXZXZXZXZXZXZXZXZXZXZXZXZXZXZXZXZXZXZ",
  "times": [
    0.757561445236206,
    0.759986162185669,
    0.9228072166442871,
    0.7433333396911621,
    0.735969066619873,
    0.9329705238342285,
    0.7486310005187988,
    0.8751425743103027,
    0.7407636642456055,
    0.7536358833312988
  ],
  "expvals": [
    -2.2401721329636533e-13,
    6.416788493295936e-14,
    4.983329613950811e-17,
    -9.413178422937438e-17,
    -9.739429962211927e-20,
    3.333589416387788e-16,
    1.025652466305923e-16,
    4.639107438951179e-16,
    -3.789095867852803e-14,
    1.1702864865477085e-14
  ],
  "magic_gates": [],
  "median_time": 0.7555986642837524,
  "mad_time": 0.013550162315368652,
  "input_arguments": {
    "backend": "qibotn",
    "max_bond_dim": 128,
    "replacement_probability": 0.0,
    "nqubits": 75,
    "nlayers": 3,
    "nruns": 10,
    "rng_seed": 42,
    "set_initial_state": true,
    "platform": "quimb",
    "dry_run_discarded": true
  }
}