{
  "measured_observable": "ZXZXZXZXZX",
  "times": [
    0.037127017974853516,
    0.036397695541381836,
    0.03682208061218262,
    0.03620195388793945,
    0.03618001937866211,
    0.03663897514343262,
    0.0400998592376709,
    0.036048173904418945,
    0.035997867584228516,
    0.03611111640930176
  ],
  "expvals": [
    0.0020039572846144438,
    -0.02788706310093403,
    -0.07438749819993973,
    0.020817633718252182,
    -5.093066283734515e-05,
    -0.006065906025469303,
    3.545472281984985e-05,
    -0.01869443617761135,
    0.00890118908137083,
    0.012317211367189884
  ],
  "magic_gates": [],
  "median_time": 0.036299824714660645,
  "mad_time": 0.00027680397033691406,
  "input_arguments": {
    "backend": "qibotn",
    "max_bond_dim": 4,
    "replacement_probability": 0.5,
    "nqubits": 10,
    "nlayers": 3,
    "nruns": 10,
    "rng_seed": 42,
    "set_initial_state": true,
    "platform": "quimb",
    "dry_run_discarded": true
  }
}
