{
  "measured_observable": "ZXZXZXZXZXZXZXZXZXZXZXZXZ",
  "times": [
    0.09747624397277832,
    0.09607744216918945,
    0.09432578086853027,
    0.0927271842956543,
    0.09326744079589844,
    0.0944669246673584,
    0.09863805770874023,
    0.09503030776977539,
    0.09533166885375977,
    0.24436068534851074
  ],
  "expvals": [
    -1.7370381571723208e-07,
    1.5502381242634698e-06,
    -0.00016774550185710507,
    -4.94216007685499e-05,
    -4.643567486040116e-05,
    -0.0010035603327287449,
    -9.518282539546485e-09,
    -1.1721416744600107e-05,
    1.3922830467430382e-05,
    0.0003904375928874078
  ],
  "magic_gates": [],
  "median_time": 0.09518098831176758,
  "mad_time": 0.0014050006866455078,
  "input_arguments": {
    "backend": "qibotn",
    "max_bond_dim": 1024,
    "replacement_probability": 0.0,
    "nqubits": 25,
    "nlayers": 3,
    "nruns": 10,
    "rng_seed": 42,
    "set_initial_state": true,
    "platform": "quimb",
    "dry_run_discarded": true
  }
}