{
  "measured_observable": "ZXZXZXZXZXZX",
  "times": [
    0.03215599060058594,
    0.031234025955200195,
    0.07314729690551758,
    0.027169227600097656,
    0.024428844451904297,
    0.0707101821899414,
    0.02660989761352539,
    0.04037618637084961,
    0.035961151123046875,
    0.027204036712646484,
    0.03600001335144043,
    0.01729106903076172,
    0.01368403434753418,
    0.03444504737854004,
    0.055433034896850586,
    0.020329952239990234,
    0.03614997863769531,
    0.03823375701904297,
    0.03396201133728027,
    0.040493011474609375
  ],
  "expvals": [
    -0.000977923442501616,
    -2.918725522448737e-19,
    0.007370229091719737,
    -2.8888949165808538e-34,
    -4.7064913015963076e-33,
    8.786573398586813e-21,
    0.0005064862575699738,
    4.771666274051354e-07,
    -2.5252275473879965e-64,
    0.0026905098734983654,
    1.1662202685243959e-32,
    -3.95170369213745e-17,
    7.477515285835998e-51,
    1.3573968466351442e-20,
    9.704074197871741e-06,
    0.012794526409559172,
    3.0168473315471607e-18,
    2.5749031826499304e-34,
    0.0052381142330833776,
    -1.1575795744756235e-16
  ],
  "magic_gates": [
    9,
    8,
    16,
    7,
    6,
    10,
    6,
    9,
    10,
    7,
    10,
    4,
    3,
    9,
    11,
    5,
    10,
    11,
    9,
    8
  ],
  "median_time": 0.034203529357910156,
  "mad_time": 0.006644487380981445,
  "ave_magic_gates": 8.4,
  "input_arguments": {
    "backend": "mpstab",
    "max_bond_dim": 32,
    "replacement_probability": 0.75,
    "nqubits": 12,
    "nlayers": 4,
    "nruns": 20,
    "rng_seed": 42,
    "set_initial_state": true,
    "platform": "None",
    "dry_run_discarded": true
  }
}
