{
  "measured_observable": "ZXZXZXZXZX",
  "times": [
    0.01880192756652832,
    0.02929401397705078,
    0.0213010311126709,
    0.016492128372192383,
    0.02566218376159668,
    0.02851414680480957,
    0.023823022842407227,
    0.017470121383666992,
    0.048583984375,
    0.03095388412475586
  ],
  "expvals": [
    0.019014474843078093,
    4.390484975835285e-32,
    -0.013465658253188698,
    -0.09075850940544736,
    3.117099564683086e-05,
    -3.173679729113243e-32,
    0.003440627189075048,
    8.185202263645752e-34,
    0.0011601011084762824,
    0.0028851751390953514
  ],
  "magic_gates": [
    6,
    10,
    7,
    5,
    8,
    10,
    8,
    6,
    10,
    10
  ],
  "median_time": 0.024742603302001953,
  "mad_time": 0.0052460432052612305,
  "ave_magic_gates": 8.0,
  "input_arguments": {
    "backend": "mpstab",
    "max_bond_dim": 32,
    "replacement_probability": 0.5,
    "nqubits": 10,
    "nlayers": 3,
    "nruns": 10,
    "rng_seed": 42,
    "set_initial_state": true,
    "platform": "None",
    "dry_run_discarded": true
  }
}
