{
  "measured_observable": "ZXZXZXZXZXZX",
  "times": [
    1.9969100952148438,
    1.7438831329345703,
    1.7507991790771484,
    1.7457971572875977,
    1.5768508911132812,
    1.559739112854004,
    1.5810000896453857,
    1.5788259506225586,
    1.5739071369171143,
    1.5835566520690918
  ],
  "expvals": [
    -6.566984325218073e-07,
    -1.276102068459295e-07,
    -7.914160960353911e-06,
    7.61357368901372e-05,
    -2.15485181781494e-17,
    1.4862833186413127e-11,
    0.0,
    5.69374880576845e-10,
    6.569919719368045e-07,
    1.1481127853985029e-10
  ],
  "magic_gates": [],
  "median_time": 1.5822783708572388,
  "mad_time": 0.015455245971679688,
  "input_arguments": {
    "backend": "qibotn",
    "max_bond_dim": 2,
    "replacement_probability": 0.25,
    "nqubits": 12,
    "nlayers": 3,
    "nruns": 10,
    "rng_seed": 42,
    "set_initial_state": true,
    "platform": "quimb",
    "dry_run_discarded": true
  }
}
