{
  "measured_observable": "ZXZXZXZXZXZX",
  "times": [
    0.033944129943847656,
    0.02939295768737793,
    0.021948814392089844,
    0.05846285820007324,
    0.05467486381530762,
    0.0376429557800293,
    0.02333688735961914,
    0.05161404609680176,
    0.027034759521484375,
    0.03748774528503418
  ],
  "expvals": [
    -3.0790249460262094e-48,
    0.004136772184987896,
    -1.0535036905035507e-48,
    -3.129469648224452e-07,
    -0.004547495905653309,
    -0.031777392658742326,
    0.008794961400910257,
    -8.446696781247958e-06,
    3.308625901736936e-48,
    0.0005231481820715037
  ],
  "magic_gates": [
    10,
    8,
    6,
    12,
    12,
    11,
    6,
    12,
    7,
    10
  ],
  "median_time": 0.03571593761444092,
  "mad_time": 0.01053011417388916,
  "ave_magic_gates": 9.4,
  "input_arguments": {
    "backend": "mpstab",
    "max_bond_dim": 64,
    "replacement_probability": 0.5,
    "nqubits": 12,
    "nlayers": 3,
    "nruns": 10,
    "rng_seed": 42,
    "set_initial_state": true,
    "platform": "None",
    "dry_run_discarded": true
  }
}
