{
  "measured_observable": "ZXZX",
  "times": [
    0.005988121032714844,
    0.0021610260009765625,
    0.003896951675415039,
    0.0028848648071289062,
    0.0048291683197021484,
    0.005057811737060547,
    0.003866910934448242,
    0.003022909164428711,
    0.003197908401489258,
    0.003062009811401367
  ],
  "expvals": [
    0.2940608003792626,
    0.8011089317310911,
    0.44847805691476705,
    0.6738471049400505,
    0.04980956260026009,
    0.0854233325593042,
    -0.016639682227508914,
    0.0007251980742366878,
    0.013048866990345683,
    -0.5596273611107339
  ],
  "magic_gates": [
    5,
    1,
    3,
    2,
    4,
    4,
    3,
    2,
    2,
    2
  ],
  "median_time": 0.00353240966796875,
  "mad_time": 0.0005785226821899414,
  "ave_magic_gates": 2.8,
  "input_arguments": {
    "backend": "mpstab",
    "max_bond_dim": 4,
    "replacement_probability": 0.5,
    "nqubits": 4,
    "nlayers": 3,
    "nruns": 10,
    "rng_seed": 42,
    "set_initial_state": true,
    "platform": "None",
    "dry_run_discarded": true
  }
}
