{
  "measured_observable": "ZXZXZXZXZXZXZXZXZXZX",
  "times": [
    0.17916512489318848,
    0.19214081764221191,
    0.2147200107574463,
    0.32944726943969727,
    0.24138808250427246,
    0.1827399730682373,
    0.22650909423828125,
    0.19666481018066406,
    0.16434979438781738,
    0.3924133777618408
  ],
  "expvals": [
    7.53895863165944e-08,
    -1.566059512306831e-19,
    5.99115673145237e-08,
    -1.8075325344132676e-09,
    0.0012857621371565667,
    -0.00012407661971347675,
    1.7293905063660927e-31,
    -8.613231235768941e-21,
    0.0,
    2.520592651452444e-05
  ],
  "magic_gates": [
    16,
    21,
    22,
    24,
    23,
    19,
    18,
    17,
    17,
    26
  ],
  "median_time": 0.20569241046905518,
  "mad_time": 0.024739861488342285,
  "ave_magic_gates": 20.3,
  "input_arguments": {
    "max_bond_dim": 32,
    "replacement_probability": 0.75,
    "nqubits": 20,
    "nlayers": 4,
    "nruns": 10,
    "rng_seed": 42,
    "set_initial_state": true
  }
}
