{
  "measured_observable": "ZXZXZXZXZXZXZXZXZXZXZXZXZ",
  "times": [
    2.874689817428589,
    2.6944689750671387,
    2.622124671936035,
    2.6758291721343994,
    2.6484458446502686,
    2.6740963459014893,
    2.8511173725128174,
    2.6039440631866455,
    2.6540398597717285,
    2.6020660400390625
  ],
  "expvals": [
    -1.6598364298636194e-07,
    -2.4906971557727897e-05,
    4.0499509441582526e-05,
    -3.995993061385803e-05,
    -4.583680676497806e-05,
    3.768233214279537e-05,
    -2.7193850676800866e-07,
    -5.0190629324143445e-06,
    1.0073714752968525e-05,
    0.00010215685969334322
  ],
  "magic_gates": [
    75,
    75,
    75,
    75,
    75,
    75,
    75,
    75,
    75,
    75
  ],
  "median_time": 2.664068102836609,
  "mad_time": 0.03617215156555176,
  "ave_magic_gates": 75.0,
  "input_arguments": {
    "backend": "mpstab",
    "max_bond_dim": 16,
    "replacement_probability": 0.0,
    "nqubits": 25,
    "nlayers": 3,
    "nruns": 10,
    "rng_seed": 42,
    "set_initial_state": true,
    "platform": "None",
    "dry_run_discarded": true
  }
}