{
  "measured_observable": "ZXZXZXZXZXZXZXZXZXZXZXZXZXZXZX",
  "times": [
    0.12038278579711914,
    0.10779213905334473,
    0.23530340194702148,
    0.10822939872741699,
    0.10765981674194336,
    0.10774588584899902,
    0.10788846015930176,
    0.10793089866638184,
    0.10729360580444336,
    0.10747241973876953
  ],
  "expvals": [
    -9.260984905213402e-07,
    -5.3063643176047255e-08,
    -1.2981472647494663e-07,
    -1.0203520918632797e-07,
    -4.715807658374252e-08,
    -5.200068484950097e-08,
    9.630141501434757e-06,
    3.3726709238701743e-06,
    -2.5743648781013966e-07,
    3.966337327359402e-06
  ],
  "magic_gates": [],
  "median_time": 0.10784029960632324,
  "mad_time": 0.0002741813659667969,
  "input_arguments": {
    "backend": "qibotn",
    "max_bond_dim": 32,
    "replacement_probability": 0.0,
    "nqubits": 30,
    "nlayers": 3,
    "nruns": 10,
    "rng_seed": 42,
    "set_initial_state": true,
    "platform": "quimb",
    "dry_run_discarded": true
  }
}