{
  "measured_observable": "ZXZXZXZXZXZXZXZXZXZXZXZXZXZXZXZXZXZ",
  "times": [
    0.15432071685791016,
    0.15419292449951172,
    0.1517031192779541,
    0.15314006805419922,
    0.15218758583068848,
    0.27892065048217773,
    0.15250039100646973,
    0.1496720314025879,
    0.15256667137145996,
    0.1518230438232422
  ],
  "expvals": [
    -5.992602587991491e-06,
    1.4742247592388797e-08,
    -4.0546707665279154e-07,
    -3.5231458742298493e-07,
    -4.04229041799716e-06,
    2.133510174423082e-08,
    5.323662761278156e-10,
    0.00023452933915655118,
    2.2098905887844577e-09,
    6.765807889422776e-09
  ],
  "magic_gates": [],
  "median_time": 0.15253353118896484,
  "mad_time": 0.0007704496383666992,
  "input_arguments": {
    "backend": "qibotn",
    "max_bond_dim": 1024,
    "replacement_probability": 0.0,
    "nqubits": 35,
    "nlayers": 3,
    "nruns": 10,
    "rng_seed": 42,
    "set_initial_state": true,
    "platform": "quimb",
    "dry_run_discarded": true
  }
}