{
  "measured_observable": "ZXZXZXZXZXZX",
  "times": [
    0.004757881164550781,
    0.008243799209594727,
    0.010353803634643555,
    0.004386186599731445,
    0.004354953765869141,
    0.004291057586669922,
    0.00434422492980957,
    0.004866838455200195,
    0.0044040679931640625,
    0.007658958435058594
  ],
  "expvals": [
    0.0,
    0.0,
    0.0,
    0.0,
    0.0,
    -0.09527007922127827,
    0.018122402309014542,
    0.0,
    0.0,
    -0.007998361453060054
  ],
  "magic_gates": [
    0,
    1,
    2,
    0,
    0,
    0,
    0,
    0,
    0,
    1
  ],
  "median_time": 0.004580974578857422,
  "mad_time": 0.0002613067626953125,
  "ave_magic_gates": 0.4,
  "input_arguments": {
    "backend": "mpstab",
    "max_bond_dim": 16,
    "replacement_probability": 0.99,
    "nqubits": 12,
    "nlayers": 3,
    "nruns": 10,
    "rng_seed": 42,
    "set_initial_state": true,
    "platform": "None",
    "dry_run_discarded": true
  }
}
