{
  "measured_observable": "ZXZXZXZXZXZXZXZXZXZXZXZXZXZXZXZXZXZ",
  "times": [
    3.405160427093506,
    3.5464799404144287,
    3.3977932929992676,
    3.320253849029541,
    3.322755813598633,
    3.264183759689331,
    3.21459698677063,
    3.3806893825531006,
    3.2313222885131836,
    3.207777976989746
  ],
  "expvals": [
    -9.522032312992983e-07,
    7.875099724924636e-08,
    2.3696577371952615e-09,
    6.431527883220764e-12,
    -1.5435652574687014e-08,
    7.248378702146526e-12,
    -4.030136145428869e-14,
    -1.565976422469285e-11,
    -1.8613144231534627e-13,
    -8.093950567203958e-09
  ],
  "magic_gates": [
    105,
    105,
    105,
    105,
    105,
    105,
    105,
    105,
    105,
    105
  ],
  "median_time": 3.321504831314087,
  "mad_time": 0.0799720287322998,
  "ave_magic_gates": 105.0,
  "input_arguments": {
    "backend": "mpstab",
    "max_bond_dim": 4,
    "replacement_probability": 0.0,
    "nqubits": 35,
    "nlayers": 3,
    "nruns": 10,
    "rng_seed": 42,
    "set_initial_state": true,
    "platform": "None",
    "dry_run_discarded": true
  }
}