{
  "measured_observable": "ZXZXZXZXZX",
  "times": [
    0.01874089241027832,
    0.029294252395629883,
    0.021294832229614258,
    0.01661205291748047,
    0.025554895401000977,
    0.029029130935668945,
    0.023900270462036133,
    0.017628192901611328,
    0.049278974533081055,
    0.03112006187438965
  ],
  "expvals": [
    0.019014474843078093,
    4.390484975835285e-32,
    -0.013465658253188698,
    -0.09075850940544736,
    3.093839431493709e-05,
    -3.173679729113243e-32,
    0.003527792416953204,
    8.185202263645752e-34,
    0.0011601011084762824,
    0.0028851751390953514
  ],
  "magic_gates": [
    6,
    10,
    7,
    5,
    8,
    10,
    8,
    6,
    10,
    10
  ],
  "median_time": 0.024727582931518555,
  "mad_time": 0.005276679992675781,
  "ave_magic_gates": 8.0,
  "input_arguments": {
    "backend": "mpstab",
    "max_bond_dim": 16,
    "replacement_probability": 0.5,
    "nqubits": 10,
    "nlayers": 3,
    "nruns": 10,
    "rng_seed": 42,
    "set_initial_state": true,
    "platform": "None",
    "dry_run_discarded": true
  }
}
