{
  "measured_observable": "ZXZXZXZXZXZXZXZXZXZXZXZXZXZXZXZXZXZXZXZXZXZXZXZXZX",
  "times": [
    0.5457825660705566,
    0.73583984375,
    0.5503990650177002,
    0.542426347732544,
    0.5507285594940186,
    0.727696418762207,
    0.5592553615570068,
    0.5447690486907959,
    0.5525214672088623,
    0.7587070465087891
  ],
  "expvals": [
    1.7218051080045307e-11,
    3.0294005321309143e-11,
    -1.7924195062440975e-11,
    4.1459657931154193e-10,
    -1.0279573760183969e-10,
    -6.947411763446699e-13,
    4.5403284656984616e-10,
    -2.016672653161148e-12,
    -2.1753137274326302e-11,
    -5.441103176043808e-10
  ],
  "magic_gates": [],
  "median_time": 0.5516250133514404,
  "mad_time": 0.007243156433105469,
  "input_arguments": {
    "backend": "qibotn",
    "max_bond_dim": 256,
    "replacement_probability": 0.0,
    "nqubits": 50,
    "nlayers": 3,
    "nruns": 10,
    "rng_seed": 42,
    "set_initial_state": true,
    "platform": "quimb",
    "dry_run_discarded": true
  }
}