{
  "measured_observable": "ZXZXZXZXZXZXZXZXZXZXZXZXZXZXZXZXZXZXZXZXZXZXZ",
  "times": [
    0.15884184837341309,
    0.2844727039337158,
    0.15425610542297363,
    0.15558981895446777,
    0.15421414375305176,
    0.1589341163635254,
    0.26262784004211426,
    0.15348005294799805,
    0.15384221076965332,
    0.1535475254058838
  ],
  "expvals": [
    7.694581572783851e-10,
    -8.18399095788436e-09,
    3.594013550905317e-12,
    1.9791401574091632e-11,
    -3.372234959702436e-12,
    3.895877963614135e-10,
    -1.0759654241013141e-09,
    -4.284592835812135e-09,
    5.397169414437621e-13,
    8.351481672821829e-09
  ],
  "magic_gates": [],
  "median_time": 0.1549229621887207,
  "mad_time": 0.0014091730117797852,
  "input_arguments": {
    "backend": "qibotn",
    "max_bond_dim": 16,
    "replacement_probability": 0.0,
    "nqubits": 45,
    "nlayers": 3,
    "nruns": 10,
    "rng_seed": 42,
    "set_initial_state": true,
    "platform": "quimb",
    "dry_run_discarded": true
  }
}