{
  "measured_observable": "ZXZXZXZXZX",
  "times": [
    0.3216836452484131,
    0.3216414451599121,
    0.3197753429412842,
    0.32221150398254395,
    0.32183289527893066,
    0.322282075881958,
    0.328538179397583,
    0.3257927894592285,
    0.32656383514404297,
    0.3270139694213867
  ],
  "expvals": [
    -0.00659501387694089,
    0.001814517781985816,
    -0.03919950802252209,
    0.0003362931771741114,
    -0.06415308602720957,
    0.0954709359557627,
    0.03454620838755857,
    -0.00023007195778703427,
    -0.026345663672948494,
    0.009469536842152387
  ],
  "magic_gates": [
    30,
    30,
    30,
    30,
    30,
    30,
    30,
    30,
    30,
    30
  ],
  "median_time": 0.322246789932251,
  "mad_time": 0.001538395881652832,
  "ave_magic_gates": 30.0,
  "input_arguments": {
    "backend": "mpstab",
    "max_bond_dim": 16,
    "replacement_probability": 0.0,
    "nqubits": 10,
    "nlayers": 3,
    "nruns": 10,
    "rng_seed": 42,
    "set_initial_state": true,
    "platform": "None",
    "dry_run_discarded": true
  }
}