{
  "measured_observable": "ZXZXZXZXZX",
  "times": [
    0.0032682418823242188,
    0.0030128955841064453,
    0.003072023391723633,
    0.003078937530517578,
    0.0031440258026123047,
    0.003142833709716797,
    0.00311279296875,
    0.0030930042266845703,
    0.003130197525024414,
    0.0030968189239501953
  ],
  "expvals": [
    0.0,
    0.0,
    -0.0063981609017490955,
    0.0,
    0.0,
    0.0,
    0.016091212539421355,
    0.0,
    0.0,
    0.012584251210595934
  ],
  "magic_gates": [
    0,
    0,
    0,
    0,
    0,
    0,
    0,
    0,
    0,
    0
  ],
  "median_time": 0.0031048059463500977,
  "mad_time": 2.9325485229492188e-05,
  "ave_magic_gates": 0.0,
  "input_arguments": {
    "backend": "mpstab",
    "max_bond_dim": 16,
    "replacement_probability": 0.0,
    "nqubits": 10,
    "nlayers": 3,
    "nruns": 10,
    "rng_seed": 42,
    "set_initial_state": true,
    "platform": "None",
    "dry_run_discarded": true
  }
}
