{
  "measured_observable": "ZXZXZXZXZXZX",
  "times": [
    1.9841012954711914,
    1.7702770233154297,
    1.783041000366211,
    1.87599515914917,
    1.5897541046142578,
    1.5925941467285156,
    1.7635366916656494,
    1.764455795288086,
    1.8459670543670654,
    1.593261957168579
  ],
  "expvals": [
    2.3396108794347843e-17,
    6.301925127571995e-19,
    -3.9488774916662805e-08,
    9.950366023148203e-17,
    -2.1163626406917047e-16,
    -3.63207727782644e-18,
    -2.0643209364124004e-16,
    -3.4059070732003534e-18,
    4.573977915173222e-19,
    -5.421010862427522e-19
  ],
  "magic_gates": [],
  "median_time": 1.7673664093017578,
  "mad_time": 0.09361469745635986,
  "input_arguments": {
    "backend": "qibotn",
    "max_bond_dim": 8,
    "replacement_probability": 0.0,
    "nqubits": 12,
    "nlayers": 3,
    "nruns": 10,
    "rng_seed": 42,
    "set_initial_state": true,
    "platform": "quimb",
    "dry_run_discarded": true
  }
}
