{
  "measured_observable": "ZXZXZXZXZXZXZXZXZXZXZXZXZXZXZXZXZXZXZXZX",
  "times": [
    4.882648944854736,
    4.838459253311157,
    4.79624080657959,
    4.58014440536499,
    4.540001630783081,
    4.73504638671875,
    4.480961561203003,
    4.6961774826049805,
    4.9891743659973145,
    4.796047210693359
  ],
  "expvals": [
    1.1774472832772046e-11,
    8.227620027039264e-09,
    -2.1519434358566324e-14,
    -6.156197924813651e-13,
    -1.7194702698420083e-11,
    -5.879904360075198e-10,
    -2.499347986714844e-13,
    -9.368111977103364e-13,
    -1.064104448512863e-12,
    -4.298856912381624e-11
  ],
  "magic_gates": [
    120,
    120,
    120,
    120,
    120,
    120,
    120,
    120,
    120,
    120
  ],
  "median_time": 4.765546798706055,
  "mad_time": 0.09500730037689209,
  "ave_magic_gates": 120.0,
  "input_arguments": {
    "backend": "mpstab",
    "max_bond_dim": 8,
    "replacement_probability": 0.0,
    "nqubits": 40,
    "nlayers": 3,
    "nruns": 10,
    "rng_seed": 42,
    "set_initial_state": true,
    "platform": "None",
    "dry_run_discarded": true
  }
}