{
  "measured_observable": "ZXZXZXZXZX",
  "times": [
    0.006288766860961914,
    0.0059010982513427734,
    0.0062160491943359375,
    0.0035789012908935547,
    0.0036249160766601562,
    0.0036029815673828125,
    0.003525257110595703,
    0.006072998046875,
    0.003606081008911133,
    0.00360870361328125
  ],
  "expvals": [
    0.0,
    -3.516229389648801e-31,
    -0.007675723120878845,
    0.0,
    0.0,
    0.0,
    0.016091212539421355,
    1.304817537322352e-32,
    0.0,
    0.012584251210595934
  ],
  "magic_gates": [
    1,
    1,
    1,
    0,
    0,
    0,
    0,
    1,
    0,
    0
  ],
  "median_time": 0.003616809844970703,
  "mad_time": 6.473064422607422e-05,
  "ave_magic_gates": 0.4,
  "input_arguments": {
    "backend": "mpstab",
    "max_bond_dim": 32,
    "replacement_probability": 0.99,
    "nqubits": 10,
    "nlayers": 3,
    "nruns": 10,
    "rng_seed": 42,
    "set_initial_state": true,
    "platform": "None",
    "dry_run_discarded": true
  }
}
