{
  "measured_observable": "ZXZXZXZXZX",
  "times": [
    0.04785895347595215,
    0.050950050354003906,
    0.035722970962524414,
    0.03573894500732422,
    0.0363311767578125,
    0.036264896392822266,
    0.03619980812072754,
    0.0359649658203125,
    0.03549313545227051,
    0.03627300262451172
  ],
  "expvals": [
    -1.1915232107639895e-06,
    -0.00014481009566225111,
    0.00017604503955226392,
    5.6959873262485416e-08,
    0.0003467364876996726,
    6.323039087874349e-07,
    9.427635916381405e-08,
    7.71740715777014e-09,
    1.4609430998291373e-08,
    0.000483491865452379
  ],
  "magic_gates": [],
  "median_time": 0.0362323522567749,
  "mad_time": 0.00038039684295654297,
  "input_arguments": {
    "backend": "qibotn",
    "max_bond_dim": 2,
    "replacement_probability": 0.5,
    "nqubits": 10,
    "nlayers": 3,
    "nruns": 10,
    "rng_seed": 42,
    "set_initial_state": true,
    "platform": "quimb",
    "dry_run_discarded": true
  }
}
