{
  "measured_observable": "ZXZXZXZXZXZXZXZXZXZXZXZXZXZXZX",
  "times": [
    2.580895185470581,
    2.633951187133789,
    2.5984766483306885,
    2.5929291248321533,
    2.622063636779785,
    2.736795663833618,
    2.58815860748291,
    2.5409791469573975,
    2.5380613803863525,
    2.5751736164093018
  ],
  "expvals": [
    4.4956923226676793e-07,
    2.388052627424341e-07,
    -3.906719354113785e-10,
    -2.5204403438962075e-14,
    -8.864921390489111e-08,
    8.388341582156236e-12,
    7.63714200666953e-14,
    -3.205732384126697e-05,
    -5.112000629407999e-08,
    -5.6593331066893415e-06
  ],
  "magic_gates": [
    90,
    90,
    90,
    90,
    90,
    90,
    90,
    90,
    90,
    90
  ],
  "median_time": 2.5905438661575317,
  "mad_time": 0.0234450101852417,
  "ave_magic_gates": 90.0,
  "input_arguments": {
    "backend": "mpstab",
    "max_bond_dim": 8,
    "replacement_probability": 0.0,
    "nqubits": 30,
    "nlayers": 3,
    "nruns": 10,
    "rng_seed": 42,
    "set_initial_state": true,
    "platform": "None",
    "dry_run_discarded": true
  }
}