{
  "measured_observable": "ZXZXZXZXZX",
  "times": [
    0.01887798309326172,
    0.01793980598449707,
    0.024361133575439453,
    0.016848087310791016,
    0.021139860153198242,
    0.02097010612487793,
    0.01651310920715332,
    0.008522987365722656,
    0.016221284866333008,
    0.021004915237426758
  ],
  "expvals": [
    0.00016814939351906508,
    3.0940093879167864e-19,
    0.027369128980809905,
    -0.13448668794012136,
    -1.1164577371151625e-05,
    -1.0754905697590899e-05,
    0.008873479220123711,
    0.0,
    -1.1590394399385095e-19,
    0.17669947754713217
  ],
  "magic_gates": [
    6,
    6,
    8,
    5,
    7,
    7,
    5,
    2,
    5,
    7
  ],
  "median_time": 0.018408894538879395,
  "mad_time": 0.002374410629272461,
  "ave_magic_gates": 5.8,
  "input_arguments": {
    "backend": "mpstab",
    "max_bond_dim": 8,
    "replacement_probability": 0.75,
    "nqubits": 10,
    "nlayers": 3,
    "nruns": 10,
    "rng_seed": 42,
    "set_initial_state": true,
    "platform": "None",
    "dry_run_discarded": true
  }
}
