{
  "measured_observable": "ZXZXZXZX",
  "times": [
    0.00851297378540039,
    0.00798487663269043,
    0.007974863052368164,
    0.008042097091674805,
    0.00799107551574707,
    0.007935047149658203,
    0.007857084274291992,
    0.0076580047607421875,
    0.007930994033813477,
    0.007675886154174805
  ],
  "expvals": [
    -0.17460638284683228,
    -0.2340158075094223,
    -0.0851120874285698,
    0.030202731490135193,
    -0.02385815978050232,
    0.12216195464134216,
    0.0022825920023024082,
    -0.01884709671139717,
    -0.01999671570956707,
    0.020340729504823685
  ],
  "magic_gates": [],
  "median_time": 0.007954955101013184,
  "mad_time": 6.16312026977539e-05,
  "input_arguments": {
    "backend": "qibotn",
    "max_bond_dim": 16,
    "replacement_probability": 0.99,
    "nqubits": 8,
    "nlayers": 3,
    "nruns": 10,
    "rng_seed": 42,
    "set_initial_state": true,
    "platform": "quimb",
    "dry_run_discarded": true
  }
}
