{
  "measured_observable": "ZXZXZXZXZXZXZXZ",
  "times": [
    0.05586576461791992,
    0.05350923538208008,
    0.0530550479888916,
    0.05334663391113281,
    0.05322909355163574,
    0.05289196968078613,
    0.05341172218322754,
    0.05381917953491211,
    0.05371713638305664,
    0.05369234085083008
  ],
  "expvals": [
    0.001948521669777942,
    0.01398219114085235,
    0.00039315498942100557,
    -0.00017836110247493003,
    0.0018067504775830699,
    0.0011311624411185967,
    -4.613022365400923e-05,
    0.014294264062763221,
    -1.5318075135008075e-06,
    -0.0010279445707255393
  ],
  "magic_gates": [],
  "median_time": 0.05346047878265381,
  "mad_time": 0.0002442598342895508,
  "input_arguments": {
    "backend": "qibotn",
    "max_bond_dim": 128,
    "replacement_probability": 0.0,
    "nqubits": 15,
    "nlayers": 3,
    "nruns": 10,
    "rng_seed": 42,
    "set_initial_state": true,
    "platform": "quimb",
    "dry_run_discarded": true
  }
}