{
  "measured_observable": "ZXZXZXZXZXZXZXZXZXZXZXZXZXZXZXZXZXZXZXZXZXZXZXZXZXZXZXZXZXZXZXZXZXZXZXZXZXZ",
  "times": [
    15.73476529121399,
    15.653209686279297,
    16.107858419418335,
    16.268548488616943,
    16.38092851638794,
    16.334093809127808,
    16.300629377365112,
    16.38489556312561,
    16.26707148551941,
    16.222846031188965
  ],
  "expvals": [
    3.988080895063832e-25,
    8.660721232446261e-24,
    5.9018284593243e-26,
    5.2086171767620715e-27,
    1.2046678847516808e-25,
    7.669838555648557e-28,
    -2.3574894260076083e-33,
    5.615729558844534e-22,
    -1.0901601684671026e-21,
    -2.738415609437953e-19
  ],
  "magic_gates": [
    225,
    225,
    225,
    225,
    225,
    225,
    225,
    225,
    225,
    225
  ],
  "median_time": 16.267809987068176,
  "mad_time": 0.08970117568969727,
  "ave_magic_gates": 225.0,
  "input_arguments": {
    "backend": "mpstab",
    "max_bond_dim": 4,
    "replacement_probability": 0.0,
    "nqubits": 75,
    "nlayers": 3,
    "nruns": 10,
    "rng_seed": 42,
    "set_initial_state": true,
    "platform": "None",
    "dry_run_discarded": true
  }
}