{
  "measured_observable": "ZXZXZXZXZXZXZXZXZXZXZXZXZXZXZXZXZXZXZXZXZXZXZ",
  "times": [
    0.1609022617340088,
    0.15761208534240723,
    0.2904977798461914,
    0.15909862518310547,
    0.16089200973510742,
    0.15883493423461914,
    0.15931081771850586,
    0.2873563766479492,
    0.15961384773254395,
    0.1590409278869629
  ],
  "expvals": [
    7.694581572783794e-10,
    -8.183990957884246e-09,
    3.594013550905363e-12,
    1.9791401574091626e-11,
    -3.3722349597019615e-12,
    3.8958779636141614e-10,
    -1.0759654241013106e-09,
    -4.284592835812131e-09,
    5.397169414437553e-13,
    8.351481672821826e-09
  ],
  "magic_gates": [],
  "median_time": 0.1594623327255249,
  "mad_time": 0.0010285377502441406,
  "input_arguments": {
    "backend": "qibotn",
    "max_bond_dim": 1024,
    "replacement_probability": 0.0,
    "nqubits": 45,
    "nlayers": 3,
    "nruns": 10,
    "rng_seed": 42,
    "set_initial_state": true,
    "platform": "quimb",
    "dry_run_discarded": true
  }
}