{
  "measured_observable": "ZXZXZXZXZXZXZXZXZXZXZXZXZXZXZXZXZXZXZXZXZXZXZXZXZXZXZXZXZXZX",
  "times": [
    0.3085801601409912,
    0.19373178482055664,
    0.1945352554321289,
    0.3070211410522461,
    0.19452309608459473,
    0.19423794746398926,
    0.19510269165039062,
    0.3030705451965332,
    0.1950523853302002,
    0.19497013092041016
  ],
  "expvals": [
    -2.7152233265325657e-10,
    -6.882276109569212e-11,
    8.034853340854234e-13,
    -1.8894758765254018e-10,
    -1.2629856628089632e-10,
    -4.9980913721954835e-12,
    2.2612485063624768e-11,
    4.967003015715815e-12,
    -3.421245589169557e-14,
    1.2576746664317162e-10
  ],
  "magic_gates": [],
  "median_time": 0.19501125812530518,
  "mad_time": 0.0006307363510131836,
  "input_arguments": {
    "backend": "qibotn",
    "max_bond_dim": 512,
    "replacement_probability": 0.0,
    "nqubits": 60,
    "nlayers": 3,
    "nruns": 10,
    "rng_seed": 42,
    "set_initial_state": true,
    "platform": "quimb",
    "dry_run_discarded": true
  }
}