{
  "measured_observable": "ZXZX",
  "times": [
    0.003493785858154297,
    0.0031652450561523438,
    0.0028181076049804688,
    0.002723217010498047,
    0.014889001846313477,
    0.0028340816497802734,
    0.0027887821197509766,
    0.0027310848236083984,
    0.0026731491088867188,
    0.002688884735107422
  ],
  "expvals": [
    -0.038113199174404144,
    -0.003775504883378744,
    0.030083339661359787,
    -0.011218040250241756,
    -0.0844387337565422,
    -0.00021474462118931115,
    -0.0009917676215991378,
    -0.0012136142468079925,
    -0.08914146572351456,
    0.09870652109384537
  ],
  "magic_gates": [],
  "median_time": 0.0028034448623657227,
  "mad_time": 9.739398956298828e-05,
  "input_arguments": {
    "backend": "qibotn",
    "max_bond_dim": 2,
    "replacement_probability": 0.0,
    "nqubits": 4,
    "nlayers": 3,
    "nruns": 10,
    "rng_seed": 42,
    "set_initial_state": true,
    "platform": "quimb",
    "dry_run_discarded": true
  }
}
