{
  "measured_observable": "ZXZXZXZXZX",
  "times": [
    0.04847383499145508,
    0.05626368522644043,
    0.05544447898864746,
    0.05655169486999512,
    0.05614519119262695,
    0.056067466735839844,
    0.05613851547241211,
    0.05591917037963867,
    0.05653214454650879,
    0.05616593360900879
  ],
  "expvals": [
    -0.002847147125873665,
    0.051388027066623654,
    0.01581253325600999,
    -0.024024776980507617,
    0.006729372449298342,
    -0.0030367660916991,
    0.014852142334443864,
    -0.030901580094161708,
    -0.20952914908284637,
    -0.019267925242297982
  ],
  "magic_gates": [],
  "median_time": 0.05614185333251953,
  "mad_time": 0.0001722574234008789,
  "input_arguments": {
    "backend": "qibotn",
    "max_bond_dim": 8,
    "replacement_probability": 0.0,
    "nqubits": 10,
    "nlayers": 5,
    "nruns": 10,
    "rng_seed": 42,
    "set_initial_state": true,
    "platform": "quimb",
    "dry_run_discarded": true
  }
}