{
  "measured_observable": "ZXZXZX",
  "times": [
    0.00792694091796875,
    0.007513999938964844,
    0.008972883224487305,
    0.010289192199707031,
    0.006213665008544922,
    0.004853010177612305,
    0.007601737976074219,
    0.011901140213012695,
    0.010467052459716797,
    0.0076601505279541016
  ],
  "expvals": [
    -0.09225559860255829,
    -0.00642558784016818,
    -0.012380540918698432,
    -3.851859888774472e-34,
    0.07908645320362687,
    0.0,
    -1.0096939163011378e-16,
    1.2178801393035225e-12,
    1.2132748803497585e-35,
    0.14319010706262972
  ],
  "magic_gates": [
    4,
    4,
    5,
    6,
    3,
    2,
    4,
    7,
    6,
    4
  ],
  "median_time": 0.007793545722961426,
  "mad_time": 0.0013796091079711914,
  "ave_magic_gates": 4.5,
  "input_arguments": {
    "backend": "mpstab",
    "max_bond_dim": 2,
    "replacement_probability": 0.5,
    "nqubits": 6,
    "nlayers": 3,
    "nruns": 10,
    "rng_seed": 42,
    "set_initial_state": true,
    "platform": "None",
    "dry_run_discarded": true
  }
}
