{
  "measured_observable": "ZXZXZXZXZXZXZXZXZXZX",
  "times": [
    0.07634758949279785,
    0.0768132209777832,
    0.08351826667785645,
    0.07492899894714355,
    0.07440352439880371,
    0.07587838172912598,
    0.08562231063842773,
    0.07999491691589355,
    0.07546520233154297,
    0.0749368667602539
  ],
  "expvals": [
    4.1089168643110326e-05,
    -7.75474510484641e-06,
    0.0008138195273926498,
    -8.507175355368045e-06,
    0.0008478127972813836,
    -0.0011330492956602406,
    -2.8809520687795504e-05,
    9.340548538299391e-05,
    -0.00010201825370383471,
    -0.0015280170407654934
  ],
  "magic_gates": [],
  "median_time": 0.07611298561096191,
  "mad_time": 0.0011800527572631836,
  "input_arguments": {
    "backend": "qibotn",
    "max_bond_dim": 32,
    "replacement_probability": 0.0,
    "nqubits": 20,
    "nlayers": 3,
    "nruns": 10,
    "rng_seed": 42,
    "set_initial_state": true,
    "platform": "quimb",
    "dry_run_discarded": true
  }
}