{
  "measured_observable": "ZXZXZXZXZXZX",
  "times": [
    0.019626855850219727,
    0.026134014129638672,
    0.01933884620666504,
    0.04168200492858887,
    0.022088050842285156,
    0.022813796997070312,
    0.061955928802490234,
    0.033708810806274414,
    0.03279519081115723,
    0.019772052764892578
  ],
  "expvals": [
    0.0,
    -0.00275630760972707,
    0.0,
    3.078365165524069e-18,
    -1.811872909044597e-17,
    -0.06900987710284258,
    0.011652009205129099,
    4.8273311115535516e-20,
    0.006292459131588154,
    -0.0001952813730960389
  ],
  "magic_gates": [
    5,
    7,
    5,
    10,
    6,
    6,
    15,
    3,
    9,
    5
  ],
  "median_time": 0.024473905563354492,
  "mad_time": 0.004991054534912109,
  "ave_magic_gates": 7.1,
  "input_arguments": {
    "backend": "mpstab",
    "max_bond_dim": 32,
    "replacement_probability": 0.25,
    "nqubits": 12,
    "nlayers": 3,
    "nruns": 10,
    "rng_seed": 42,
    "set_initial_state": true,
    "platform": "None",
    "dry_run_discarded": true
  }
}
