{
  "measured_observable": "ZXZXZXZX",
  "times": [
    0.010050058364868164,
    0.012785196304321289,
    0.012039899826049805,
    0.015993118286132812,
    0.006269216537475586,
    0.010533809661865234,
    0.010521888732910156,
    0.012402057647705078,
    0.007992029190063477,
    0.024654150009155273
  ],
  "expvals": [
    0.008054103247348019,
    -2.277968166348209e-16,
    6.561067322102854e-35,
    3.8332427834714145e-18,
    -0.004685949397933786,
    0.04409929512713175,
    -1.832792804888308e-35,
    -0.038681124514700384,
    -0.013459831874733057,
    -0.002626978320689693
  ],
  "magic_gates": [
    4,
    5,
    5,
    7,
    2,
    4,
    4,
    5,
    3,
    11
  ],
  "median_time": 0.01128685474395752,
  "mad_time": 0.0013675689697265625,
  "ave_magic_gates": 5.0,
  "input_arguments": {
    "backend": "mpstab",
    "max_bond_dim": 8,
    "replacement_probability": 0.25,
    "nqubits": 8,
    "nlayers": 3,
    "nruns": 10,
    "rng_seed": 42,
    "set_initial_state": true,
    "platform": "None",
    "dry_run_discarded": true
  }
}
