{
  "measured_observable": "ZXZXZXZXZXZXZXZXZXZXZXZXZXZXZXZXZXZXZXZXZXZXZXZXZXZXZXZXZXZXZXZXZXZXZXZXZXZXZXZX",
  "times": [
    0.31070852279663086,
    0.28379178047180176,
    0.43720245361328125,
    0.28740477561950684,
    0.4370138645172119,
    0.28528285026550293,
    0.44292283058166504,
    0.28474879264831543,
    0.29218459129333496,
    0.4408304691314697
  ],
  "expvals": [
    1.290077189870399e-16,
    -3.2798903795988943e-17,
    -1.242397493560943e-18,
    1.8211143343099798e-18,
    1.8559217321890692e-16,
    -1.27742252555668e-19,
    -6.080599936793567e-19,
    -9.209956547850223e-17,
    1.4013793507922377e-18,
    4.427761209452854e-15
  ],
  "magic_gates": [],
  "median_time": 0.3014465570449829,
  "mad_time": 0.017176270484924316,
  "input_arguments": {
    "backend": "qibotn",
    "max_bond_dim": 8,
    "replacement_probability": 0.0,
    "nqubits": 80,
    "nlayers": 3,
    "nruns": 10,
    "rng_seed": 42,
    "set_initial_state": true,
    "platform": "quimb",
    "dry_run_discarded": true
  }
}