{
  "measured_observable": "ZXZXZXZXZXZX",
  "times": [
    0.0038449764251708984,
    0.0037529468536376953,
    0.004046916961669922,
    0.003740072250366211,
    0.0036818981170654297,
    0.003664731979370117,
    0.0036957263946533203,
    0.0037047863006591797,
    0.004007101058959961,
    0.0036690235137939453
  ],
  "expvals": [
    0.0,
    0.0,
    0.0,
    0.0,
    0.0,
    -0.09527007922127827,
    0.018122402309014542,
    0.0,
    0.0,
    0.0
  ],
  "magic_gates": [
    0,
    0,
    0,
    0,
    0,
    0,
    0,
    0,
    0,
    0
  ],
  "median_time": 0.0037224292755126953,
  "mad_time": 4.696846008300781e-05,
  "ave_magic_gates": 0.0,
  "input_arguments": {
    "backend": "mpstab",
    "max_bond_dim": 4,
    "replacement_probability": 0.0,
    "nqubits": 12,
    "nlayers": 3,
    "nruns": 10,
    "rng_seed": 42,
    "set_initial_state": true,
    "platform": "None",
    "dry_run_discarded": true
  }
}
