{
  "measured_observable": "ZXZXZXZXZXZXZXZXZXZXZXZXZXZXZXZXZXZ",
  "times": [
    0.2786569595336914,
    0.12651634216308594,
    0.12804794311523438,
    0.12631440162658691,
    0.12426638603210449,
    0.12542080879211426,
    0.2562386989593506,
    0.12580370903015137,
    0.12501049041748047,
    0.12917304039001465
  ],
  "expvals": [
    -5.992602587991489e-06,
    1.4742247592388648e-08,
    -4.054670766527889e-07,
    -3.523145874229895e-07,
    -4.042290417997135e-06,
    2.1335101744230912e-08,
    5.323662761278181e-10,
    0.00023452933915655124,
    2.2098905887842886e-09,
    6.76580788942274e-09
  ],
  "magic_gates": [],
  "median_time": 0.12641537189483643,
  "mad_time": 0.0015187263488769531,
  "input_arguments": {
    "backend": "qibotn",
    "max_bond_dim": 128,
    "replacement_probability": 0.0,
    "nqubits": 35,
    "nlayers": 3,
    "nruns": 10,
    "rng_seed": 42,
    "set_initial_state": true,
    "platform": "quimb",
    "dry_run_discarded": true
  }
}