{
  "measured_observable": "ZXZXZXZXZXZXZXZXZXZX",
  "times": [
    0.4150421619415283,
    0.9456157684326172,
    0.6682772636413574,
    5.344666004180908,
    0.762998104095459,
    0.8420178890228271,
    1.1174068450927734,
    0.6600892543792725,
    0.3083159923553467,
    3.8835411071777344
  ],
  "expvals": [
    -5.585563928163974e-32,
    3.593361994114067e-32,
    -1.1956445464746358e-19,
    -3.8862688468302173e-13,
    0.00010165242254508296,
    -0.0001562714888862315,
    1.8329300295534118e-22,
    4.7663511312673425e-34,
    0.0,
    3.242375669074824e-05
  ],
  "magic_gates": [
    16,
    21,
    22,
    24,
    23,
    19,
    18,
    17,
    17,
    26
  ],
  "median_time": 0.8025079965591431,
  "mad_time": 0.22900331020355225,
  "ave_magic_gates": 20.3,
  "input_arguments": {
    "max_bond_dim": 256,
    "replacement_probability": 0.75,
    "nqubits": 20,
    "nlayers": 4,
    "nruns": 10,
    "rng_seed": 42,
    "set_initial_state": true
  }
}
