{
  "measured_observable": "ZXZXZXZXZXZX",
  "times": [
    1.769733190536499,
    1.886268138885498,
    1.7608907222747803,
    2.0607991218566895,
    1.8387372493743896,
    1.7631568908691406,
    1.7671329975128174,
    1.578165054321289,
    1.764470100402832,
    1.8019530773162842
  ],
  "expvals": [
    -0.03516951948404312,
    0.025960484519600868,
    0.022499391809105873,
    0.006846041884273291,
    0.0021813379134982824,
    -0.002260004635900259,
    0.0069107417948544025,
    -0.008236633613705635,
    -0.00019370320660527796,
    -0.00038524792762473226
  ],
  "magic_gates": [],
  "median_time": 1.7684330940246582,
  "mad_time": 0.020531177520751953,
  "input_arguments": {
    "backend": "qibotn",
    "max_bond_dim": 64,
    "replacement_probability": 0.99,
    "nqubits": 12,
    "nlayers": 3,
    "nruns": 10,
    "rng_seed": 42,
    "set_initial_state": true,
    "platform": "quimb",
    "dry_run_discarded": true
  }
}
