{
  "measured_observable": "ZXZXZXZXZXZXZXZXZXZXZXZXZXZXZXZXZXZXZXZXZXZXZXZXZXZXZXZXZXZXZXZXZXZXZX",
  "times": [
    0.21636080741882324,
    0.2233562469482422,
    0.33792805671691895,
    0.22193336486816406,
    0.22286558151245117,
    0.3373453617095947,
    0.2233715057373047,
    0.22495794296264648,
    0.3344104290008545,
    0.22426199913024902
  ],
  "expvals": [
    -1.2747338707162894e-14,
    1.630377179519477e-14,
    -1.6935650961019185e-14,
    6.410910901121541e-15,
    5.28141056477259e-16,
    -1.495811835456723e-16,
    4.001399346631938e-13,
    9.312650228792153e-16,
    -3.726047270510202e-12,
    5.509979390161598e-17
  ],
  "magic_gates": [],
  "median_time": 0.22381675243377686,
  "mad_time": 0.001512289047241211,
  "input_arguments": {
    "backend": "qibotn",
    "max_bond_dim": 32,
    "replacement_probability": 0.0,
    "nqubits": 70,
    "nlayers": 3,
    "nruns": 10,
    "rng_seed": 42,
    "set_initial_state": true,
    "platform": "quimb",
    "dry_run_discarded": true
  }
}