{
  "measured_observable": "ZXZXZXZXZX",
  "times": [
    0.05232691764831543,
    0.03886103630065918,
    0.05564379692077637,
    0.05530500411987305,
    0.04933786392211914,
    0.05157470703125,
    0.05867600440979004,
    0.04963397979736328,
    0.03841519355773926,
    0.04937601089477539
  ],
  "expvals": [
    -0.21958202123641968,
    0.000950588088016957,
    -0.1634618639945984,
    -0.0019073591101914644,
    0.00040526658995077014,
    0.02999231033027172,
    3.7513395167998453e-16,
    -0.0062518734484910965,
    9.65962972259149e-05,
    -0.09014157205820084
  ],
  "magic_gates": [],
  "median_time": 0.05060434341430664,
  "mad_time": 0.0032116174697875977,
  "input_arguments": {
    "backend": "qibotn",
    "max_bond_dim": 32,
    "replacement_probability": 0.5,
    "nqubits": 10,
    "nlayers": 3,
    "nruns": 10,
    "rng_seed": 42,
    "set_initial_state": true,
    "platform": "quimb",
    "dry_run_discarded": true
  }
}
