{
  "measured_observable": "ZXZX",
  "times": [
    0.0012657642364501953,
    0.0013141632080078125,
    0.0015628337860107422,
    0.001399993896484375,
    0.0012011528015136719,
    0.0011987686157226562,
    0.001210927963256836,
    0.0013461112976074219,
    0.001277923583984375,
    0.001188039779663086
  ],
  "expvals": [
    -0.14975353785486492,
    0.7938736594524624,
    0.011379698856241571,
    0.7596236405735858,
    0.0,
    0.03875568460844847,
    0.16589904970477656,
    0.0,
    0.0,
    -0.5016791532993093
  ],
  "magic_gates": [
    0,
    0,
    0,
    0,
    0,
    0,
    0,
    0,
    0,
    0
  ],
  "median_time": 0.0012718439102172852,
  "mad_time": 7.18832015991211e-05,
  "ave_magic_gates": 0.0,
  "input_arguments": {
    "backend": "mpstab",
    "max_bond_dim": 4,
    "replacement_probability": 0.0,
    "nqubits": 4,
    "nlayers": 3,
    "nruns": 10,
    "rng_seed": 42,
    "set_initial_state": true,
    "platform": "None",
    "dry_run_discarded": true
  }
}
