{
  "measured_observable": "ZXZXZXZXZXZX",
  "times": [
    1.7675540447235107,
    1.6001160144805908,
    1.593033790588379,
    1.590857982635498,
    1.5884029865264893,
    1.6120660305023193,
    1.5925002098083496,
    1.595334768295288,
    1.620197057723999,
    1.5922808647155762
  ],
  "expvals": [
    -0.0008626024937257171,
    0.0013453967403620481,
    0.026813874021172523,
    2.0451283489819616e-05,
    0.0007938660564832389,
    8.898524538381025e-05,
    0.00033795335912145674,
    7.72884304751642e-05,
    -0.0002689762332011014,
    -5.292887976793281e-07
  ],
  "magic_gates": [],
  "median_time": 1.5941842794418335,
  "mad_time": 0.004553794860839844,
  "input_arguments": {
    "backend": "qibotn",
    "max_bond_dim": 4,
    "replacement_probability": 0.5,
    "nqubits": 12,
    "nlayers": 3,
    "nruns": 10,
    "rng_seed": 42,
    "set_initial_state": true,
    "platform": "quimb",
    "dry_run_discarded": true
  }
}
