{
  "measured_observable": "ZXZXZXZXZXZX",
  "times": [
    1.7558269500732422,
    1.5560100078582764,
    1.6127617359161377,
    1.6001460552215576,
    1.5978448390960693,
    1.5736579895019531,
    1.5977001190185547,
    1.7315959930419922,
    1.5528292655944824,
    1.7317588329315186
  ],
  "expvals": [
    -0.014287750236690044,
    2.7300251531414688e-05,
    0.003301899414509535,
    0.00023911969037726521,
    -0.07332312315702438,
    2.0197187041048892e-05,
    0.002958854427561164,
    -0.0010640028631314635,
    0.00041307686478830874,
    -0.0004233120707795024
  ],
  "magic_gates": [],
  "median_time": 1.5989954471588135,
  "mad_time": 0.03416144847869873,
  "input_arguments": {
    "backend": "qibotn",
    "max_bond_dim": 8,
    "replacement_probability": 0.5,
    "nqubits": 12,
    "nlayers": 3,
    "nruns": 10,
    "rng_seed": 42,
    "set_initial_state": true,
    "platform": "quimb",
    "dry_run_discarded": true
  }
}
