{
  "measured_observable": "ZXZXZXZXZX",
  "times": [
    0.0183870792388916,
    0.017380714416503906,
    0.023329973220825195,
    0.016014814376831055,
    0.021241188049316406,
    0.020420074462890625,
    0.01633310317993164,
    0.008125066757202148,
    0.015885114669799805,
    0.020637989044189453
  ],
  "expvals": [
    3.185041047332385e-32,
    0.0,
    -0.04615969235462626,
    -0.058833241589059615,
    -1.1518583238193466e-05,
    1.5384747315447716e-18,
    0.020518522142633618,
    0.0,
    -1.0323114532795498e-31,
    0.05322417360412009
  ],
  "magic_gates": [
    6,
    6,
    8,
    5,
    7,
    7,
    5,
    2,
    5,
    7
  ],
  "median_time": 0.017883896827697754,
  "mad_time": 0.00226747989654541,
  "ave_magic_gates": 5.8,
  "input_arguments": {
    "backend": "mpstab",
    "max_bond_dim": 2,
    "replacement_probability": 0.75,
    "nqubits": 10,
    "nlayers": 3,
    "nruns": 10,
    "rng_seed": 42,
    "set_initial_state": true,
    "platform": "None",
    "dry_run_discarded": true
  }
}
