{
  "measured_observable": "ZXZX",
  "times": [
    0.015948057174682617,
    0.003204822540283203,
    0.0028688907623291016,
    0.0028989315032958984,
    0.00613093376159668,
    0.0029718875885009766,
    0.002808094024658203,
    0.0028281211853027344,
    0.002846956253051758,
    0.0028028488159179688
  ],
  "expvals": [
    0.1440560221672058,
    5.585809592645319e-16,
    -0.23332837224006653,
    -0.010868657380342484,
    -0.09702064841985703,
    -1.0547118733938987e-15,
    -1.4849232954361469e-15,
    3.903127820947816e-16,
    -0.5049264430999756,
    0.19584384560585022
  ],
  "magic_gates": [],
  "median_time": 0.0028839111328125,
  "mad_time": 7.843971252441406e-05,
  "input_arguments": {
    "backend": "qibotn",
    "max_bond_dim": 4,
    "replacement_probability": 0.0,
    "nqubits": 4,
    "nlayers": 3,
    "nruns": 10,
    "rng_seed": 42,
    "set_initial_state": true,
    "platform": "quimb",
    "dry_run_discarded": true
  }
}
