{
  "measured_observable": "ZXZX",
  "times": [
    0.0032622814178466797,
    0.0028040409088134766,
    0.003264904022216797,
    0.002908945083618164,
    0.002859830856323242,
    0.0028531551361083984,
    0.00652313232421875,
    0.00609898567199707,
    0.003000974655151367,
    0.002936124801635742
  ],
  "expvals": [
    -0.027676794677972794,
    6.795907393097878e-05,
    -0.01897730678319931,
    0.621444046497345,
    -0.11916472017765045,
    7.962757808854803e-05,
    -0.017648406326770782,
    1.2046639600257833e-21,
    -0.06003785878419876,
    0.20101407170295715
  ],
  "magic_gates": [],
  "median_time": 0.0029685497283935547,
  "mad_time": 0.0001399517059326172,
  "input_arguments": {
    "backend": "qibotn",
    "max_bond_dim": 2,
    "replacement_probability": 0.25,
    "nqubits": 4,
    "nlayers": 3,
    "nruns": 10,
    "rng_seed": 42,
    "set_initial_state": true,
    "platform": "quimb",
    "dry_run_discarded": true
  }
}
