{
  "measured_observable": "ZXZXZXZXZX",
  "times": [
    0.14696931838989258,
    0.056182146072387695,
    0.055971622467041016,
    0.05602574348449707,
    0.05587124824523926,
    0.056185007095336914,
    0.05622053146362305,
    0.05668830871582031,
    0.05616569519042969,
    0.05595731735229492
  ],
  "expvals": [
    -0.002847147125873613,
    0.051388027066623654,
    0.015812533256010012,
    -0.024024776980507652,
    0.006729372449298343,
    -0.0030367660916990995,
    0.014852142334443838,
    -0.030901580094161697,
    -0.20952914908284662,
    -0.01926792524229797
  ],
  "magic_gates": [],
  "median_time": 0.05617392063140869,
  "mad_time": 0.00017523765563964844,
  "input_arguments": {
    "backend": "qibotn",
    "max_bond_dim": 4,
    "replacement_probability": 0.0,
    "nqubits": 10,
    "nlayers": 5,
    "nruns": 10,
    "rng_seed": 42,
    "set_initial_state": true,
    "platform": "quimb",
    "dry_run_discarded": true
  }
}