{
  "measured_observable": "ZXZXZXZXZXZX",
  "times": [
    0.031203031539916992,
    0.02183079719543457,
    0.019492149353027344,
    0.033950090408325195,
    0.018985271453857422,
    0.025386810302734375,
    0.021023988723754883,
    0.025422096252441406,
    0.03396487236022949,
    0.016218900680541992
  ],
  "expvals": [
    -7.466905910475148e-19,
    0.0,
    1.7157868505995103e-24,
    -2.6167015477289606e-34,
    0.0,
    0.4535124583851731,
    0.012648501689482401,
    -5.24983800000791e-87,
    0.0,
    0.00994718307191021
  ],
  "magic_gates": [
    9,
    6,
    5,
    10,
    5,
    7,
    6,
    7,
    3,
    4
  ],
  "median_time": 0.023608803749084473,
  "mad_time": 0.00437009334564209,
  "ave_magic_gates": 6.2,
  "input_arguments": {
    "backend": "mpstab",
    "max_bond_dim": 2,
    "replacement_probability": 0.75,
    "nqubits": 12,
    "nlayers": 3,
    "nruns": 10,
    "rng_seed": 42,
    "set_initial_state": true,
    "platform": "None",
    "dry_run_discarded": true
  }
}
