{
  "measured_observable": "ZXZXZXZXZXZXZXZXZXZXZXZXZXZXZXZXZXZXZXZXZXZXZ",
  "times": [
    0.16099882125854492,
    0.1593461036682129,
    0.16055059432983398,
    0.26934313774108887,
    0.15974044799804688,
    0.16278672218322754,
    0.16010451316833496,
    0.29530882835388184,
    0.15624308586120605,
    0.15283703804016113
  ],
  "expvals": [
    7.694581572783715e-10,
    -8.18399095788426e-09,
    3.594013550905363e-12,
    1.979140157409147e-11,
    -3.37223495970288e-12,
    3.895877963614161e-10,
    -1.075965424101313e-09,
    -4.284592835812134e-09,
    5.397169414437672e-13,
    8.351481672821842e-09
  ],
  "magic_gates": [],
  "median_time": 0.16032755374908447,
  "mad_time": 0.0017203092575073242,
  "input_arguments": {
    "backend": "qibotn",
    "max_bond_dim": 32,
    "replacement_probability": 0.0,
    "nqubits": 45,
    "nlayers": 3,
    "nruns": 10,
    "rng_seed": 42,
    "set_initial_state": true,
    "platform": "quimb",
    "dry_run_discarded": true
  }
}