{
  "measured_observable": "ZXZXZXZXZXZXZXZXZXZXZXZXZXZXZXZXZXZXZXZXZXZXZXZXZXZXZXZ",
  "times": [
    0.18285059928894043,
    0.30625391006469727,
    0.1881551742553711,
    0.1823112964630127,
    0.18495845794677734,
    0.31317901611328125,
    0.18525052070617676,
    0.18208599090576172,
    0.3132359981536865,
    0.18726515769958496
  ],
  "expvals": [
    5.563869780316325e-10,
    4.634099199931665e-11,
    -2.5547995739443986e-10,
    -1.4992773662459235e-10,
    5.066701416534366e-11,
    9.212606940461902e-14,
    3.028758565447381e-10,
    2.9171243538327777e-10,
    1.4067019098029233e-08,
    -1.8087961040976477e-10
  ],
  "magic_gates": [],
  "median_time": 0.18625783920288086,
  "mad_time": 0.003676891326904297,
  "input_arguments": {
    "backend": "qibotn",
    "max_bond_dim": 256,
    "replacement_probability": 0.0,
    "nqubits": 55,
    "nlayers": 3,
    "nruns": 10,
    "rng_seed": 42,
    "set_initial_state": true,
    "platform": "quimb",
    "dry_run_discarded": true
  }
}