{
  "measured_observable": "ZXZXZXZXZXZX",
  "times": [
    1.812986135482788,
    1.8863728046417236,
    1.8529748916625977,
    1.746919870376587,
    1.9690580368041992,
    1.8454949855804443,
    1.7566719055175781,
    1.7558348178863525,
    1.7397029399871826,
    1.8222787380218506,
    1.9354541301727295,
    1.7872278690338135,
    1.7772259712219238,
    1.777951955795288,
    1.7763667106628418,
    1.8734080791473389,
    1.7556710243225098,
    1.9073891639709473,
    1.577406883239746,
    1.806852102279663
  ],
  "expvals": [
    0.000842891342472285,
    -0.02343502640724182,
    -9.661373042035848e-05,
    -0.009418693371117115,
    -0.0044937338680028915,
    -0.0004307698691263795,
    -0.00015949372027534992,
    -0.01211597491055727,
    0.00037815491668879986,
    -0.01053045317530632,
    -8.726755913812667e-05,
    -0.0027828316669911146,
    -0.0058001806028187275,
    0.016041060909628868,
    -0.11925341933965683,
    -0.07831914722919464,
    0.03329958766698837,
    0.002312042284756899,
    0.010213647037744522,
    -0.00102979876101017
  ],
  "magic_gates": [],
  "median_time": 1.7970399856567383,
  "mad_time": 0.044911980628967285,
  "input_arguments": {
    "backend": "qibotn",
    "max_bond_dim": 64,
    "replacement_probability": 0.75,
    "nqubits": 12,
    "nlayers": 4,
    "nruns": 20,
    "rng_seed": 42,
    "set_initial_state": true,
    "platform": "quimb",
    "dry_run_discarded": true
  }
}
