{
  "measured_observable": "ZXZXZXZXZXZXZXZ",
  "times": [
    0.19504857063293457,
    0.05389070510864258,
    0.053789615631103516,
    0.05303072929382324,
    0.0540165901184082,
    0.05416083335876465,
    0.05363750457763672,
    0.05385565757751465,
    0.053856611251831055,
    0.053604841232299805
  ],
  "expvals": [
    0.0019485216697779418,
    0.013982191140852362,
    0.00039315498942100546,
    -0.00017836110247492897,
    0.0018067504775830683,
    0.001131162441118599,
    -4.613022365400883e-05,
    0.014294264062763216,
    -1.5318075135008742e-06,
    -0.0010279445707255398
  ],
  "magic_gates": [],
  "median_time": 0.05385613441467285,
  "mad_time": 0.0001895427703857422,
  "input_arguments": {
    "backend": "qibotn",
    "max_bond_dim": 16,
    "replacement_probability": 0.0,
    "nqubits": 15,
    "nlayers": 3,
    "nruns": 10,
    "rng_seed": 42,
    "set_initial_state": true,
    "platform": "quimb",
    "dry_run_discarded": true
  }
}