{
  "measured_observable": "ZXZXZXZXZXZXZXZXZXZXZXZXZXZXZXZXZXZXZXZXZXZXZXZXZXZXZXZXZXZXZXZXZ",
  "times": [
    0.4096508026123047,
    0.22405624389648438,
    0.2512166500091553,
    0.36943483352661133,
    0.22456812858581543,
    0.22380733489990234,
    0.3709547519683838,
    0.23785686492919922,
    0.22164106369018555,
    0.3968818187713623
  ],
  "expvals": [
    6.953679421595519e-13,
    -3.6286956262510614e-14,
    -4.1513832896131674e-13,
    -3.0619242257946505e-11,
    -1.8658314696877427e-12,
    -2.1979055961415782e-15,
    3.247466033648512e-14,
    -3.1772151777558834e-11,
    1.9066985009618288e-12,
    -9.275755508079368e-13
  ],
  "magic_gates": [],
  "median_time": 0.24453675746917725,
  "mad_time": 0.0218125581741333,
  "input_arguments": {
    "backend": "qibotn",
    "max_bond_dim": 512,
    "replacement_probability": 0.0,
    "nqubits": 65,
    "nlayers": 3,
    "nruns": 10,
    "rng_seed": 42,
    "set_initial_state": true,
    "platform": "quimb",
    "dry_run_discarded": true
  }
}