{
  "measured_observable": "ZXZXZXZXZXZX",
  "times": [
    1.5828659534454346,
    1.579744815826416,
    1.566551923751831,
    1.5751409530639648,
    1.5752058029174805,
    1.5933969020843506,
    1.5822267532348633,
    1.5655858516693115,
    1.5722858905792236,
    1.5753929615020752
  ],
  "expvals": [
    -0.02261173538863659,
    0.026042385026812553,
    0.02240343764424324,
    0.0031616128981113434,
    0.0021997655276209116,
    -0.002029639668762684,
    0.006495858542621136,
    0.006946234498172998,
    -0.0021924779284745455,
    0.0026626030448824167
  ],
  "magic_gates": [],
  "median_time": 1.5752993822097778,
  "mad_time": 0.005686402320861816,
  "input_arguments": {
    "backend": "qibotn",
    "max_bond_dim": 16,
    "replacement_probability": 0.99,
    "nqubits": 12,
    "nlayers": 3,
    "nruns": 10,
    "rng_seed": 42,
    "set_initial_state": true,
    "platform": "quimb",
    "dry_run_discarded": true
  }
}
