{
  "measured_observable": "ZXZX",
  "times": [
    0.0033693313598632812,
    0.003004312515258789,
    0.0029709339141845703,
    0.0031070709228515625,
    0.0028209686279296875,
    0.002814054489135742,
    0.0028061866760253906,
    0.002856016159057617,
    0.002819061279296875,
    0.0028319358825683594
  ],
  "expvals": [
    -0.02582293562591076,
    0.07993032038211823,
    0.0947478860616684,
    0.3386920094490051,
    0.09991759061813354,
    -0.10337458550930023,
    0.12492933869361877,
    -0.01730104722082615,
    -0.03656779229640961,
    -0.007101241033524275
  ],
  "magic_gates": [],
  "median_time": 0.0028439760208129883,
  "mad_time": 3.3855438232421875e-05,
  "input_arguments": {
    "backend": "qibotn",
    "max_bond_dim": 2,
    "replacement_probability": 0.99,
    "nqubits": 4,
    "nlayers": 3,
    "nruns": 10,
    "rng_seed": 42,
    "set_initial_state": true,
    "platform": "quimb",
    "dry_run_discarded": true
  }
}
