{
  "measured_observable": "ZXZXZXZXZX",
  "times": [
    0.05755186080932617,
    0.08345603942871094,
    0.060578107833862305,
    0.06704521179199219,
    0.07657885551452637,
    0.05002593994140625,
    0.07972192764282227,
    0.06413102149963379,
    0.08507084846496582,
    0.061310768127441406
  ],
  "expvals": [
    -0.03322758137779114,
    8.27597490504638e-33,
    -0.0005886625074013351,
    -0.0015131240735768666,
    -0.1001513395597647,
    0.000649626081344162,
    1.6154102430360273e-17,
    -0.0034868387510151666,
    -0.021095078622474644,
    1.3805526502591614e-17
  ],
  "magic_gates": [
    6,
    8,
    8,
    9,
    11,
    6,
    11,
    9,
    11,
    8
  ],
  "median_time": 0.06558811664581299,
  "mad_time": 0.009513497352600098,
  "ave_magic_gates": 8.7,
  "input_arguments": {
    "max_bond_dim": null,
    "replacement_probability": 0.7,
    "nqubits": 10,
    "nlayers": 3,
    "nruns": 10,
    "rng_seed": 42,
    "set_initial_state": true
  }
}
