{
  "measured_observable": "ZXZXZXZX",
  "times": [
    0.009593963623046875,
    0.014042139053344727,
    0.007687807083129883,
    0.007467031478881836,
    0.007295846939086914,
    0.007407188415527344,
    0.00896906852722168,
    0.008951902389526367,
    0.00754094123840332,
    0.007454872131347656
  ],
  "expvals": [
    -0.14717699587345123,
    -0.021959060803055763,
    -0.06410183012485504,
    0.00028594251489266753,
    -0.00028284930158406496,
    2.2441659552896454e-07,
    -5.394580787495228e-18,
    -0.0038554519414901733,
    -2.0056582798133604e-05,
    -1.7698003773602977e-07
  ],
  "magic_gates": [],
  "median_time": 0.0076143741607666016,
  "mad_time": 0.00026285648345947266,
  "input_arguments": {
    "backend": "qibotn",
    "max_bond_dim": 2,
    "replacement_probability": 0.5,
    "nqubits": 8,
    "nlayers": 3,
    "nruns": 10,
    "rng_seed": 42,
    "set_initial_state": true,
    "platform": "quimb",
    "dry_run_discarded": true
  }
}
