{
  "measured_observable": "ZXZXZXZXZXZXZXZXZXZX",
  "times": [
    0.08946609497070312,
    0.1114950180053711,
    0.11724710464477539,
    0.1303110122680664,
    0.12054085731506348,
    0.10571694374084473,
    0.10049104690551758,
    0.0920860767364502,
    0.09206414222717285,
    0.14072227478027344
  ],
  "expvals": [
    -5.500638143789718e-71,
    -2.8170708887108472e-40,
    3.996162378466698e-24,
    7.399695266710327e-52,
    1.7516230804060213e-46,
    8.76073857174725e-51,
    1.5399271755680284e-34,
    -4.543937852140996e-48,
    4.877664241126708e-40,
    -6.008081442136401e-07
  ],
  "magic_gates": [
    16,
    21,
    22,
    24,
    23,
    19,
    18,
    17,
    17,
    26
  ],
  "median_time": 0.10860598087310791,
  "mad_time": 0.01422739028930664,
  "ave_magic_gates": 20.3,
  "input_arguments": {
    "max_bond_dim": 4,
    "replacement_probability": 0.75,
    "nqubits": 20,
    "nlayers": 4,
    "nruns": 10,
    "rng_seed": 42,
    "set_initial_state": true
  }
}
