{
  "measured_observable": "ZXZXZXZXZXZXZXZXZXZXZXZXZXZXZXZXZXZXZXZX",
  "times": [
    0.14469623565673828,
    0.14319729804992676,
    0.1441802978515625,
    0.14275121688842773,
    0.2646186351776123,
    0.14254426956176758,
    0.14390182495117188,
    0.14545893669128418,
    0.14520549774169922,
    0.27573513984680176
  ],
  "expvals": [
    -1.149435296666945e-10,
    -1.1208726116351189e-09,
    2.016789123832098e-08,
    -4.545164606419031e-07,
    -5.676469965983832e-09,
    -3.977589564078333e-07,
    -2.1003065425416905e-10,
    -1.0424225746036567e-07,
    2.55483920313093e-06,
    -1.2431513360344927e-07
  ],
  "magic_gates": [],
  "median_time": 0.1444382667541504,
  "mad_time": 0.001130819320678711,
  "input_arguments": {
    "backend": "qibotn",
    "max_bond_dim": 1024,
    "replacement_probability": 0.0,
    "nqubits": 40,
    "nlayers": 3,
    "nruns": 10,
    "rng_seed": 42,
    "set_initial_state": true,
    "platform": "quimb",
    "dry_run_discarded": true
  }
}