{
  "measured_observable": "ZXZXZX",
  "times": [
    0.008024215698242188,
    0.0048329830169677734,
    0.007630109786987305,
    0.007561206817626953,
    0.008675098419189453,
    0.005825042724609375,
    0.0049479007720947266,
    0.006209135055541992,
    0.008786201477050781,
    0.0050029754638671875
  ],
  "expvals": [
    -5.947539784690278e-39,
    -0.0041584997716737114,
    0.0007879549995079029,
    -0.014107283682542868,
    0.1625549516525483,
    0.0,
    0.039504533726943236,
    0.0,
    -0.0014232602013851553,
    -1.7105694144590052e-49
  ],
  "magic_gates": [
    4,
    2,
    4,
    4,
    5,
    3,
    2,
    3,
    5,
    2
  ],
  "median_time": 0.006885170936584473,
  "mad_time": 0.0014644861221313477,
  "ave_magic_gates": 3.4,
  "input_arguments": {
    "backend": "mpstab",
    "max_bond_dim": 2,
    "replacement_probability": 0.25,
    "nqubits": 6,
    "nlayers": 3,
    "nruns": 10,
    "rng_seed": 42,
    "set_initial_state": true,
    "platform": "None",
    "dry_run_discarded": true
  }
}
