{
  "measured_observable": "ZXZXZ",
  "times": [
    0.05909395217895508,
    0.05892300605773926,
    0.059522151947021484,
    0.05868959426879883,
    0.058663129806518555,
    0.05896496772766113,
    0.05851888656616211,
    0.05882120132446289,
    0.058699846267700195,
    0.05856895446777344
  ],
  "expvals": [
    -0.26485772593446666,
    -0.03066160187730593,
    0.42154408426057755,
    -0.5506163620876394,
    -0.6337480847982165,
    -0.2133889411613008,
    0.04377542905632922,
    0.3172049331780685,
    -0.19382302483237274,
    -0.03769844570958296
  ],
  "magic_gates": [
    15,
    15,
    15,
    15,
    15,
    15,
    15,
    15,
    15,
    15
  ],
  "median_time": 0.05876052379608154,
  "mad_time": 0.00017702579498291016,
  "ave_magic_gates": 15.0,
  "input_arguments": {
    "backend": "mpstab",
    "max_bond_dim": 4,
    "replacement_probability": 0.0,
    "nqubits": 5,
    "nlayers": 3,
    "nruns": 10,
    "rng_seed": 42,
    "set_initial_state": true,
    "platform": "None",
    "dry_run_discarded": true
  }
}