{
  "measured_observable": "ZXZXZXZXZXZX",
  "times": [
    1.9287550449371338,
    1.5787410736083984,
    1.5931520462036133,
    1.9644815921783447,
    1.5693960189819336,
    1.574446201324463,
    1.7576158046722412,
    1.7448539733886719,
    1.587360143661499,
    1.575578212738037,
    1.742292881011963,
    1.575378179550171,
    1.5717558860778809,
    1.576751947402954,
    1.5694990158081055,
    1.7560999393463135,
    1.7651028633117676,
    1.5728199481964111,
    1.7452549934387207,
    1.5735821723937988
  ],
  "expvals": [
    -0.0007761866436339915,
    0.008034220896661282,
    0.0011021799873560667,
    0.018804017454385757,
    -0.0035524864215403795,
    0.007108068559318781,
    0.00035292524262331426,
    0.0004340892191976309,
    0.0048067886382341385,
    -0.006946254055947065,
    -0.00018194843141827732,
    0.00017767482495401055,
    0.009471800178289413,
    -0.004627787042409182,
    -0.017671823501586914,
    -0.025575336068868637,
    -0.00828942283987999,
    -0.009819284081459045,
    0.00932352151721716,
    -0.0071058208122849464
  ],
  "magic_gates": [],
  "median_time": 1.5830506086349487,
  "mad_time": 0.012423157691955566,
  "input_arguments": {
    "backend": "qibotn",
    "max_bond_dim": 32,
    "replacement_probability": 0.75,
    "nqubits": 12,
    "nlayers": 4,
    "nruns": 20,
    "rng_seed": 42,
    "set_initial_state": true,
    "platform": "quimb",
    "dry_run_discarded": true
  }
}
