{
  "measured_observable": "ZXZXZXZXZXZXZXZXZXZXZXZXZXZXZXZXZXZXZXZXZXZXZXZXZXZXZXZXZXZXZXZXZXZXZXZXZXZXZXZXZXZXZ",
  "times": [
    0.9787254333496094,
    0.7642521858215332,
    0.752356767654419,
    0.948875904083252,
    0.764394998550415,
    0.935981273651123,
    0.7592744827270508,
    0.9407892227172852,
    0.7442770004272461,
    0.7500531673431396
  ],
  "expvals": [
    7.801538425643856e-20,
    9.462960852479019e-17,
    -1.1745523795231458e-20,
    -1.761094923502591e-17,
    -6.922600937424191e-18,
    -3.1524024679667344e-20,
    4.169355446278819e-21,
    -7.444294297652121e-25,
    2.627994027572666e-18,
    2.1564354073337432e-16
  ],
  "magic_gates": [],
  "median_time": 0.7643235921859741,
  "mad_time": 0.01715850830078125,
  "input_arguments": {
    "backend": "qibotn",
    "max_bond_dim": 512,
    "replacement_probability": 0.0,
    "nqubits": 85,
    "nlayers": 3,
    "nruns": 10,
    "rng_seed": 42,
    "set_initial_state": true,
    "platform": "quimb",
    "dry_run_discarded": true
  }
}