{
  "measured_observable": "ZXZXZXZXZXZXZXZXZXZXZXZXZXZXZX",
  "times": [
    18.386729955673218,
    24.570153951644897,
    28.51563310623169,
    9.196827173233032,
    29.367803812026978,
    14.824278116226196,
    24.154354095458984,
    25.700396060943604,
    12.754547834396362,
    14.814762115478516
  ],
  "expvals": [
    -5.840995604090025e-07,
    3.277436303498214e-08,
    -1.5438396999962295e-07,
    1.8078848701177685e-52,
    8.500028026788291e-06,
    -5.362179458699542e-39,
    6.092588591753741e-07,
    -3.8896680476401055e-37,
    -2.1866601539347648e-21,
    1.8662813519079313e-24
  ],
  "magic_gates": [
    31,
    37,
    48,
    31,
    38,
    29,
    38,
    42,
    35,
    33
  ],
  "median_time": 21.2705420255661,
  "mad_time": 6.451021909713745,
  "ave_magic_gates": 36.2,
  "input_arguments": {
    "max_bond_dim": 128,
    "replacement_probability": 0.7,
    "nqubits": 30,
    "nlayers": 4,
    "nruns": 10,
    "rng_seed": 42,
    "set_initial_state": true
  }
}
