{
  "measured_observable": "ZXZXZXZXZXZXZXZXZXZXZXZXZXZXZXZXZXZXZXZXZXZXZ",
  "times": [
    0.15971899032592773,
    0.15842103958129883,
    0.28955841064453125,
    0.1584765911102295,
    0.15921950340270996,
    0.1592388153076172,
    0.15842914581298828,
    0.28813862800598145,
    0.15960192680358887,
    0.159346342086792
  ],
  "expvals": [
    7.694581572783744e-10,
    -8.18399095788419e-09,
    3.5940135509054905e-12,
    1.979140157409124e-11,
    -3.3722349597022047e-12,
    3.8958779636141665e-10,
    -1.075965424101324e-09,
    -4.2845928358121486e-09,
    5.397169414437378e-13,
    8.351481672821902e-09
  ],
  "magic_gates": [],
  "median_time": 0.1592925786972046,
  "mad_time": 0.0006211996078491211,
  "input_arguments": {
    "backend": "qibotn",
    "max_bond_dim": 128,
    "replacement_probability": 0.0,
    "nqubits": 45,
    "nlayers": 3,
    "nruns": 10,
    "rng_seed": 42,
    "set_initial_state": true,
    "platform": "quimb",
    "dry_run_discarded": true
  }
}