{
  "measured_observable": "ZXZXZXZXZXZXZXZXZXZXZXZXZXZXZXZXZXZXZXZXZXZXZXZXZXZXZXZXZXZXZXZXZ",
  "times": [
    19.332902193069458,
    19.399799585342407,
    18.50733971595764,
    18.424294233322144,
    18.978434562683105,
    19.08655071258545,
    19.254679679870605,
    18.613523244857788,
    19.20995855331421,
    19.265159130096436
  ],
  "expvals": [
    -4.1381199787156034e-17,
    2.530307218557049e-19,
    1.6293735699874088e-21,
    -3.651992341836595e-27,
    -2.534026383512129e-15,
    2.1046373620005288e-19,
    9.215695014031151e-17,
    5.4478476732916925e-19,
    2.5741192374176057e-23,
    -1.3380536158224265e-16
  ],
  "magic_gates": [
    195,
    195,
    195,
    195,
    195,
    195,
    195,
    195,
    195,
    195
  ],
  "median_time": 19.14825463294983,
  "mad_time": 0.17723381519317627,
  "ave_magic_gates": 195.0,
  "input_arguments": {
    "backend": "mpstab",
    "max_bond_dim": 16,
    "replacement_probability": 0.0,
    "nqubits": 65,
    "nlayers": 3,
    "nruns": 10,
    "rng_seed": 42,
    "set_initial_state": true,
    "platform": "None",
    "dry_run_discarded": true
  }
}