{
  "measured_observable": "ZXZXZXZXZXZX",
  "times": [
    1.7543940544128418,
    1.7809569835662842,
    1.5904009342193604,
    1.7465910911560059,
    1.5897431373596191,
    1.5883188247680664,
    1.5928220748901367,
    2.186284065246582,
    1.5920462608337402,
    1.7656910419464111
  ],
  "expvals": [
    0.0068060364574193954,
    0.005936443340033293,
    0.020358920097351074,
    -0.0012802273267880082,
    0.0012841230491176248,
    0.0005879562231712043,
    -0.0029305322095751762,
    -0.018143203109502792,
    -0.0005555624957196414,
    0.004508725367486477
  ],
  "magic_gates": [],
  "median_time": 1.6697065830230713,
  "mad_time": 0.08067560195922852,
  "input_arguments": {
    "backend": "qibotn",
    "max_bond_dim": 16,
    "replacement_probability": 0.75,
    "nqubits": 12,
    "nlayers": 3,
    "nruns": 10,
    "rng_seed": 42,
    "set_initial_state": true,
    "platform": "quimb",
    "dry_run_discarded": true
  }
}
