{
  "measured_observable": "ZXZXZX",
  "times": [
    0.001971006393432617,
    0.0024051666259765625,
    0.0019249916076660156,
    0.0021238327026367188,
    0.0018732547760009766,
    0.0022406578063964844,
    0.0018770694732666016,
    0.0018811225891113281,
    0.001922607421875,
    0.0019249916076660156
  ],
  "expvals": [
    0.0,
    -0.004048344818964848,
    0.0,
    0.6272922424007298,
    0.07908645320362662,
    0.0,
    0.0,
    0.0,
    5.343470192570732e-36,
    0.0
  ],
  "magic_gates": [
    0,
    0,
    0,
    0,
    0,
    0,
    0,
    0,
    0,
    0
  ],
  "median_time": 0.0019249916076660156,
  "mad_time": 4.696846008300781e-05,
  "ave_magic_gates": 0.0,
  "input_arguments": {
    "backend": "mpstab",
    "max_bond_dim": 2,
    "replacement_probability": 0.0,
    "nqubits": 6,
    "nlayers": 3,
    "nruns": 10,
    "rng_seed": 42,
    "set_initial_state": true,
    "platform": "None",
    "dry_run_discarded": true
  }
}
