{
  "measured_observable": "ZXZXZXZXZXZXZXZXZXZXZXZXZXZXZXZXZXZXZXZXZXZXZ",
  "times": [
    0.2623720169067383,
    0.16832232475280762,
    0.15415573120117188,
    0.1531522274017334,
    0.1543271541595459,
    0.2708444595336914,
    0.15604829788208008,
    0.1542668342590332,
    0.15633559226989746,
    0.2636713981628418
  ],
  "expvals": [
    7.694581572783674e-10,
    -8.183990957884211e-09,
    3.594013550905114e-12,
    1.9791401574091658e-11,
    -3.3722349597031207e-12,
    3.8958779636141345e-10,
    -1.075965424101317e-09,
    -4.284592835812126e-09,
    5.397169414437318e-13,
    8.351481672821834e-09
  ],
  "magic_gates": [],
  "median_time": 0.15619194507598877,
  "mad_time": 0.002537965774536133,
  "input_arguments": {
    "backend": "qibotn",
    "max_bond_dim": 512,
    "replacement_probability": 0.0,
    "nqubits": 45,
    "nlayers": 3,
    "nruns": 10,
    "rng_seed": 42,
    "set_initial_state": true,
    "platform": "quimb",
    "dry_run_discarded": true
  }
}