{
  "measured_observable": "ZXZXZXZXZXZX",
  "times": [
    0.003838062286376953,
    0.003754138946533203,
    0.003748178482055664,
    0.003735065460205078,
    0.0036950111389160156,
    0.0036728382110595703,
    0.0036950111389160156,
    0.0037000179290771484,
    0.0036859512329101562,
    0.0036630630493164062
  ],
  "expvals": [
    0.0,
    0.0,
    0.0,
    0.0,
    0.0,
    -0.09527007922127827,
    0.018122402309014542,
    0.0,
    0.0,
    0.0
  ],
  "magic_gates": [
    0,
    0,
    0,
    0,
    0,
    0,
    0,
    0,
    0,
    0
  ],
  "median_time": 0.003697514533996582,
  "mad_time": 2.956390380859375e-05,
  "ave_magic_gates": 0.0,
  "input_arguments": {
    "backend": "mpstab",
    "max_bond_dim": 8,
    "replacement_probability": 0.0,
    "nqubits": 12,
    "nlayers": 3,
    "nruns": 10,
    "rng_seed": 42,
    "set_initial_state": true,
    "platform": "None",
    "dry_run_discarded": true
  }
}
