{
  "measured_observable": "ZXZXZXZXZXZXZXZXZXZXZXZXZXZXZXZXZXZXZXZXZXZXZXZXZXZXZXZXZXZXZXZXZXZXZX",
  "times": [
    14.264216899871826,
    14.197471380233765,
    14.177067279815674,
    14.269202709197998,
    14.19473934173584,
    14.306293964385986,
    14.13681960105896,
    14.291740655899048,
    14.064075231552124,
    14.060571193695068
  ],
  "expvals": [
    1.5521723529723695e-21,
    -2.0548918722339386e-26,
    -1.3868109698905937e-28,
    3.8036518285195344e-22,
    1.2620748588011489e-13,
    -1.0227050155030095e-25,
    -6.593779589796127e-23,
    -4.799017791970479e-16,
    4.31942693545729e-25,
    9.450103253610636e-21
  ],
  "magic_gates": [
    210,
    210,
    210,
    210,
    210,
    210,
    210,
    210,
    210,
    210
  ],
  "median_time": 14.196105360984802,
  "mad_time": 0.07060444355010986,
  "ave_magic_gates": 210.0,
  "input_arguments": {
    "backend": "mpstab",
    "max_bond_dim": 8,
    "replacement_probability": 0.0,
    "nqubits": 70,
    "nlayers": 3,
    "nruns": 10,
    "rng_seed": 42,
    "set_initial_state": true,
    "platform": "None",
    "dry_run_discarded": true
  }
}