{
  "measured_observable": "ZXZXZXZXZX",
  "times": [
    0.0032470226287841797,
    0.003094911575317383,
    0.003114938735961914,
    0.00305938720703125,
    0.0031130313873291016,
    0.003106832504272461,
    0.0030879974365234375,
    0.0030591487884521484,
    0.0030951499938964844,
    0.003063201904296875
  ],
  "expvals": [
    0.0,
    0.0,
    -0.0063981609017490955,
    0.0,
    0.0,
    0.0,
    0.016091212539421355,
    0.0,
    0.0,
    0.012584251210595934
  ],
  "magic_gates": [
    0,
    0,
    0,
    0,
    0,
    0,
    0,
    0,
    0,
    0
  ],
  "median_time": 0.0030950307846069336,
  "mad_time": 1.895427703857422e-05,
  "ave_magic_gates": 0.0,
  "input_arguments": {
    "backend": "mpstab",
    "max_bond_dim": 32,
    "replacement_probability": 0.0,
    "nqubits": 10,
    "nlayers": 3,
    "nruns": 10,
    "rng_seed": 42,
    "set_initial_state": true,
    "platform": "None",
    "dry_run_discarded": true
  }
}
