{
  "measured_observable": "ZXZXZXZXZX",
  "times": [
    1.4804713726043701,
    1.1740334033966064,
    1.9126629829406738,
    1.3000946044921875,
    1.6177873611450195,
    1.5060927867889404,
    1.2791996002197266,
    1.7996547222137451,
    1.3841021060943604,
    1.3123867511749268
  ],
  "expvals": [
    -0.0017647327607243515,
    -0.000907247063841148,
    -0.038703923535305954,
    -0.01016329810965591,
    -0.05891401911251058,
    0.10611231556416133,
    0.027722452798316047,
    0.012457337188300957,
    -0.0513671268870069,
    -0.013849404479552338
  ],
  "magic_gates": [
    30,
    30,
    30,
    30,
    30,
    30,
    30,
    30,
    30,
    30
  ],
  "median_time": 1.4322867393493652,
  "mad_time": 0.1426396369934082,
  "ave_magic_gates": 30.0,
  "input_arguments": {
    "backend": "mpstab",
    "max_bond_dim": 32,
    "replacement_probability": 0.0,
    "nqubits": 10,
    "nlayers": 3,
    "nruns": 10,
    "rng_seed": 42,
    "set_initial_state": true,
    "platform": "None",
    "dry_run_discarded": true
  }
}