{
  "measured_observable": "ZXZXZXZXZXZXZXZXZXZXZXZXZXZXZXZXZXZXZXZXZXZXZXZXZX",
  "times": [
    0.17832446098327637,
    0.17728900909423828,
    0.2983677387237549,
    0.17412543296813965,
    0.17557263374328613,
    0.17575478553771973,
    0.3036184310913086,
    0.17193007469177246,
    0.17152023315429688,
    0.17719221115112305
  ],
  "expvals": [
    1.7218051080044865e-11,
    3.0294005321309014e-11,
    -1.792419506244005e-11,
    4.145965793115463e-10,
    -1.0279573760184026e-10,
    -6.947411763446555e-13,
    4.5403284656985024e-10,
    -2.016672653161147e-12,
    -2.1753137274326098e-11,
    -5.441103176043649e-10
  ],
  "magic_gates": [],
  "median_time": 0.1764734983444214,
  "mad_time": 0.0020995140075683594,
  "input_arguments": {
    "backend": "qibotn",
    "max_bond_dim": 4,
    "replacement_probability": 0.0,
    "nqubits": 50,
    "nlayers": 3,
    "nruns": 10,
    "rng_seed": 42,
    "set_initial_state": true,
    "platform": "quimb",
    "dry_run_discarded": true
  }
}