{
  "measured_observable": "ZXZXZXZXZXZXZXZXZXZX",
  "times": [
    0.0895698070526123,
    0.11273884773254395,
    0.11905312538146973,
    0.13092517852783203,
    0.12239599227905273,
    0.1094660758972168,
    0.10305523872375488,
    0.09425783157348633,
    0.09376883506774902,
    0.14214086532592773
  ],
  "expvals": [
    7.590150645233857e-102,
    1.017415752633603e-69,
    4.58677076703808e-40,
    -3.0850511699505596e-66,
    0.0,
    4.143521340197793e-80,
    0.0,
    1.150670630225364e-51,
    0.0,
    2.6550141364997047e-54
  ],
  "magic_gates": [
    16,
    21,
    22,
    24,
    23,
    19,
    18,
    17,
    17,
    26
  ],
  "median_time": 0.11110246181488037,
  "mad_time": 0.014069080352783203,
  "ave_magic_gates": 20.3,
  "input_arguments": {
    "max_bond_dim": 2,
    "replacement_probability": 0.75,
    "nqubits": 20,
    "nlayers": 4,
    "nruns": 10,
    "rng_seed": 42,
    "set_initial_state": true
  }
}
