{
  "measured_observable": "ZXZXZXZXZXZXZXZXZXZXZXZXZXZXZXZXZXZXZXZXZXZXZXZXZXZXZXZXZXZX",
  "times": [
    0.34351205825805664,
    0.19425272941589355,
    0.1943371295928955,
    0.3062593936920166,
    0.19423198699951172,
    0.19478130340576172,
    0.19431734085083008,
    0.30556273460388184,
    0.19498562812805176,
    0.19455909729003906
  ],
  "expvals": [
    -2.715223326532569e-10,
    -6.882276109569216e-11,
    8.03485334085417e-13,
    -1.8894758765253674e-10,
    -1.262985662808949e-10,
    -4.998091372195544e-12,
    2.2612485063624978e-11,
    4.96700301571583e-12,
    -3.421245589169561e-14,
    1.2576746664317252e-10
  ],
  "magic_gates": [],
  "median_time": 0.1946702003479004,
  "mad_time": 0.0003851652145385742,
  "input_arguments": {
    "backend": "qibotn",
    "max_bond_dim": 256,
    "replacement_probability": 0.0,
    "nqubits": 60,
    "nlayers": 3,
    "nruns": 10,
    "rng_seed": 42,
    "set_initial_state": true,
    "platform": "quimb",
    "dry_run_discarded": true
  }
}