{
  "measured_observable": "ZXZXZX",
  "times": [
    0.009086847305297852,
    0.004962921142578125,
    0.004909038543701172,
    0.004878997802734375,
    0.008064031600952148,
    0.004909038543701172,
    0.004897594451904297,
    0.004808902740478516,
    0.005464792251586914,
    0.004850864410400391
  ],
  "expvals": [
    -0.017606258392333984,
    -0.0006252707098610699,
    0.03456567972898483,
    -0.01366659626364708,
    -0.026381555944681168,
    -0.0006522040930576622,
    0.006094391457736492,
    -0.0268461462110281,
    -0.00021058817219454795,
    0.03502952307462692
  ],
  "magic_gates": [],
  "median_time": 0.004909038543701172,
  "mad_time": 5.602836608886719e-05,
  "input_arguments": {
    "backend": "qibotn",
    "max_bond_dim": 2,
    "replacement_probability": 0.99,
    "nqubits": 6,
    "nlayers": 3,
    "nruns": 10,
    "rng_seed": 42,
    "set_initial_state": true,
    "platform": "quimb",
    "dry_run_discarded": true
  }
}
