{
  "measured_observable": "ZXZXZX",
  "times": [
    0.00959014892578125,
    0.004988908767700195,
    0.004918098449707031,
    0.004662036895751953,
    0.0049571990966796875,
    0.004732847213745117,
    0.004784107208251953,
    0.0047800540924072266,
    0.004788875579833984,
    0.004869937896728516
  ],
  "expvals": [
    -4.779948103994514e-10,
    -0.0013686538441106677,
    0.13507835566997528,
    -0.18365976214408875,
    -2.98588474834105e-05,
    0.0030886060558259487,
    0.0718584880232811,
    -0.06585506349802017,
    2.3490954390581464e-06,
    -0.10185370594263077
  ],
  "magic_gates": [],
  "median_time": 0.00482940673828125,
  "mad_time": 9.262561798095703e-05,
  "input_arguments": {
    "backend": "qibotn",
    "max_bond_dim": 2,
    "replacement_probability": 0.25,
    "nqubits": 6,
    "nlayers": 3,
    "nruns": 10,
    "rng_seed": 42,
    "set_initial_state": true,
    "platform": "quimb",
    "dry_run_discarded": true
  }
}
