{
  "measured_observable": "ZXZXZXZXZXZXZXZ",
  "times": [
    0.17759990692138672,
    0.12566232681274414,
    4.439380884170532,
    0.18598723411560059,
    1.4061870574951172,
    0.26576900482177734,
    0.07539916038513184,
    0.42223501205444336,
    0.08656692504882812,
    0.1132349967956543
  ],
  "expvals": [
    -0.0005691660424399828,
    -0.003337099242157603,
    -0.0003582114515951188,
    5.06665131350863e-19,
    -9.165721389413269e-05,
    0.00044652381594984946,
    -0.0011835669513473872,
    2.8252888078207937e-05,
    0.00038928387976149237,
    -7.982623782325375e-17
  ],
  "magic_gates": [
    15,
    21,
    20,
    18,
    29,
    17,
    13,
    23,
    14,
    16
  ],
  "median_time": 0.18179357051849365,
  "mad_time": 0.08960103988647461,
  "ave_magic_gates": 18.6,
  "input_arguments": {
    "max_bond_dim": 256,
    "replacement_probability": 0.75,
    "nqubits": 15,
    "nlayers": 5,
    "nruns": 10,
    "rng_seed": 42,
    "set_initial_state": true
  }
}
