{
  "measured_observable": "ZXZXZXZXZXZXZXZXZXZXZXZXZXZXZXZXZXZXZXZXZXZXZXZXZXZXZXZXZXZXZXZXZXZXZXZXZXZXZXZX",
  "times": [
    0.2743496894836426,
    0.4365577697753906,
    0.27468061447143555,
    0.27512478828430176,
    0.4280712604522705,
    0.2855825424194336,
    0.46038317680358887,
    0.2736232280731201,
    0.41519832611083984,
    0.27553510665893555
  ],
  "expvals": [
    1.2900771898704061e-16,
    -3.279890379598888e-17,
    -1.2423974935609617e-18,
    1.8211143343100414e-18,
    1.8559217321890763e-16,
    -1.277422525557392e-19,
    -6.0805999367936e-19,
    -9.209956547849947e-17,
    1.4013793507922335e-18,
    4.4277612094528435e-15
  ],
  "magic_gates": [],
  "median_time": 0.28055882453918457,
  "mad_time": 0.006572365760803223,
  "input_arguments": {
    "backend": "qibotn",
    "max_bond_dim": 4,
    "replacement_probability": 0.0,
    "nqubits": 80,
    "nlayers": 3,
    "nruns": 10,
    "rng_seed": 42,
    "set_initial_state": true,
    "platform": "quimb",
    "dry_run_discarded": true
  }
}