{
  "measured_observable": "ZXZXZXZXZXZX",
  "times": [
    0.03517317771911621,
    0.02218484878540039,
    0.019876956939697266,
    0.035901784896850586,
    0.01895594596862793,
    0.02714991569519043,
    0.021937847137451172,
    0.02601909637451172,
    0.034902095794677734,
    0.016144752502441406
  ],
  "expvals": [
    1.7073121613826153e-18,
    3.009265538105056e-36,
    -3.566885157008189e-22,
    1.316054871644285e-32,
    -1.0934763093460874e-67,
    0.12259500911170507,
    0.011321232432324106,
    2.433903714687738e-33,
    0.0,
    0.0036677004902537043
  ],
  "magic_gates": [
    9,
    6,
    5,
    10,
    5,
    7,
    6,
    7,
    3,
    4
  ],
  "median_time": 0.024101972579956055,
  "mad_time": 0.004685521125793457,
  "ave_magic_gates": 6.2,
  "input_arguments": {
    "backend": "mpstab",
    "max_bond_dim": 64,
    "replacement_probability": 0.75,
    "nqubits": 12,
    "nlayers": 3,
    "nruns": 10,
    "rng_seed": 42,
    "set_initial_state": true,
    "platform": "None",
    "dry_run_discarded": true
  }
}
