{
  "measured_observable": "ZXZXZXZXZXZXZXZXZXZXZXZXZXZXZXZXZXZXZXZXZXZXZXZXZXZXZXZXZXZXZXZXZXZXZXZXZXZXZXZX",
  "times": [
    0.4695475101470947,
    0.6122298240661621,
    0.4629483222961426,
    0.46210265159606934,
    0.6092216968536377,
    0.46246838569641113,
    0.6545541286468506,
    0.4527089595794678,
    0.4670381546020508,
    0.6174180507659912
  ],
  "expvals": [
    1.290077189870397e-16,
    -3.279890379598875e-17,
    -1.2423974935607837e-18,
    1.8211143343099675e-18,
    1.8559217321890549e-16,
    -1.2774225255575144e-19,
    -6.080599936793601e-19,
    -9.209956547850087e-17,
    1.4013793507922154e-18,
    4.427761209452776e-15
  ],
  "magic_gates": [],
  "median_time": 0.46829283237457275,
  "mad_time": 0.0108870267868042,
  "input_arguments": {
    "backend": "qibotn",
    "max_bond_dim": 128,
    "replacement_probability": 0.0,
    "nqubits": 80,
    "nlayers": 3,
    "nruns": 10,
    "rng_seed": 42,
    "set_initial_state": true,
    "platform": "quimb",
    "dry_run_discarded": true
  }
}