{
  "measured_observable": "ZXZXZXZXZXZX",
  "times": [
    0.003847837448120117,
    0.003747224807739258,
    0.0040628910064697266,
    0.00373077392578125,
    0.0037069320678710938,
    0.003679037094116211,
    0.0037069320678710938,
    0.003702878952026367,
    0.004065990447998047,
    0.003696918487548828
  ],
  "expvals": [
    0.0,
    0.0,
    0.0,
    0.0,
    0.0,
    -0.09527007922127827,
    0.018122402309014542,
    0.0,
    0.0,
    0.0
  ],
  "magic_gates": [
    0,
    0,
    0,
    0,
    0,
    0,
    0,
    0,
    0,
    0
  ],
  "median_time": 0.003718852996826172,
  "mad_time": 2.5153160095214844e-05,
  "ave_magic_gates": 0.0,
  "input_arguments": {
    "backend": "mpstab",
    "max_bond_dim": 64,
    "replacement_probability": 0.0,
    "nqubits": 12,
    "nlayers": 3,
    "nruns": 10,
    "rng_seed": 42,
    "set_initial_state": true,
    "platform": "None",
    "dry_run_discarded": true
  }
}
