{
  "measured_observable": "ZXZXZXZXZXZXZXZXZXZXZXZXZXZXZXZXZXZXZXZXZXZXZXZXZXZXZXZXZXZX",
  "times": [
    10.09659743309021,
    9.916862726211548,
    9.786776065826416,
    9.729713916778564,
    9.843338012695312,
    9.776039123535156,
    9.78696584701538,
    9.743823289871216,
    9.705993413925171,
    9.807935237884521
  ],
  "expvals": [
    2.9145899309088746e-18,
    -2.6099617485916136e-22,
    5.245430780131278e-27,
    2.5924945088249497e-19,
    -5.101920848275253e-13,
    7.54891592120688e-23,
    -9.87897690005316e-23,
    6.460974901111428e-17,
    9.860458037144926e-25,
    9.115767002022477e-20
  ],
  "magic_gates": [
    180,
    180,
    180,
    180,
    180,
    180,
    180,
    180,
    180,
    180
  ],
  "median_time": 9.786870956420898,
  "mad_time": 0.04975736141204834,
  "ave_magic_gates": 180.0,
  "input_arguments": {
    "backend": "mpstab",
    "max_bond_dim": 4,
    "replacement_probability": 0.0,
    "nqubits": 60,
    "nlayers": 3,
    "nruns": 10,
    "rng_seed": 42,
    "set_initial_state": true,
    "platform": "None",
    "dry_run_discarded": true
  }
}