{
  "measured_observable": "ZXZXZX",
  "times": [
    0.009591102600097656,
    0.005491018295288086,
    0.005146980285644531,
    0.0049381256103515625,
    0.004761219024658203,
    0.004729032516479492,
    0.004782199859619141,
    0.005288839340209961,
    0.004888057708740234,
    0.00475311279296875
  ],
  "expvals": [
    0.0,
    -0.00048666857765056193,
    0.08559593558311462,
    -1.2207310646772385e-05,
    -7.475270402679257e-10,
    -1.8884292509591246e-15,
    1.4761032465625907e-28,
    -0.2776569724082947,
    3.489558642044699e-09,
    -0.04293876513838768
  ],
  "magic_gates": [],
  "median_time": 0.0049130916595458984,
  "mad_time": 0.00017201900482177734,
  "input_arguments": {
    "backend": "qibotn",
    "max_bond_dim": 2,
    "replacement_probability": 0.0,
    "nqubits": 6,
    "nlayers": 3,
    "nruns": 10,
    "rng_seed": 42,
    "set_initial_state": true,
    "platform": "quimb",
    "dry_run_discarded": true
  }
}
