{
  "measured_observable": "ZXZXZXZXZXZXZXZXZXZX",
  "times": [
    1.0290708541870117,
    0.6357991695404053,
    0.45416903495788574,
    0.37885212898254395,
    0.04237866401672363,
    0.03154397010803223,
    0.5679831504821777,
    0.04898214340209961,
    0.6577961444854736,
    0.038330078125
  ],
  "expvals": [
    -3.7824234223931257e-36,
    0.0,
    -1.1002582120588969e-36,
    4.457112799386144e-113,
    4.1290596272105245e-140,
    -2.7604368993135435e-107,
    1.9921169354490828e-36,
    -5.0157570686886065e-104,
    8.542869514055777e-37,
    -2.775976693409643e-70
  ],
  "magic_gates": [
    399,
    399,
    398,
    399,
    399,
    400,
    399,
    398,
    397,
    399
  ],
  "median_time": 0.41651058197021484,
  "mad_time": 0.304407000541687,
  "ave_magic_gates": 398.7,
  "input_arguments": {
    "backend": "mpstab",
    "max_bond_dim": null,
    "replacement_probability": 0.99,
    "nqubits": 20,
    "nlayers": 10,
    "nruns": 10,
    "rng_seed": 42,
    "set_initial_state": true,
    "platform": [
      "quimb",
      "native_stab"
    ],
    "dry_run_discarded": true
  }
}