{
  "measured_observable": "ZXZXZXZXZXZX",
  "times": [
    0.00467681884765625,
    0.008344888687133789,
    0.01026463508605957,
    0.0043828487396240234,
    0.004418134689331055,
    0.004430055618286133,
    0.004370927810668945,
    0.0048160552978515625,
    0.0043010711669921875,
    0.007543802261352539
  ],
  "expvals": [
    0.0,
    0.0,
    0.0,
    0.0,
    0.0,
    -0.09527007922127827,
    0.018122402309014542,
    0.0,
    0.0,
    -0.007998361453060054
  ],
  "magic_gates": [
    0,
    1,
    2,
    0,
    0,
    0,
    0,
    0,
    0,
    1
  ],
  "median_time": 0.004553437232971191,
  "mad_time": 0.000217437744140625,
  "ave_magic_gates": 0.4,
  "input_arguments": {
    "backend": "mpstab",
    "max_bond_dim": 8,
    "replacement_probability": 0.99,
    "nqubits": 12,
    "nlayers": 3,
    "nruns": 10,
    "rng_seed": 42,
    "set_initial_state": true,
    "platform": "None",
    "dry_run_discarded": true
  }
}
