{
  "measured_observable": "ZXZXZ",
  "times": [
    0.05489611625671387,
    0.014257431030273438,
    0.014366626739501953,
    0.014414310455322266,
    0.014483213424682617,
    0.014350652694702148,
    0.01439523696899414,
    0.014466285705566406,
    0.01438450813293457,
    0.01446390151977539
  ],
  "expvals": [
    -0.16205453527423697,
    -0.046343562609814,
    0.4436018745474661,
    -0.5879263721309613,
    -0.5503720231320189,
    -0.21202334352189567,
    0.024362061957416678,
    0.42771938081297106,
    -0.25447052665860714,
    -0.015978848620544692
  ],
  "magic_gates": [],
  "median_time": 0.014404773712158203,
  "mad_time": 5.6624412536621094e-05,
  "input_arguments": {
    "backend": "qibotn",
    "max_bond_dim": 4,
    "replacement_probability": 0.0,
    "nqubits": 5,
    "nlayers": 3,
    "nruns": 10,
    "rng_seed": 42,
    "set_initial_state": true,
    "platform": "quimb",
    "dry_run_discarded": true
  }
}