{
  "measured_observable": "ZXZXZXZXZX",
  "times": [
    0.04989218711853027,
    0.036550283432006836,
    0.036149024963378906,
    0.036145925521850586,
    0.03625798225402832,
    0.03591179847717285,
    0.03588390350341797,
    0.0359189510345459,
    0.03625774383544922,
    0.035891056060791016
  ],
  "expvals": [
    -0.0013822064502164721,
    7.232290954561904e-05,
    -7.219861930529703e-10,
    -5.505960143636912e-05,
    1.083640484011994e-07,
    8.306871677632444e-06,
    -1.0969289832019058e-07,
    2.824039335713735e-10,
    0.0004491724248509854,
    0.00032114647910930216
  ],
  "magic_gates": [],
  "median_time": 0.036147475242614746,
  "mad_time": 0.0002321004867553711,
  "input_arguments": {
    "backend": "qibotn",
    "max_bond_dim": 2,
    "replacement_probability": 0.25,
    "nqubits": 10,
    "nlayers": 3,
    "nruns": 10,
    "rng_seed": 42,
    "set_initial_state": true,
    "platform": "quimb",
    "dry_run_discarded": true
  }
}
