{
  "measured_observable": "ZXZXZXZX",
  "times": [
    0.014094114303588867,
    0.016590118408203125,
    0.014421939849853516,
    0.012611627578735352,
    0.009060144424438477,
    0.01822209358215332,
    0.014690160751342773,
    0.018192768096923828,
    0.0140380859375,
    0.014213800430297852
  ],
  "expvals": [
    0.008062198889766817,
    7.155003687636489e-16,
    0.00345377125287579,
    9.81772582035416e-35,
    -0.014785177491880202,
    -1.1387009217384679e-16,
    3.09229681485329e-05,
    -0.005380494181093834,
    0.11640754972792047,
    -0.01585218098345878
  ],
  "magic_gates": [
    6,
    7,
    6,
    5,
    3,
    8,
    6,
    8,
    6,
    6
  ],
  "median_time": 0.014317870140075684,
  "mad_time": 0.001039266586303711,
  "ave_magic_gates": 6.1,
  "input_arguments": {
    "backend": "mpstab",
    "max_bond_dim": 8,
    "replacement_probability": 0.5,
    "nqubits": 8,
    "nlayers": 3,
    "nruns": 10,
    "rng_seed": 42,
    "set_initial_state": true,
    "platform": "None",
    "dry_run_discarded": true
  }
}
