{
  "measured_observable": "ZXZXZXZXZXZXZXZXZXZX",
  "times": [
    1.044409990310669,
    1.0495388507843018,
    1.0683152675628662,
    1.0513360500335693,
    1.0436837673187256,
    1.1002922058105469,
    1.0859453678131104,
    1.0922207832336426,
    1.1166861057281494,
    1.0468230247497559
  ],
  "expvals": [
    6.130414008863444e-06,
    -0.0003497106470341782,
    -0.004771891915255639,
    5.078334736408734e-05,
    0.0005554143658837657,
    4.5897553816895296e-07,
    -4.00727695729913e-07,
    -2.204112124232351e-06,
    -2.9983178870579045e-07,
    -3.5652980808401166e-07
  ],
  "magic_gates": [
    60,
    60,
    60,
    60,
    60,
    60,
    60,
    60,
    60,
    60
  ],
  "median_time": 1.0598256587982178,
  "mad_time": 0.015778779983520508,
  "ave_magic_gates": 60.0,
  "input_arguments": {
    "backend": "mpstab",
    "max_bond_dim": 4,
    "replacement_probability": 0.0,
    "nqubits": 20,
    "nlayers": 3,
    "nruns": 10,
    "rng_seed": 42,
    "set_initial_state": true,
    "platform": "None",
    "dry_run_discarded": true
  }
}