{
  "measured_observable": "ZXZXZXZXZXZXZXZXZXZXZXZXZXZXZXZXZXZXZXZXZXZXZXZXZXZXZXZXZXZXZXZXZ",
  "times": [
    0.33088135719299316,
    0.21050190925598145,
    0.21140837669372559,
    0.3257029056549072,
    0.210188627243042,
    0.21030974388122559,
    0.3235046863555908,
    0.2109231948852539,
    0.21092581748962402,
    0.32415103912353516
  ],
  "expvals": [
    6.953679421595461e-13,
    -3.6286956262510475e-14,
    -4.151383289613148e-13,
    -3.061924225794672e-11,
    -1.865831469688328e-12,
    -2.1979055961443747e-15,
    3.2474660336479967e-14,
    -3.17721517775588e-11,
    1.9066985009618163e-12,
    -9.27575550808061e-13
  ],
  "magic_gates": [],
  "median_time": 0.2111670970916748,
  "mad_time": 0.0009179115295410156,
  "input_arguments": {
    "backend": "qibotn",
    "max_bond_dim": 4,
    "replacement_probability": 0.0,
    "nqubits": 65,
    "nlayers": 3,
    "nruns": 10,
    "rng_seed": 42,
    "set_initial_state": true,
    "platform": "quimb",
    "dry_run_discarded": true
  }
}