{
  "measured_observable": "ZXZXZXZXZXZXZXZ",
  "times": [
    0.0971076488494873,
    0.0532534122467041,
    0.05245375633239746,
    0.05269932746887207,
    0.05246996879577637,
    0.05249667167663574,
    0.05258893966674805,
    0.05249452590942383,
    0.05237841606140137,
    0.0527186393737793
  ],
  "expvals": [
    0.0019485216697779455,
    0.013982191140852368,
    0.0003931549894210072,
    -0.00017836110247493027,
    0.0018067504775830696,
    0.0011311624411185954,
    -4.6130223654008854e-05,
    0.01429426406276321,
    -1.5318075135007095e-06,
    -0.0010279445707255391
  ],
  "magic_gates": [],
  "median_time": 0.052542805671691895,
  "mad_time": 0.0001227855682373047,
  "input_arguments": {
    "backend": "qibotn",
    "max_bond_dim": 4,
    "replacement_probability": 0.0,
    "nqubits": 15,
    "nlayers": 3,
    "nruns": 10,
    "rng_seed": 42,
    "set_initial_state": true,
    "platform": "quimb",
    "dry_run_discarded": true
  }
}