{
  "measured_observable": "ZXZXZXZXZXZX",
  "times": [
    0.020202159881591797,
    0.02754688262939453,
    0.019374847412109375,
    0.04168987274169922,
    0.02228093147277832,
    0.023746013641357422,
    0.06799721717834473,
    0.035713911056518555,
    0.03301286697387695,
    0.019850969314575195
  ],
  "expvals": [
    0.0,
    -0.00275630760972707,
    0.0,
    2.695537295672262e-18,
    -1.811872909044597e-17,
    -0.06900987710284258,
    0.012077504565108685,
    4.8273311115535516e-20,
    0.006292459131588154,
    -0.0001952813730960389
  ],
  "magic_gates": [
    5,
    7,
    5,
    10,
    6,
    6,
    15,
    3,
    9,
    5
  ],
  "median_time": 0.025646448135375977,
  "mad_time": 0.006033539772033691,
  "ave_magic_gates": 7.1,
  "input_arguments": {
    "backend": "mpstab",
    "max_bond_dim": 64,
    "replacement_probability": 0.25,
    "nqubits": 12,
    "nlayers": 3,
    "nruns": 10,
    "rng_seed": 42,
    "set_initial_state": true,
    "platform": "None",
    "dry_run_discarded": true
  }
}
