{
  "measured_observable": "ZXZXZXZXZX",
  "times": [
    0.0032668113708496094,
    0.003145933151245117,
    0.003139019012451172,
    0.0031197071075439453,
    0.0031380653381347656,
    0.003107786178588867,
    0.0031092166900634766,
    0.003083944320678711,
    0.003129243850708008,
    0.0030760765075683594
  ],
  "expvals": [
    0.0,
    0.0,
    -0.0063981609017490955,
    0.0,
    0.0,
    0.0,
    0.016091212539421355,
    0.0,
    0.0,
    0.012584251210595934
  ],
  "magic_gates": [
    0,
    0,
    0,
    0,
    0,
    0,
    0,
    0,
    0,
    0
  ],
  "median_time": 0.0031244754791259766,
  "mad_time": 1.5974044799804688e-05,
  "ave_magic_gates": 0.0,
  "input_arguments": {
    "backend": "mpstab",
    "max_bond_dim": 4,
    "replacement_probability": 0.0,
    "nqubits": 10,
    "nlayers": 3,
    "nruns": 10,
    "rng_seed": 42,
    "set_initial_state": true,
    "platform": "None",
    "dry_run_discarded": true
  }
}
