{
  "measured_observable": "ZXZXZXZXZX",
  "times": [
    0.2498490810394287,
    0.25147032737731934,
    0.25025391578674316,
    0.3076956272125244,
    0.2547643184661865,
    0.25239038467407227,
    0.25200557708740234,
    0.2567131519317627,
    0.25179600715637207,
    0.252899169921875
  ],
  "expvals": [
    -0.00015964194987003687,
    -7.147368910019727e-05,
    -0.0020819128024277987,
    0.006804372494228274,
    -0.0026373294369903466,
    0.020886476938968425,
    -0.0052238918112239765,
    -0.0019043418401081163,
    -5.5382949325582574e-05,
    -0.013128533031053494
  ],
  "magic_gates": [
    30,
    30,
    30,
    30,
    30,
    30,
    30,
    30,
    30,
    30
  ],
  "median_time": 0.2521979808807373,
  "mad_time": 0.0013358592987060547,
  "ave_magic_gates": 30.0,
  "input_arguments": {
    "backend": "mpstab",
    "max_bond_dim": 4,
    "replacement_probability": 0.0,
    "nqubits": 10,
    "nlayers": 3,
    "nruns": 10,
    "rng_seed": 42,
    "set_initial_state": true,
    "platform": "None",
    "dry_run_discarded": true
  }
}