{
  "measured_observable": "ZXZXZXZXZXZXZXZXZXZX",
  "times": [
    0.8956830501556396,
    1.396639108657837,
    1.9950809478759766,
    4.91577410697937,
    2.7183611392974854,
    2.5431149005889893,
    1.0739481449127197,
    0.649583101272583,
    0.3716130256652832,
    4.709203004837036
  ],
  "expvals": [
    3.483747284770067e-33,
    -3.3877582836648e-18,
    -9.172225216481682e-10,
    -6.09511025385898e-11,
    1.9958833681977864e-05,
    -8.808398892704367e-05,
    5.058149809899757e-24,
    1.1280130749242262e-31,
    -3.9556917709364496e-49,
    0.00047454553259421715
  ],
  "magic_gates": [
    20,
    23,
    25,
    28,
    29,
    22,
    21,
    25,
    21,
    27
  ],
  "median_time": 1.6958600282669067,
  "mad_time": 0.9348779916763306,
  "ave_magic_gates": 24.1,
  "input_arguments": {
    "max_bond_dim": 128,
    "replacement_probability": 0.7,
    "nqubits": 20,
    "nlayers": 4,
    "nruns": 10,
    "rng_seed": 42,
    "set_initial_state": true
  }
}
