{
  "measured_observable": "ZXZXZXZXZXZXZXZXZXZXZXZXZXZXZXZXZXZXZXZXZXZXZXZXZXZXZXZ",
  "times": [
    8.431498289108276,
    8.257813453674316,
    8.122162342071533,
    8.61118221282959,
    8.84668517112732,
    8.872946977615356,
    8.809955358505249,
    8.754323244094849,
    8.788463830947876,
    8.862732887268066
  ],
  "expvals": [
    3.142033323580114e-17,
    -6.441662223689987e-16,
    1.0714977117557192e-15,
    8.529517502036168e-18,
    8.893585870705959e-14,
    -3.1041747408821327e-15,
    2.5613634764729238e-21,
    -7.07428340082746e-13,
    5.4410660690679386e-17,
    1.0921692734134856e-11
  ],
  "magic_gates": [
    165,
    165,
    165,
    165,
    165,
    165,
    165,
    165,
    165,
    165
  ],
  "median_time": 8.771393537521362,
  "mad_time": 0.09644639492034912,
  "ave_magic_gates": 165.0,
  "input_arguments": {
    "backend": "mpstab",
    "max_bond_dim": 4,
    "replacement_probability": 0.0,
    "nqubits": 55,
    "nlayers": 3,
    "nruns": 10,
    "rng_seed": 42,
    "set_initial_state": true,
    "platform": "None",
    "dry_run_discarded": true
  }
}