{
  "measured_observable": "ZXZXZXZXZX",
  "times": [
    0.038130998611450195,
    0.0369720458984375,
    0.03713798522949219,
    0.03734183311462402,
    0.03719496726989746,
    0.03716230392456055,
    0.04935789108276367,
    0.03678584098815918,
    0.03745722770690918,
    0.05610537528991699
  ],
  "expvals": [
    0.025439757853746414,
    -0.0241449773311615,
    -0.058064334094524384,
    -0.006746807601302862,
    -2.9774346330668777e-06,
    0.05429377406835556,
    -6.024245885782875e-05,
    0.004650759976357222,
    -0.002256662817671895,
    0.04661758616566658
  ],
  "magic_gates": [],
  "median_time": 0.03726840019226074,
  "mad_time": 0.00024259090423583984,
  "input_arguments": {
    "backend": "qibotn",
    "max_bond_dim": 8,
    "replacement_probability": 0.5,
    "nqubits": 10,
    "nlayers": 3,
    "nruns": 10,
    "rng_seed": 42,
    "set_initial_state": true,
    "platform": "quimb",
    "dry_run_discarded": true
  }
}
