{
  "measured_observable": "ZXZXZXZXZXZXZXZXZXZXZXZXZXZXZXZXZXZXZXZXZXZXZXZXZXZXZXZXZXZXZXZXZXZXZX",
  "times": [
    0.26372671127319336,
    0.24018335342407227,
    0.3550910949707031,
    0.2384347915649414,
    0.24180316925048828,
    0.353759765625,
    0.2404923439025879,
    0.35468602180480957,
    0.24075937271118164,
    0.24068307876586914
  ],
  "expvals": [
    -1.2747338707162845e-14,
    1.6303771795194995e-14,
    -1.693565096101907e-14,
    6.4109109011215446e-15,
    5.281410564772585e-16,
    -1.4958118354567198e-16,
    4.0013993466319e-13,
    9.312650228792429e-16,
    -3.726047270510206e-12,
    5.509979390161609e-17
  ],
  "magic_gates": [],
  "median_time": 0.24128127098083496,
  "mad_time": 0.001972198486328125,
  "input_arguments": {
    "backend": "qibotn",
    "max_bond_dim": 256,
    "replacement_probability": 0.0,
    "nqubits": 70,
    "nlayers": 3,
    "nruns": 10,
    "rng_seed": 42,
    "set_initial_state": true,
    "platform": "quimb",
    "dry_run_discarded": true
  }
}