{
  "measured_observable": "ZXZXZXZX",
  "times": [
    0.00967717170715332,
    0.008022069931030273,
    0.00922083854675293,
    0.008083820343017578,
    0.007807016372680664,
    0.0076520442962646484,
    0.008893966674804688,
    0.008683919906616211,
    0.007487058639526367,
    0.007825136184692383
  ],
  "expvals": [
    -0.17005522549152374,
    -0.04064657539129257,
    -0.00029836088651791215,
    0.0006580601911991835,
    0.0052717626094818115,
    -0.008257444016635418,
    -0.0006114246207289398,
    -0.001749703660607338,
    -0.012906723655760288,
    0.00014982795983087271
  ],
  "magic_gates": [],
  "median_time": 0.008052945137023926,
  "mad_time": 0.00048339366912841797,
  "input_arguments": {
    "backend": "qibotn",
    "max_bond_dim": 16,
    "replacement_probability": 0.5,
    "nqubits": 8,
    "nlayers": 3,
    "nruns": 10,
    "rng_seed": 42,
    "set_initial_state": true,
    "platform": "quimb",
    "dry_run_discarded": true
  }
}
