{
  "measured_observable": "ZXZXZXZXZX",
  "times": [
    0.011157035827636719,
    0.020626068115234375,
    0.02887415885925293,
    0.013624191284179688,
    0.026774883270263672,
    0.015582084655761719,
    0.015889883041381836,
    0.029983043670654297,
    0.015054941177368164,
    0.008232831954956055
  ],
  "expvals": [
    0.0,
    -1.0455407303863205e-32,
    2.0951028054209187e-05,
    -5.659715084689548e-32,
    2.0225916893942336e-05,
    0.0,
    -0.0018865364928823897,
    0.03799894048141626,
    -1.830248494706642e-33,
    0.030535460588148808
  ],
  "magic_gates": [
    3,
    7,
    10,
    4,
    9,
    5,
    5,
    11,
    5,
    2
  ],
  "median_time": 0.015735983848571777,
  "mad_time": 0.004734516143798828,
  "ave_magic_gates": 6.1,
  "input_arguments": {
    "backend": "mpstab",
    "max_bond_dim": 32,
    "replacement_probability": 0.25,
    "nqubits": 10,
    "nlayers": 3,
    "nruns": 10,
    "rng_seed": 42,
    "set_initial_state": true,
    "platform": "None",
    "dry_run_discarded": true
  }
}
