{
  "measured_observable": "ZXZXZXZXZXZXZXZ",
  "times": [
    0.06643295288085938,
    0.08710408210754395,
    0.0851891040802002,
    0.07701992988586426,
    0.11717677116394043,
    0.07612299919128418,
    0.058123111724853516,
    0.09709286689758301,
    0.06373786926269531,
    0.0710148811340332
  ],
  "expvals": [
    -3.836037408964791e-63,
    -2.4261998236305057e-32,
    -1.1619917720536095e-22,
    -6.141964013078456e-66,
    -1.2634391006479868e-19,
    -9.081611874112157e-06,
    3.401080276064199e-68,
    1.651337560460652e-35,
    2.747982777766267e-67,
    6.817546457390169e-47
  ],
  "magic_gates": [
    15,
    21,
    20,
    18,
    29,
    17,
    13,
    23,
    14,
    16
  ],
  "median_time": 0.07657146453857422,
  "mad_time": 0.010335564613342285,
  "ave_magic_gates": 18.6,
  "input_arguments": {
    "max_bond_dim": 2,
    "replacement_probability": 0.75,
    "nqubits": 15,
    "nlayers": 5,
    "nruns": 10,
    "rng_seed": 42,
    "set_initial_state": true
  }
}
