{
  "measured_observable": "ZXZXZXZXZXZXZXZXZXZXZXZXZXZXZXZXZXZXZXZXZXZXZ",
  "times": [
    0.18273591995239258,
    0.15180373191833496,
    0.15200471878051758,
    0.15250468254089355,
    0.2626657485961914,
    0.15341567993164062,
    0.1539900302886963,
    0.15225481986999512,
    0.2862589359283447,
    0.15196704864501953
  ],
  "expvals": [
    7.694581572783756e-10,
    -8.183990957884264e-09,
    3.594013550905353e-12,
    1.979140157409175e-11,
    -3.372234959701981e-12,
    3.895877963614172e-10,
    -1.075965424101315e-09,
    -4.284592835812115e-09,
    5.397169414437571e-13,
    8.351481672821847e-09
  ],
  "magic_gates": [],
  "median_time": 0.1529601812362671,
  "mad_time": 0.001011490821838379,
  "input_arguments": {
    "backend": "qibotn",
    "max_bond_dim": 8,
    "replacement_probability": 0.0,
    "nqubits": 45,
    "nlayers": 3,
    "nruns": 10,
    "rng_seed": 42,
    "set_initial_state": true,
    "platform": "quimb",
    "dry_run_discarded": true
  }
}