{
  "measured_observable": "ZXZXZXZXZXZXZXZXZXZXZXZXZXZXZXZXZXZXZXZXZXZXZXZXZXZXZXZXZXZXZXZXZXZXZX",
  "times": [
    13.628185272216797,
    13.588806867599487,
    13.669870376586914,
    14.09057068824768,
    13.894963502883911,
    14.061206817626953,
    13.916224002838135,
    14.033478260040283,
    13.893612384796143,
    13.928028106689453
  ],
  "expvals": [
    1.679945423875865e-21,
    1.9019296743523663e-20,
    -2.663047107921372e-28,
    -1.1294121594205422e-23,
    8.427130805763841e-15,
    9.787869929484392e-24,
    7.008605432094559e-25,
    1.012541187864428e-18,
    1.1864483289145843e-25,
    1.8885509681244213e-23
  ],
  "magic_gates": [
    210,
    210,
    210,
    210,
    210,
    210,
    210,
    210,
    210,
    210
  ],
  "median_time": 13.905593752861023,
  "mad_time": 0.14174878597259521,
  "ave_magic_gates": 210.0,
  "input_arguments": {
    "backend": "mpstab",
    "max_bond_dim": 4,
    "replacement_probability": 0.0,
    "nqubits": 70,
    "nlayers": 3,
    "nruns": 10,
    "rng_seed": 42,
    "set_initial_state": true,
    "platform": "None",
    "dry_run_discarded": true
  }
}