{
  "measured_observable": "ZXZXZXZX",
  "times": [
    0.01046609878540039,
    0.012321949005126953,
    0.012209177017211914,
    0.015984296798706055,
    0.0065767765045166016,
    0.010254144668579102,
    0.010448932647705078,
    0.012396097183227539,
    0.008193016052246094,
    0.02387523651123047
  ],
  "expvals": [
    0.008054103247348019,
    -2.1178401206672223e-17,
    6.561067322102854e-35,
    0.00010413005705095276,
    -0.004685949397933786,
    0.06032852066251769,
    -1.832792804888308e-35,
    -0.03189702306023491,
    -0.013459831874733057,
    -0.005551959077093511
  ],
  "magic_gates": [
    4,
    5,
    5,
    7,
    2,
    4,
    4,
    5,
    3,
    11
  ],
  "median_time": 0.011337637901306152,
  "mad_time": 0.0010709762573242188,
  "ave_magic_gates": 5.0,
  "input_arguments": {
    "backend": "mpstab",
    "max_bond_dim": 4,
    "replacement_probability": 0.25,
    "nqubits": 8,
    "nlayers": 3,
    "nruns": 10,
    "rng_seed": 42,
    "set_initial_state": true,
    "platform": "None",
    "dry_run_discarded": true
  }
}
