{
  "measured_observable": "ZXZXZXZX",
  "times": [
    0.010184049606323242,
    0.012379884719848633,
    0.012061119079589844,
    0.015744924545288086,
    0.006394863128662109,
    0.010131359100341797,
    0.010320186614990234,
    0.01226496696472168,
    0.008285045623779297,
    0.02395176887512207
  ],
  "expvals": [
    0.011587818852276633,
    5.4215488183403066e-17,
    -2.0503335381571444e-36,
    -1.3358164073821037e-36,
    -0.004685949397933786,
    0.0828574601768012,
    0.0,
    -0.05385920839420422,
    -0.013459831874732996,
    -0.006089556881202312
  ],
  "magic_gates": [
    4,
    5,
    5,
    7,
    2,
    4,
    4,
    5,
    3,
    11
  ],
  "median_time": 0.011190652847290039,
  "mad_time": 0.0011317729949951172,
  "ave_magic_gates": 5.0,
  "input_arguments": {
    "backend": "mpstab",
    "max_bond_dim": 2,
    "replacement_probability": 0.25,
    "nqubits": 8,
    "nlayers": 3,
    "nruns": 10,
    "rng_seed": 42,
    "set_initial_state": true,
    "platform": "None",
    "dry_run_discarded": true
  }
}
