{
  "measured_observable": "ZXZXZXZXZXZXZXZXZXZXZXZXZXZXZXZXZXZXZXZXZXZXZXZXZXZXZXZ",
  "times": [
    0.3397238254547119,
    0.20763444900512695,
    0.2074885368347168,
    0.34412693977355957,
    0.2091655731201172,
    0.20910954475402832,
    0.20819664001464844,
    0.3366067409515381,
    0.2128620147705078,
    0.20646882057189941
  ],
  "expvals": [
    5.563869780316433e-10,
    4.6340991999316745e-11,
    -2.5547995739444265e-10,
    -1.4992773662459227e-10,
    5.066701416534309e-11,
    9.212606940462163e-14,
    3.028758565447359e-10,
    2.9171243538327663e-10,
    1.4067019098029188e-08,
    -1.808796104097641e-10
  ],
  "magic_gates": [],
  "median_time": 0.20913755893707275,
  "mad_time": 0.0021588802337646484,
  "input_arguments": {
    "backend": "qibotn",
    "max_bond_dim": 32,
    "replacement_probability": 0.0,
    "nqubits": 55,
    "nlayers": 3,
    "nruns": 10,
    "rng_seed": 42,
    "set_initial_state": true,
    "platform": "quimb",
    "dry_run_discarded": true
  }
}