{
  "measured_observable": "ZXZXZXZXZXZXZXZXZXZXZXZXZ",
  "times": [
    1.6494247913360596,
    1.6470069885253906,
    1.6398391723632812,
    1.7158920764923096,
    1.6486549377441406,
    1.655468463897705,
    1.6919372081756592,
    1.8201806545257568,
    1.6579627990722656,
    1.646301031112671
  ],
  "expvals": [
    2.4652471098198807e-09,
    -2.3666444908851886e-05,
    -3.0753123800682803e-07,
    -1.3478255860354868e-06,
    -2.1280570044823102e-09,
    -1.6831591810628788e-09,
    -3.692076345087167e-11,
    4.826155046186159e-10,
    9.663675635883613e-09,
    -9.15947272097428e-06
  ],
  "magic_gates": [
    75,
    75,
    75,
    75,
    75,
    75,
    75,
    75,
    75,
    75
  ],
  "median_time": 1.6524466276168823,
  "mad_time": 0.005830883979797363,
  "ave_magic_gates": 75.0,
  "input_arguments": {
    "backend": "mpstab",
    "max_bond_dim": 4,
    "replacement_probability": 0.0,
    "nqubits": 25,
    "nlayers": 3,
    "nruns": 10,
    "rng_seed": 42,
    "set_initial_state": true,
    "platform": "None",
    "dry_run_discarded": true
  }
}