{
  "measured_observable": "ZXZXZXZXZXZXZXZXZXZXZXZXZXZXZXZXZXZXZXZXZXZXZXZXZX",
  "times": [
    0.411712646484375,
    0.41164517402648926,
    0.5931634902954102,
    0.4070291519165039,
    0.4119601249694824,
    0.5903916358947754,
    0.4072566032409668,
    0.41033029556274414,
    0.40975093841552734,
    0.42679882049560547
  ],
  "expvals": [
    1.7218051080044878e-11,
    3.0294005321309454e-11,
    -1.7924195062439925e-11,
    4.1459657931154415e-10,
    -1.0279573760184078e-10,
    -6.947411763446217e-13,
    4.5403284656984957e-10,
    -2.0166726531611612e-12,
    -2.1753137274326166e-11,
    -5.441103176043637e-10
  ],
  "magic_gates": [],
  "median_time": 0.41167891025543213,
  "mad_time": 0.0031751394271850586,
  "input_arguments": {
    "backend": "qibotn",
    "max_bond_dim": 128,
    "replacement_probability": 0.0,
    "nqubits": 50,
    "nlayers": 3,
    "nruns": 10,
    "rng_seed": 42,
    "set_initial_state": true,
    "platform": "quimb",
    "dry_run_discarded": true
  }
}