{
  "measured_observable": "ZXZXZXZXZXZXZXZXZXZXZXZXZXZXZXZXZXZXZXZXZXZXZ",
  "times": [
    6.0790135860443115,
    5.727805137634277,
    5.867115259170532,
    5.739118576049805,
    5.858905553817749,
    5.663055181503296,
    5.9730212688446045,
    5.815526247024536,
    6.2106711864471436,
    6.0927112102508545
  ],
  "expvals": [
    -3.438380979761367e-11,
    9.265548681828745e-13,
    9.922195360617794e-14,
    8.22619154406842e-13,
    4.3234682888261e-12,
    -1.6687737830916377e-09,
    -9.651539746563862e-18,
    -6.469550254370485e-12,
    3.68946600651144e-14,
    1.5906650176437382e-08
  ],
  "magic_gates": [
    135,
    135,
    135,
    135,
    135,
    135,
    135,
    135,
    135,
    135
  ],
  "median_time": 5.863010406494141,
  "mad_time": 0.1295485496520996,
  "ave_magic_gates": 135.0,
  "input_arguments": {
    "backend": "mpstab",
    "max_bond_dim": 8,
    "replacement_probability": 0.0,
    "nqubits": 45,
    "nlayers": 3,
    "nruns": 10,
    "rng_seed": 42,
    "set_initial_state": true,
    "platform": "None",
    "dry_run_discarded": true
  }
}