{
  "measured_observable": "ZXZXZXZXZXZXZXZ",
  "times": [
    0.018070220947265625,
    0.03934526443481445,
    0.024586200714111328,
    0.06552696228027344,
    0.03389310836791992,
    0.055238962173461914,
    0.021127939224243164,
    0.02059197425842285,
    0.017024993896484375,
    0.031989097595214844
  ],
  "expvals": [
    0.0,
    4.959433378964652e-32,
    2.0790383477847692e-50,
    -0.013341263707861322,
    1.5084126431264582e-18,
    0.022462261729235697,
    0.0002325228107904028,
    -0.0003864678633359374,
    -3.949538184275057e-19,
    0.00024031704820994703
  ],
  "magic_gates": [
    3,
    8,
    5,
    10,
    7,
    9,
    4,
    4,
    3,
    6
  ],
  "median_time": 0.028287649154663086,
  "mad_time": 0.008956551551818848,
  "ave_magic_gates": 5.9,
  "input_arguments": {
    "max_bond_dim": 256,
    "replacement_probability": 0.9,
    "nqubits": 15,
    "nlayers": 4,
    "nruns": 10,
    "rng_seed": 42,
    "set_initial_state": true
  }
}
