{
  "measured_observable": "ZXZXZX",
  "times": [
    0.008013010025024414,
    0.00747990608215332,
    0.008932828903198242,
    0.010131120681762695,
    0.0060579776763916016,
    0.004759073257446289,
    0.007594108581542969,
    0.012000083923339844,
    0.010560989379882812,
    0.007704019546508789
  ],
  "expvals": [
    -0.04295275866997313,
    -0.00642558784016818,
    -0.012380540918698432,
    0.29018606810831926,
    0.07689517007292748,
    0.0,
    -3.47180938692931e-16,
    1.619362506760095e-17,
    2.074068222997593e-34,
    0.05635227738739218
  ],
  "magic_gates": [
    4,
    4,
    5,
    6,
    3,
    2,
    4,
    7,
    6,
    4
  ],
  "median_time": 0.007858514785766602,
  "mad_time": 0.0014374256134033203,
  "ave_magic_gates": 4.5,
  "input_arguments": {
    "backend": "mpstab",
    "max_bond_dim": 4,
    "replacement_probability": 0.5,
    "nqubits": 6,
    "nlayers": 3,
    "nruns": 10,
    "rng_seed": 42,
    "set_initial_state": true,
    "platform": "None",
    "dry_run_discarded": true
  }
}
