{
  "measured_observable": "ZXZXZX",
  "times": [
    0.0022749900817871094,
    0.00418400764465332,
    0.0022478103637695312,
    0.0022499561309814453,
    0.0035400390625,
    0.0026581287384033203,
    0.0021829605102539062,
    0.002154111862182617,
    0.0022339820861816406,
    0.0022270679473876953
  ],
  "expvals": [
    0.0,
    0.03220783091192595,
    0.0,
    0.6272922424007298,
    0.09947114839913254,
    0.0,
    0.0,
    0.0,
    5.343470192570732e-36,
    0.0
  ],
  "magic_gates": [
    0,
    1,
    0,
    0,
    1,
    0,
    0,
    0,
    0,
    0
  ],
  "median_time": 0.0022488832473754883,
  "mad_time": 4.601478576660156e-05,
  "ave_magic_gates": 0.2,
  "input_arguments": {
    "backend": "mpstab",
    "max_bond_dim": 4,
    "replacement_probability": 0.99,
    "nqubits": 6,
    "nlayers": 3,
    "nruns": 10,
    "rng_seed": 42,
    "set_initial_state": true,
    "platform": "None",
    "dry_run_discarded": true
  }
}
