{
  "measured_observable": "ZXZXZXZXZXZXZXZXZXZXZXZXZXZXZXZXZXZXZXZXZXZXZXZXZXZXZXZXZXZX",
  "times": [
    0.23743796348571777,
    0.2322542667388916,
    0.34987497329711914,
    0.23387360572814941,
    0.23417043685913086,
    0.3473982810974121,
    0.23137998580932617,
    0.2336728572845459,
    0.23342657089233398,
    0.34409642219543457
  ],
  "expvals": [
    -2.715223326532564e-10,
    -6.882276109569195e-11,
    8.034853340854239e-13,
    -1.8894758765253876e-10,
    -1.2629856628089457e-10,
    -4.9980913721955295e-12,
    2.261248506362431e-11,
    4.967003015715861e-12,
    -3.4212455891695267e-14,
    1.2576746664317273e-10
  ],
  "magic_gates": [],
  "median_time": 0.23402202129364014,
  "mad_time": 0.00220489501953125,
  "input_arguments": {
    "backend": "qibotn",
    "max_bond_dim": 1024,
    "replacement_probability": 0.0,
    "nqubits": 60,
    "nlayers": 3,
    "nruns": 10,
    "rng_seed": 42,
    "set_initial_state": true,
    "platform": "quimb",
    "dry_run_discarded": true
  }
}