{
  "measured_observable": "ZXZXZXZXZXZX",
  "times": [
    1.770076036453247,
    1.7458281517028809,
    1.7666220664978027,
    1.9841997623443604,
    1.5822868347167969,
    1.5912818908691406,
    1.5916259288787842,
    1.7652149200439453,
    1.7564990520477295,
    1.8919439315795898
  ],
  "expvals": [
    0.006890676449984312,
    5.624298769768554e-19,
    -0.010897121392190456,
    0.002342816675081849,
    -9.20142701943405e-05,
    0.00014067230222281069,
    0.0036850757896900177,
    4.7269636122004854e-12,
    5.929230630780102e-21,
    1.1655173354219173e-18
  ],
  "magic_gates": [],
  "median_time": 1.7608569860458374,
  "mad_time": 0.07305788993835449,
  "input_arguments": {
    "backend": "qibotn",
    "max_bond_dim": 8,
    "replacement_probability": 0.25,
    "nqubits": 12,
    "nlayers": 3,
    "nruns": 10,
    "rng_seed": 42,
    "set_initial_state": true,
    "platform": "quimb",
    "dry_run_discarded": true
  }
}
