{
  "measured_observable": "ZXZXZXZXZX",
  "times": [
    0.13317298889160156,
    0.13481903076171875,
    0.11872220039367676,
    0.15740609169006348,
    0.12348484992980957,
    0.12428903579711914,
    0.11825895309448242,
    0.11112403869628906,
    0.12101912498474121,
    0.13759589195251465
  ],
  "expvals": [
    0.016635115661736838,
    -0.009712530179510936,
    -0.04652205246180025,
    -0.023410820343817973,
    0.05890970571529056,
    -0.014051350404335191,
    0.005011330221683069,
    0.013174893021220062,
    -0.01561986154005822,
    0.0016446220315509954
  ],
  "magic_gates": [
    31,
    34,
    32,
    33,
    32,
    32,
    33,
    32,
    33,
    36
  ],
  "median_time": 0.12388694286346436,
  "mad_time": 0.00745701789855957,
  "ave_magic_gates": 32.8,
  "input_arguments": {
    "max_bond_dim": null,
    "replacement_probability": 0.2,
    "nqubits": 10,
    "nlayers": 4,
    "nruns": 10,
    "rng_seed": 42,
    "set_initial_state": true
  }
}
