{
  "measured_observable": "ZXZXZX",
  "times": [
    0.005591154098510742,
    0.005317211151123047,
    0.005016803741455078,
    0.005002021789550781,
    0.004783153533935547,
    0.004830837249755859,
    0.004973173141479492,
    0.004869937896728516,
    0.0048542022705078125,
    0.005465984344482422
  ],
  "expvals": [
    0.0022855864372104406,
    -0.002174001419916749,
    -0.12665143609046936,
    -0.001252025249414146,
    -0.012283227406442165,
    0.016007207334041595,
    0.0391436442732811,
    -0.16532529890537262,
    -0.0022131926380097866,
    0.3107341229915619
  ],
  "magic_gates": [],
  "median_time": 0.004987597465515137,
  "mad_time": 0.00014507770538330078,
  "input_arguments": {
    "backend": "qibotn",
    "max_bond_dim": 4,
    "replacement_probability": 0.5,
    "nqubits": 6,
    "nlayers": 3,
    "nruns": 10,
    "rng_seed": 42,
    "set_initial_state": true,
    "platform": "quimb",
    "dry_run_discarded": true
  }
}
