{
  "measured_observable": "ZXZXZXZXZXZXZXZXZXZXZXZXZXZXZXZXZXZXZXZXZXZXZXZXZXZXZXZXZXZXZXZXZXZXZX",
  "times": [
    0.3930058479309082,
    0.24280905723571777,
    0.244368314743042,
    0.38808369636535645,
    0.2514932155609131,
    0.24396491050720215,
    0.3789985179901123,
    0.2411501407623291,
    0.23644423484802246,
    0.380232572555542
  ],
  "expvals": [
    -1.274733870716284e-14,
    1.6303771795194894e-14,
    -1.6935650961019015e-14,
    6.410910901121427e-15,
    5.281410564772367e-16,
    -1.4958118354567178e-16,
    4.001399346631901e-13,
    9.312650228792545e-16,
    -3.726047270510201e-12,
    5.50997939016136e-17
  ],
  "magic_gates": [],
  "median_time": 0.24793076515197754,
  "mad_time": 0.009133577346801758,
  "input_arguments": {
    "backend": "qibotn",
    "max_bond_dim": 16,
    "replacement_probability": 0.0,
    "nqubits": 70,
    "nlayers": 3,
    "nruns": 10,
    "rng_seed": 42,
    "set_initial_state": true,
    "platform": "quimb",
    "dry_run_discarded": true
  }
}