{
  "measured_observable": "ZXZXZXZXZXZXZXZXZXZXZXZXZXZXZXZXZXZXZXZXZXZXZXZXZXZXZXZXZXZXZXZXZ",
  "times": [
    0.6367380619049072,
    0.49394941329956055,
    0.4942901134490967,
    0.6161417961120605,
    0.4951024055480957,
    0.4951319694519043,
    0.621577262878418,
    0.5096595287322998,
    0.49714136123657227,
    0.6558437347412109
  ],
  "expvals": [
    6.953679421595575e-13,
    -3.628695626251024e-14,
    -4.1513832896131416e-13,
    -3.0619242257946705e-11,
    -1.8658314696882532e-12,
    -2.1979055961467528e-15,
    3.247466033648756e-14,
    -3.177215177755896e-11,
    1.9066985009618045e-12,
    -9.27575550807963e-13
  ],
  "magic_gates": [],
  "median_time": 0.503400444984436,
  "mad_time": 0.009280681610107422,
  "input_arguments": {
    "backend": "qibotn",
    "max_bond_dim": 128,
    "replacement_probability": 0.0,
    "nqubits": 65,
    "nlayers": 3,
    "nruns": 10,
    "rng_seed": 42,
    "set_initial_state": true,
    "platform": "quimb",
    "dry_run_discarded": true
  }
}