{
  "measured_observable": "ZXZXZXZXZXZXZXZXZXZXZXZXZXZXZX",
  "times": [
    0.11698627471923828,
    0.26151275634765625,
    0.11654829978942871,
    0.1154322624206543,
    0.11440467834472656,
    0.1169428825378418,
    0.11949896812438965,
    0.11846351623535156,
    0.11678314208984375,
    0.22538185119628906
  ],
  "expvals": [
    -9.260984905213267e-07,
    -5.306364317604687e-08,
    -1.2981472647495119e-07,
    -1.0203520918632811e-07,
    -4.7158076583742744e-08,
    -5.200068484950097e-08,
    9.630141501434774e-06,
    3.3726709238701675e-06,
    -2.574364878101406e-07,
    3.966337327359421e-06
  ],
  "magic_gates": [],
  "median_time": 0.11696457862854004,
  "mad_time": 0.0015156269073486328,
  "input_arguments": {
    "backend": "qibotn",
    "max_bond_dim": 1024,
    "replacement_probability": 0.0,
    "nqubits": 30,
    "nlayers": 3,
    "nruns": 10,
    "rng_seed": 42,
    "set_initial_state": true,
    "platform": "quimb",
    "dry_run_discarded": true
  }
}