{
  "measured_observable": "ZXZXZXZXZX",
  "times": [
    0.003271818161010742,
    0.0030999183654785156,
    0.0031270980834960938,
    0.003471851348876953,
    0.003149271011352539,
    0.003136157989501953,
    0.003153085708618164,
    0.0031061172485351562,
    0.0031499862670898438,
    0.0031249523162841797
  ],
  "expvals": [
    0.0,
    0.0,
    -0.0063981609017490955,
    0.0,
    0.0,
    0.0,
    0.016091212539421355,
    0.0,
    0.0,
    0.012584251210595934
  ],
  "magic_gates": [
    0,
    0,
    0,
    0,
    0,
    0,
    0,
    0,
    0,
    0
  ],
  "median_time": 0.003142714500427246,
  "mad_time": 1.6689300537109375e-05,
  "ave_magic_gates": 0.0,
  "input_arguments": {
    "backend": "mpstab",
    "max_bond_dim": 8,
    "replacement_probability": 0.0,
    "nqubits": 10,
    "nlayers": 3,
    "nruns": 10,
    "rng_seed": 42,
    "set_initial_state": true,
    "platform": "None",
    "dry_run_discarded": true
  }
}
