{
  "measured_observable": "ZXZXZXZXZX",
  "times": [
    0.2599630355834961,
    0.25908422470092773,
    0.25988101959228516,
    0.31465744972229004,
    0.26021385192871094,
    0.2601649761199951,
    0.26142334938049316,
    0.26789402961730957,
    0.26012206077575684,
    0.2629542350769043
  ],
  "expvals": [
    0.008308760947655362,
    -0.01193578496689032,
    -0.02133026694946572,
    -0.007643627258894238,
    -0.041242011600107334,
    0.08811312031624954,
    0.00895610654781633,
    0.004450451287117769,
    -0.0178224946857655,
    0.0016298402662669055
  ],
  "magic_gates": [
    30,
    30,
    30,
    30,
    30,
    30,
    30,
    30,
    30,
    30
  ],
  "median_time": 0.260189414024353,
  "mad_time": 0.000706791877746582,
  "ave_magic_gates": 30.0,
  "input_arguments": {
    "backend": "mpstab",
    "max_bond_dim": 8,
    "replacement_probability": 0.0,
    "nqubits": 10,
    "nlayers": 3,
    "nruns": 10,
    "rng_seed": 42,
    "set_initial_state": true,
    "platform": "None",
    "dry_run_discarded": true
  }
}