{
  "measured_observable": "ZXZXZXZXZXZXZXZXZXZXZXZXZXZXZXZXZXZ",
  "times": [
    0.3195815086364746,
    0.3072316646575928,
    0.30717945098876953,
    0.30736422538757324,
    0.4547388553619385,
    0.31621766090393066,
    0.30950355529785156,
    0.30428004264831543,
    0.30562591552734375,
    0.3376948833465576
  ],
  "expvals": [
    -5.992602587991478e-06,
    1.4742247592391384e-08,
    -4.054670766527906e-07,
    -3.5231458742298864e-07,
    -4.04229041799716e-06,
    2.1335101744231203e-08,
    5.323662761278207e-10,
    0.0002345293391565515,
    2.2098905887849453e-09,
    6.765807889422767e-09
  ],
  "magic_gates": [],
  "median_time": 0.3084338903427124,
  "mad_time": 0.0034809112548828125,
  "input_arguments": {
    "backend": "qibotn",
    "max_bond_dim": 4,
    "replacement_probability": 0.0,
    "nqubits": 35,
    "nlayers": 3,
    "nruns": 10,
    "rng_seed": 42,
    "set_initial_state": true,
    "platform": "quimb",
    "dry_run_discarded": true
  }
}