{
  "measured_observable": "ZXZXZXZXZX",
  "times": [
    0.01908087730407715,
    0.017960071563720703,
    0.024896621704101562,
    0.017223834991455078,
    0.02114272117614746,
    0.021155834197998047,
    0.01644611358642578,
    0.008496999740600586,
    0.01636195182800293,
    0.021414995193481445
  ],
  "expvals": [
    0.00016814939351906508,
    3.0940093879167864e-19,
    0.032034759292489445,
    -0.15299169620014472,
    4.538284201438084e-06,
    6.883888343447422e-05,
    0.008873479220123711,
    0.0,
    1.3911541508990876e-30,
    0.12325266446888686
  ],
  "magic_gates": [
    6,
    6,
    8,
    5,
    7,
    7,
    5,
    2,
    5,
    7
  ],
  "median_time": 0.018520474433898926,
  "mad_time": 0.0023903846740722656,
  "ave_magic_gates": 5.8,
  "input_arguments": {
    "backend": "mpstab",
    "max_bond_dim": 32,
    "replacement_probability": 0.75,
    "nqubits": 10,
    "nlayers": 3,
    "nruns": 10,
    "rng_seed": 42,
    "set_initial_state": true,
    "platform": "None",
    "dry_run_discarded": true
  }
}
