{
  "measured_observable": "ZXZXZXZXZXZX",
  "times": [
    1.9425218105316162,
    1.7534799575805664,
    1.581139326095581,
    1.8151378631591797,
    1.5781500339508057,
    1.863184928894043,
    1.5842630863189697,
    1.592987060546875,
    1.7458610534667969,
    1.5874719619750977
  ],
  "expvals": [
    -6.377202225849032e-05,
    3.081603270900079e-16,
    4.194221219222527e-06,
    -4.042266521508964e-12,
    4.7704895589362195e-18,
    -1.0019510697753192e-24,
    2.751787405941286e-06,
    -1.2907823247754191e-11,
    -1.2410898357297719e-20,
    2.9533836709561e-07
  ],
  "magic_gates": [],
  "median_time": 1.669424057006836,
  "mad_time": 0.08672285079956055,
  "input_arguments": {
    "backend": "qibotn",
    "max_bond_dim": 2,
    "replacement_probability": 0.0,
    "nqubits": 12,
    "nlayers": 3,
    "nruns": 10,
    "rng_seed": 42,
    "set_initial_state": true,
    "platform": "quimb",
    "dry_run_discarded": true
  }
}
