{
  "measured_observable": "ZXZXZXZXZX",
  "times": [
    0.003236055374145508,
    0.0030930042266845703,
    0.003065824508666992,
    0.0030541419982910156,
    0.0030879974365234375,
    0.0030663013458251953,
    0.0030629634857177734,
    0.0030350685119628906,
    0.003064870834350586,
    0.003038167953491211
  ],
  "expvals": [
    0.0,
    0.0,
    -0.0063981609017490955,
    0.0,
    0.0,
    0.0,
    0.016091212539421355,
    0.0,
    0.0,
    0.012584251210595934
  ],
  "magic_gates": [
    0,
    0,
    0,
    0,
    0,
    0,
    0,
    0,
    0,
    0
  ],
  "median_time": 0.003065347671508789,
  "mad_time": 1.6927719116210938e-05,
  "ave_magic_gates": 0.0,
  "input_arguments": {
    "backend": "mpstab",
    "max_bond_dim": 2,
    "replacement_probability": 0.0,
    "nqubits": 10,
    "nlayers": 3,
    "nruns": 10,
    "rng_seed": 42,
    "set_initial_state": true,
    "platform": "None",
    "dry_run_discarded": true
  }
}
