{
  "measured_observable": "ZXZXZXZXZX",
  "times": [
    0.5704026222229004,
    0.5724270343780518,
    0.5730817317962646,
    0.5758910179138184,
    0.5742027759552002,
    0.5715723037719727,
    0.5773513317108154,
    0.5737326145172119,
    0.5819473266601562,
    0.5883488655090332
  ],
  "expvals": [
    0.007775057236113277,
    -0.007664399991054225,
    0.02332580496830755,
    -0.007672623263889586,
    -0.0003525137273467458,
    0.0027233182392193797,
    0.028211743442598317,
    -0.06712874793080878,
    -0.1776759670853184,
    -0.017177469204834987
  ],
  "magic_gates": [
    50,
    50,
    50,
    50,
    50,
    50,
    50,
    50,
    50,
    50
  ],
  "median_time": 0.573967695236206,
  "mad_time": 0.0021593570709228516,
  "ave_magic_gates": 50.0,
  "input_arguments": {
    "backend": "mpstab",
    "max_bond_dim": 16,
    "replacement_probability": 0.0,
    "nqubits": 10,
    "nlayers": 5,
    "nruns": 10,
    "rng_seed": 42,
    "set_initial_state": true,
    "platform": "None",
    "dry_run_discarded": true
  }
}