{
  "measured_observable": "ZXZXZXZXZX",
  "times": [
    0.006320953369140625,
    0.006021976470947266,
    0.006279945373535156,
    0.003571033477783203,
    0.0036270618438720703,
    0.003604888916015625,
    0.003523111343383789,
    0.006104230880737305,
    0.003593921661376953,
    0.003607034683227539
  ],
  "expvals": [
    0.0,
    -3.516229389648801e-31,
    -0.007675723120878845,
    0.0,
    0.0,
    0.0,
    0.016091212539421355,
    1.304817537322352e-32,
    0.0,
    0.012584251210595934
  ],
  "magic_gates": [
    1,
    1,
    1,
    0,
    0,
    0,
    0,
    1,
    0,
    0
  ],
  "median_time": 0.0036170482635498047,
  "mad_time": 6.99758529663086e-05,
  "ave_magic_gates": 0.4,
  "input_arguments": {
    "backend": "mpstab",
    "max_bond_dim": 4,
    "replacement_probability": 0.99,
    "nqubits": 10,
    "nlayers": 3,
    "nruns": 10,
    "rng_seed": 42,
    "set_initial_state": true,
    "platform": "None",
    "dry_run_discarded": true
  }
}
