{
  "measured_observable": "ZXZXZXZXZXZXZXZ",
  "times": [
    0.301375150680542,
    0.26340675354003906,
    0.13845205307006836,
    0.9174551963806152,
    0.4087491035461426,
    4.255649089813232,
    0.2234809398651123,
    1.5491371154785156,
    0.12717509269714355,
    0.6425607204437256
  ],
  "expvals": [
    8.035957940500636e-18,
    -1.2466207137810196e-17,
    -2.9648807653128954e-21,
    -0.0071964422545141345,
    6.49040641188617e-06,
    0.026359511089357975,
    0.0019696068763839264,
    0.0021541390190114944,
    -6.033299633574304e-05,
    0.045485526367042756
  ],
  "magic_gates": [
    23,
    25,
    20,
    23,
    26,
    31,
    22,
    26,
    22,
    31
  ],
  "median_time": 0.3550621271133423,
  "mad_time": 0.22224855422973633,
  "ave_magic_gates": 24.9,
  "input_arguments": {
    "max_bond_dim": 256,
    "replacement_probability": 0.6,
    "nqubits": 15,
    "nlayers": 4,
    "nruns": 10,
    "rng_seed": 42,
    "set_initial_state": true
  }
}
