{
  "measured_observable": "ZXZXZXZXZXZXZXZXZXZXZXZXZXZXZXZXZXZXZXZXZXZXZXZXZX",
  "times": [
    0.17202425003051758,
    0.1757678985595703,
    0.3047826290130615,
    0.17306828498840332,
    0.17483067512512207,
    0.17172932624816895,
    0.30304741859436035,
    0.17463016510009766,
    0.18500304222106934,
    0.1902620792388916
  ],
  "expvals": [
    1.7218051080044755e-11,
    3.029400532130915e-11,
    -1.792419506243991e-11,
    4.1459657931154446e-10,
    -1.0279573760184027e-10,
    -6.94741176344656e-13,
    4.5403284656985143e-10,
    -2.016672653161139e-12,
    -2.1753137274323655e-11,
    -5.441103176043725e-10
  ],
  "magic_gates": [],
  "median_time": 0.1752992868423462,
  "mad_time": 0.0034224987030029297,
  "input_arguments": {
    "backend": "qibotn",
    "max_bond_dim": 512,
    "replacement_probability": 0.0,
    "nqubits": 50,
    "nlayers": 3,
    "nruns": 10,
    "rng_seed": 42,
    "set_initial_state": true,
    "platform": "quimb",
    "dry_run_discarded": true
  }
}