{
  "measured_observable": "ZXZX",
  "times": [
    0.005470991134643555,
    0.002076864242553711,
    0.0040950775146484375,
    0.002833843231201172,
    0.004868030548095703,
    0.004647016525268555,
    0.003857135772705078,
    0.002959012985229492,
    0.0031778812408447266,
    0.0031189918518066406
  ],
  "expvals": [
    0.2945223432745645,
    0.8011089317310911,
    0.44847805691476705,
    0.6738471049400505,
    0.06841774672656248,
    6.397171600851547e-05,
    -0.016639682227508914,
    0.0007251980742366878,
    0.013723845955114475,
    -0.5594663284281345
  ],
  "magic_gates": [
    5,
    1,
    3,
    2,
    4,
    4,
    3,
    2,
    2,
    2
  ],
  "median_time": 0.0035175085067749023,
  "mad_time": 0.0006306171417236328,
  "ave_magic_gates": 2.8,
  "input_arguments": {
    "backend": "mpstab",
    "max_bond_dim": 2,
    "replacement_probability": 0.5,
    "nqubits": 4,
    "nlayers": 3,
    "nruns": 10,
    "rng_seed": 42,
    "set_initial_state": true,
    "platform": "None",
    "dry_run_discarded": true
  }
}
