{
  "measured_observable": "ZXZXZXZX",
  "times": [
    0.008169889450073242,
    0.007503986358642578,
    0.007475852966308594,
    0.007467985153198242,
    0.007547140121459961,
    0.00723719596862793,
    0.007373809814453125,
    0.007463932037353516,
    0.0071392059326171875,
    0.0073337554931640625
  ],
  "expvals": [
    0.01821456104516983,
    -0.21536879241466522,
    -0.12015344202518463,
    0.04613512009382248,
    0.0565892793238163,
    0.0004186009173281491,
    0.00413614884018898,
    -0.0024577216245234013,
    0.0024426241870969534,
    0.00026339906617067754
  ],
  "magic_gates": [],
  "median_time": 0.007465958595275879,
  "mad_time": 8.666515350341797e-05,
  "input_arguments": {
    "backend": "qibotn",
    "max_bond_dim": 4,
    "replacement_probability": 0.75,
    "nqubits": 8,
    "nlayers": 3,
    "nruns": 10,
    "rng_seed": 42,
    "set_initial_state": true,
    "platform": "quimb",
    "dry_run_discarded": true
  }
}
