{
  "measured_observable": "ZXZXZX",
  "times": [
    0.0063037872314453125,
    0.005117177963256836,
    0.0049021244049072266,
    0.004895925521850586,
    0.004875659942626953,
    0.0050318241119384766,
    0.004857778549194336,
    0.00487518310546875,
    0.00574183464050293,
    0.004875659942626953
  ],
  "expvals": [
    6.106226635438361e-16,
    2.540285690133537e-16,
    6.220609964635582e-17,
    -0.06918104737997055,
    9.489479514679378e-17,
    0.03268609195947647,
    0.04541495442390442,
    -0.21446135640144348,
    0.001162226079031825,
    0.041781045496463776
  ],
  "magic_gates": [],
  "median_time": 0.004899024963378906,
  "mad_time": 3.254413604736328e-05,
  "input_arguments": {
    "backend": "qibotn",
    "max_bond_dim": 8,
    "replacement_probability": 0.25,
    "nqubits": 6,
    "nlayers": 3,
    "nruns": 10,
    "rng_seed": 42,
    "set_initial_state": true,
    "platform": "quimb",
    "dry_run_discarded": true
  }
}
