{
  "measured_observable": "ZXZXZXZXZXZXZXZXZXZXZXZXZXZXZXZXZXZXZXZX",
  "times": [
    0.2805182933807373,
    0.447723388671875,
    0.2565312385559082,
    0.2561192512512207,
    0.2560617923736572,
    0.25682592391967773,
    0.25771307945251465,
    0.39708566665649414,
    0.2557859420776367,
    0.25568056106567383
  ],
  "expvals": [
    -1.1494352966669333e-10,
    -1.1208726116351244e-09,
    2.0167891238321168e-08,
    -4.545164606419021e-07,
    -5.676469965984569e-09,
    -3.977589564078356e-07,
    -2.1003065425417053e-10,
    -1.0424225746036543e-07,
    2.5548392031309285e-06,
    -1.2431513360344866e-07
  ],
  "magic_gates": [],
  "median_time": 0.25667858123779297,
  "mad_time": 0.0009453296661376953,
  "input_arguments": {
    "backend": "qibotn",
    "max_bond_dim": 32,
    "replacement_probability": 0.0,
    "nqubits": 40,
    "nlayers": 3,
    "nruns": 10,
    "rng_seed": 42,
    "set_initial_state": true,
    "platform": "quimb",
    "dry_run_discarded": true
  }
}