{
  "measured_observable": "ZXZXZXZXZXZXZXZXZXZXZXZXZXZXZXZXZXZXZXZXZXZXZXZXZX",
  "times": [
    0.7771115303039551,
    0.956608772277832,
    0.7676031589508057,
    0.7711877822875977,
    0.7881255149841309,
    1.0080111026763916,
    0.7697803974151611,
    0.7638983726501465,
    0.7672603130340576,
    0.9509663581848145
  ],
  "expvals": [
    1.721805108004514e-11,
    3.0294005321309796e-11,
    -1.7924195062439912e-11,
    4.1459657931154896e-10,
    -1.0279573760183987e-10,
    -6.947411763446444e-13,
    4.540328465698493e-10,
    -2.0166726531611523e-12,
    -2.1753137274325943e-11,
    -5.441103176043859e-10
  ],
  "magic_gates": [],
  "median_time": 0.7741496562957764,
  "mad_time": 0.008570313453674316,
  "input_arguments": {
    "backend": "qibotn",
    "max_bond_dim": 32,
    "replacement_probability": 0.0,
    "nqubits": 50,
    "nlayers": 3,
    "nruns": 10,
    "rng_seed": 42,
    "set_initial_state": true,
    "platform": "quimb",
    "dry_run_discarded": true
  }
}