{
  "measured_observable": "ZXZXZXZXZXZXZXZ",
  "times": [
    0.18005990982055664,
    0.12610197067260742,
    0.5670757293701172,
    0.1842660903930664,
    0.6880776882171631,
    0.19846415519714355,
    0.07488894462585449,
    0.41272997856140137,
    0.08413887023925781,
    0.11023402214050293
  ],
  "expvals": [
    -0.0005691660424399828,
    -0.003337099242157603,
    -0.00019418588057129653,
    5.06665131350863e-19,
    -0.00010373846216219202,
    0.00044646184100563785,
    -0.0011835669513473872,
    2.8247456583487302e-05,
    0.00038928387976149237,
    -7.982623782325375e-17
  ],
  "magic_gates": [
    15,
    21,
    20,
    18,
    29,
    17,
    13,
    23,
    14,
    16
  ],
  "median_time": 0.18216300010681152,
  "mad_time": 0.08497655391693115,
  "ave_magic_gates": 18.6,
  "input_arguments": {
    "max_bond_dim": 64,
    "replacement_probability": 0.75,
    "nqubits": 15,
    "nlayers": 5,
    "nruns": 10,
    "rng_seed": 42,
    "set_initial_state": true
  }
}
