{
  "measured_observable": "ZXZXZX",
  "times": [
    0.005758762359619141,
    0.005197048187255859,
    0.004828214645385742,
    0.004839897155761719,
    0.004853010177612305,
    0.004834175109863281,
    0.004843950271606445,
    0.0048351287841796875,
    0.0048656463623046875,
    0.004911899566650391
  ],
  "expvals": [
    -0.031880877912044525,
    0.04523196816444397,
    0.04745139181613922,
    -0.07215362787246704,
    -0.0774320662021637,
    0.019967379048466682,
    0.05498899519443512,
    -0.0070359003730118275,
    0.013215928338468075,
    0.04918788745999336
  ],
  "magic_gates": [],
  "median_time": 0.004848480224609375,
  "mad_time": 1.5735626220703125e-05,
  "input_arguments": {
    "backend": "qibotn",
    "max_bond_dim": 4,
    "replacement_probability": 0.99,
    "nqubits": 6,
    "nlayers": 3,
    "nruns": 10,
    "rng_seed": 42,
    "set_initial_state": true,
    "platform": "quimb",
    "dry_run_discarded": true
  }
}
