{
  "measured_observable": "ZXZXZXZXZXZXZXZXZXZXZXZXZXZXZXZXZXZXZXZXZXZXZXZXZX",
  "times": [
    0.5345127582550049,
    0.5359463691711426,
    0.6715989112854004,
    0.5362033843994141,
    0.5418641567230225,
    0.5292096138000488,
    0.6789247989654541,
    0.539039134979248,
    0.5392403602600098,
    0.722426176071167
  ],
  "expvals": [
    1.7218051080045042e-11,
    3.029400532130848e-11,
    -1.792419506243994e-11,
    4.1459657931154524e-10,
    -1.0279573760184104e-10,
    -6.947411763446424e-13,
    4.540328465698517e-10,
    -2.0166726531611414e-12,
    -2.1753137274328072e-11,
    -5.441103176043803e-10
  ],
  "magic_gates": [],
  "median_time": 0.5391397476196289,
  "mad_time": 0.003910183906555176,
  "input_arguments": {
    "backend": "qibotn",
    "max_bond_dim": 1024,
    "replacement_probability": 0.0,
    "nqubits": 50,
    "nlayers": 3,
    "nruns": 10,
    "rng_seed": 42,
    "set_initial_state": true,
    "platform": "quimb",
    "dry_run_discarded": true
  }
}