{
  "measured_observable": "ZXZXZXZX",
  "times": [
    0.002996206283569336,
    0.00263214111328125,
    0.002568960189819336,
    0.0029098987579345703,
    0.002522706985473633,
    0.002512693405151367,
    0.0025482177734375,
    0.0025031566619873047,
    0.002496004104614258,
    0.002496004104614258
  ],
  "expvals": [
    0.06190853983728752,
    0.0,
    -1.2957949615696666e-36,
    6.132994969364938e-38,
    -0.0188417964695616,
    -8.647506723811684e-35,
    0.0,
    0.0,
    -0.013979350644128663,
    -0.0019691381583570875
  ],
  "magic_gates": [
    0,
    0,
    0,
    0,
    0,
    0,
    0,
    0,
    0,
    0
  ],
  "median_time": 0.0025354623794555664,
  "mad_time": 3.647804260253906e-05,
  "ave_magic_gates": 0.0,
  "input_arguments": {
    "backend": "mpstab",
    "max_bond_dim": 8,
    "replacement_probability": 0.0,
    "nqubits": 8,
    "nlayers": 3,
    "nruns": 10,
    "rng_seed": 42,
    "set_initial_state": true,
    "platform": "None",
    "dry_run_discarded": true
  }
}
