{
  "measured_observable": "ZXZXZXZXZXZXZXZXZXZXZXZXZXZXZXZXZXZXZXZXZXZXZXZXZXZXZXZXZXZXZXZXZXZXZXZXZXZXZXZXZXZXZXZXZX",
  "times": [
    0.407940149307251,
    0.2889695167541504,
    0.4061005115509033,
    0.30947208404541016,
    0.3027522563934326,
    0.28990602493286133,
    0.2893688678741455,
    0.422900915145874,
    0.2876880168914795,
    0.4026150703430176
  ],
  "expvals": [
    6.962664189799633e-20,
    1.3011063101427491e-20,
    3.500637571280713e-20,
    -4.308305915137835e-17,
    1.174102259056323e-17,
    2.1958472569399286e-18,
    4.383997221387596e-19,
    5.884255515801765e-22,
    1.3226286385223175e-18,
    -9.46547939844831e-20
  ],
  "magic_gates": [],
  "median_time": 0.3061121702194214,
  "mad_time": 0.017783403396606445,
  "input_arguments": {
    "backend": "qibotn",
    "max_bond_dim": 128,
    "replacement_probability": 0.0,
    "nqubits": 90,
    "nlayers": 3,
    "nruns": 10,
    "rng_seed": 42,
    "set_initial_state": true,
    "platform": "quimb",
    "dry_run_discarded": true
  }
}