{
  "measured_observable": "ZXZXZXZXZXZXZXZXZXZXZXZXZXZXZXZXZXZXZXZX",
  "times": [
    7.448903799057007,
    7.207491874694824,
    7.23140549659729,
    6.935967445373535,
    7.1562488079071045,
    7.360569000244141,
    7.3363683223724365,
    7.351133823394775,
    7.530498027801514,
    7.194687366485596
  ],
  "expvals": [
    -5.61015323307383e-08,
    -1.550560075934889e-08,
    -5.941345954785045e-11,
    1.3522086433320727e-11,
    -1.5558268086437974e-13,
    -1.6386789427806678e-10,
    1.4357388775494678e-12,
    1.026303091222638e-12,
    -2.098689795299216e-13,
    1.40408695618879e-09
  ],
  "magic_gates": [
    120,
    120,
    120,
    120,
    120,
    120,
    120,
    120,
    120,
    120
  ],
  "median_time": 7.283886909484863,
  "mad_time": 0.08294081687927246,
  "ave_magic_gates": 120.0,
  "input_arguments": {
    "backend": "mpstab",
    "max_bond_dim": 16,
    "replacement_probability": 0.0,
    "nqubits": 40,
    "nlayers": 3,
    "nruns": 10,
    "rng_seed": 42,
    "set_initial_state": true,
    "platform": "None",
    "dry_run_discarded": true
  }
}