{
  "measured_observable": "ZXZXZXZXZXZXZXZXZXZX",
  "times": [
    0.4126551151275635,
    0.9493687152862549,
    0.6674728393554688,
    3.612929105758667,
    0.6418628692626953,
    0.878115177154541,
    1.1189029216766357,
    0.6688072681427002,
    0.3182830810546875,
    3.388190984725952
  ],
  "expvals": [
    -5.585563928163974e-32,
    3.593361994114067e-32,
    -1.1956445464746358e-19,
    2.0491467835951666e-11,
    0.00011444510100333514,
    -0.0001562714888862315,
    1.8329300295534118e-22,
    4.7663511312673425e-34,
    0.0,
    3.5233090985135766e-05
  ],
  "magic_gates": [
    16,
    21,
    22,
    24,
    23,
    19,
    18,
    17,
    17,
    26
  ],
  "median_time": 0.7734612226486206,
  "mad_time": 0.2606745958328247,
  "ave_magic_gates": 20.3,
  "input_arguments": {
    "max_bond_dim": 128,
    "replacement_probability": 0.75,
    "nqubits": 20,
    "nlayers": 4,
    "nruns": 10,
    "rng_seed": 42,
    "set_initial_state": true
  }
}
