{
  "measured_observable": "ZXZXZXZX",
  "times": [
    0.0029201507568359375,
    0.0025441646575927734,
    0.002540111541748047,
    0.0024640560150146484,
    0.0028982162475585938,
    0.002649068832397461,
    0.002579927444458008,
    0.0025038719177246094,
    0.0025081634521484375,
    0.002518892288208008
  ],
  "expvals": [
    0.06190853983728752,
    0.0,
    -1.2957949615696666e-36,
    6.132994969364938e-38,
    -0.0188417964695616,
    -8.647506723811684e-35,
    0.0,
    0.0,
    -0.013979350644128663,
    -0.0019691381583570875
  ],
  "magic_gates": [
    0,
    0,
    0,
    0,
    0,
    0,
    0,
    0,
    0,
    0
  ],
  "median_time": 0.00254213809967041,
  "mad_time": 3.802776336669922e-05,
  "ave_magic_gates": 0.0,
  "input_arguments": {
    "backend": "mpstab",
    "max_bond_dim": 16,
    "replacement_probability": 0.0,
    "nqubits": 8,
    "nlayers": 3,
    "nruns": 10,
    "rng_seed": 42,
    "set_initial_state": true,
    "platform": "None",
    "dry_run_discarded": true
  }
}
