{
  "measured_observable": "ZXZXZXZXZXZXZXZ",
  "times": [
    7.864770889282227,
    7.445046663284302,
    8.026901245117188,
    7.710553884506226,
    8.325218677520752,
    8.064865350723267,
    8.002419710159302,
    7.628272294998169,
    7.6067585945129395,
    7.484373092651367
  ],
  "expvals": [
    0.004134727701003885,
    -0.002309322801341942,
    -0.0003080595270757706,
    -0.0004733110488518914,
    0.001363828071046293,
    0.002179653792219332,
    0.0003072529420718844,
    0.02372346824621238,
    0.0009185897325809287,
    -0.0007376940416789948
  ],
  "magic_gates": [
    45,
    45,
    45,
    45,
    45,
    45,
    45,
    45,
    45,
    45
  ],
  "median_time": 7.787662386894226,
  "mad_time": 0.22699809074401855,
  "ave_magic_gates": 45.0,
  "input_arguments": {
    "backend": "mpstab",
    "max_bond_dim": 32,
    "replacement_probability": 0.0,
    "nqubits": 15,
    "nlayers": 3,
    "nruns": 10,
    "rng_seed": 42,
    "set_initial_state": true,
    "platform": "None",
    "dry_run_discarded": true
  }
}