{
  "measured_observable": "ZXZXZXZXZXZX",
  "times": [
    0.0321040153503418,
    0.031193971633911133,
    0.06284689903259277,
    0.027106046676635742,
    0.024454832077026367,
    0.06383490562438965,
    0.025540828704833984,
    0.0383908748626709,
    0.0358583927154541,
    0.02725505828857422,
    0.035903215408325195,
    0.017327070236206055,
    0.01371002197265625,
    0.0345151424407959,
    0.0467069149017334,
    0.020294904708862305,
    0.03615212440490723,
    0.0382382869720459,
    0.03396296501159668,
    0.03577709197998047
  ],
  "expvals": [
    -0.000977923442501616,
    -2.918725522448737e-19,
    -0.004401884140471772,
    -2.8888949165808538e-34,
    -4.7064913015963076e-33,
    4.2944589629167544e-19,
    0.000454804314538141,
    -3.178788916649905e-05,
    -2.5252275473879965e-64,
    0.0026905098734983654,
    1.1662202685243959e-32,
    -3.95170369213745e-17,
    7.477515285835998e-51,
    1.3573968466351442e-20,
    -0.0003744688310544465,
    0.012794526409559172,
    3.0168473315471607e-18,
    2.5749031826499304e-34,
    0.0052381142330833776,
    3.544602291003928e-18
  ],
  "magic_gates": [
    9,
    8,
    16,
    7,
    6,
    10,
    6,
    9,
    10,
    7,
    10,
    4,
    3,
    9,
    11,
    5,
    10,
    11,
    9,
    8
  ],
  "median_time": 0.03423905372619629,
  "mad_time": 0.00556790828704834,
  "ave_magic_gates": 8.4,
  "input_arguments": {
    "backend": "mpstab",
    "max_bond_dim": 16,
    "replacement_probability": 0.75,
    "nqubits": 12,
    "nlayers": 4,
    "nruns": 20,
    "rng_seed": 42,
    "set_initial_state": true,
    "platform": "None",
    "dry_run_discarded": true
  }
}
