{
  "measured_observable": "ZXZXZXZXZXZXZXZ",
  "times": [
    0.09118914604187012,
    0.08517026901245117,
    0.0861661434173584,
    0.8129198551177979,
    0.2203528881072998,
    2.1500086784362793,
    0.06575727462768555,
    0.11811399459838867,
    0.06976914405822754,
    0.18912100791931152
  ],
  "expvals": [
    1.8865117801247777e-17,
    -1.9239719202475746e-32,
    -2.6262790427248303e-20,
    -0.00964499286046427,
    -2.5988852137360635e-30,
    0.0275637448448962,
    7.225286556032444e-05,
    0.0044834822837515505,
    -0.0001628683825081506,
    0.009858665040139911
  ],
  "magic_gates": [
    14,
    17,
    17,
    20,
    19,
    29,
    14,
    17,
    13,
    25
  ],
  "median_time": 0.1046515703201294,
  "mad_time": 0.03688836097717285,
  "ave_magic_gates": 18.5,
  "input_arguments": {
    "max_bond_dim": 256,
    "replacement_probability": 0.7,
    "nqubits": 15,
    "nlayers": 4,
    "nruns": 10,
    "rng_seed": 42,
    "set_initial_state": true
  }
}
