{
  "measured_observable": "ZXZXZXZXZXZXZXZXZXZXZXZXZXZXZXZXZXZXZXZXZXZXZXZXZX",
  "times": [
    11.70358681678772,
    11.48366117477417,
    11.325781345367432,
    11.331950187683105,
    11.430490016937256,
    11.203006744384766,
    11.112812519073486,
    11.333592891693115,
    11.473530769348145,
    11.514870166778564
  ],
  "expvals": [
    -1.7254254555604669e-15,
    -3.1608545350616963e-13,
    -3.5358322460445916e-22,
    -1.3783743803728892e-18,
    -2.122754966049509e-15,
    -1.0735533843459923e-15,
    -8.457164252742171e-13,
    -1.1947527915526222e-14,
    1.320126275155689e-15,
    4.829436596127301e-10
  ],
  "magic_gates": [
    150,
    150,
    150,
    150,
    150,
    150,
    150,
    150,
    150,
    150
  ],
  "median_time": 11.382041454315186,
  "mad_time": 0.09655451774597168,
  "ave_magic_gates": 150.0,
  "input_arguments": {
    "backend": "mpstab",
    "max_bond_dim": 16,
    "replacement_probability": 0.0,
    "nqubits": 50,
    "nlayers": 3,
    "nruns": 10,
    "rng_seed": 42,
    "set_initial_state": true,
    "platform": "None",
    "dry_run_discarded": true
  }
}