{
  "measured_observable": "ZXZXZXZXZXZXZXZ",
  "times": [
    0.0680088996887207,
    0.09957194328308105,
    0.08746075630187988,
    0.0767371654510498,
    0.11505818367004395,
    0.07553505897521973,
    0.058947086334228516,
    0.09775304794311523,
    0.06397604942321777,
    0.07262516021728516
  ],
  "expvals": [
    9.619780537797826e-33,
    -4.326240001986173e-08,
    -0.00028508364599525663,
    3.2193742118247077e-44,
    9.216736984321146e-05,
    2.4304679171212457e-05,
    2.873877530118627e-45,
    1.905172821691327e-16,
    4.4336181254231285e-20,
    4.740840140132484e-21
  ],
  "magic_gates": [
    15,
    21,
    20,
    18,
    29,
    17,
    13,
    23,
    14,
    16
  ],
  "median_time": 0.07613611221313477,
  "mad_time": 0.011742353439331055,
  "ave_magic_gates": 18.6,
  "input_arguments": {
    "max_bond_dim": 4,
    "replacement_probability": 0.75,
    "nqubits": 15,
    "nlayers": 5,
    "nruns": 10,
    "rng_seed": 42,
    "set_initial_state": true
  }
}
