{
  "measured_observable": "ZXZXZXZXZXZXZXZXZXZXZXZXZXZXZXZXZXZXZXZX",
  "times": [
    0.2989344596862793,
    0.29694581031799316,
    0.2956106662750244,
    0.4251422882080078,
    0.29694700241088867,
    0.3087012767791748,
    0.29566407203674316,
    0.2987492084503174,
    0.45173120498657227,
    0.29073333740234375
  ],
  "expvals": [
    -1.1494352966669184e-10,
    -1.1208726116351288e-09,
    2.016789123832107e-08,
    -4.545164606419022e-07,
    -5.676469965984077e-09,
    -3.977589564078352e-07,
    -2.1003065425417112e-10,
    -1.042422574603643e-07,
    2.5548392031309264e-06,
    -1.2431513360344908e-07
  ],
  "magic_gates": [],
  "median_time": 0.297848105430603,
  "mad_time": 0.0022107362747192383,
  "input_arguments": {
    "backend": "qibotn",
    "max_bond_dim": 256,
    "replacement_probability": 0.0,
    "nqubits": 40,
    "nlayers": 3,
    "nruns": 10,
    "rng_seed": 42,
    "set_initial_state": true,
    "platform": "quimb",
    "dry_run_discarded": true
  }
}