{
  "measured_observable": "ZXZX",
  "times": [
    0.001528024673461914,
    0.0016901493072509766,
    0.002626180648803711,
    0.001405954360961914,
    0.0014281272888183594,
    0.0014619827270507812,
    0.0014119148254394531,
    0.0014619827270507812,
    0.00140380859375,
    0.003362894058227539
  ],
  "expvals": [
    -0.14975353785486492,
    0.7938736594524624,
    -0.024648837407846957,
    0.7596236405735858,
    0.0,
    0.03875568460844847,
    0.16589904970477656,
    0.0,
    0.0,
    -0.5031194688112084
  ],
  "magic_gates": [
    0,
    0,
    1,
    0,
    0,
    0,
    0,
    0,
    0,
    2
  ],
  "median_time": 0.0014619827270507812,
  "mad_time": 5.710124969482422e-05,
  "ave_magic_gates": 0.3,
  "input_arguments": {
    "backend": "mpstab",
    "max_bond_dim": 2,
    "replacement_probability": 0.99,
    "nqubits": 4,
    "nlayers": 3,
    "nruns": 10,
    "rng_seed": 42,
    "set_initial_state": true,
    "platform": "None",
    "dry_run_discarded": true
  }
}
