{
  "measured_observable": "ZXZXZXZXZXZXZXZXZXZXZXZXZXZXZXZXZXZXZXZXZXZXZXZXZXZXZXZXZXZXZXZXZXZXZXZXZXZXZXZXZXZXZXZXZX",
  "times": [
    1.0172252655029297,
    0.8485586643218994,
    1.0649738311767578,
    0.8602306842803955,
    0.8476715087890625,
    1.0141866207122803,
    0.8268816471099854,
    1.0330138206481934,
    0.8352153301239014,
    1.0052316188812256
  ],
  "expvals": [
    6.962664189799774e-20,
    1.3011063101426795e-20,
    3.500637571280956e-20,
    -4.308305915137606e-17,
    1.1741022590563572e-17,
    2.1958472569399406e-18,
    4.383997221391149e-19,
    5.884255515801842e-22,
    1.3226286385223148e-18,
    -9.465479398448111e-20
  ],
  "magic_gates": [],
  "median_time": 0.9327311515808105,
  "mad_time": 0.0847768783569336,
  "input_arguments": {
    "backend": "qibotn",
    "max_bond_dim": 8,
    "replacement_probability": 0.0,
    "nqubits": 90,
    "nlayers": 3,
    "nruns": 10,
    "rng_seed": 42,
    "set_initial_state": true,
    "platform": "quimb",
    "dry_run_discarded": true
  }
}