{
  "measured_observable": "ZXZXZXZXZXZXZXZ",
  "times": [
    0.6067991256713867,
    0.6152553558349609,
    0.6136128902435303,
    0.6186821460723877,
    0.6200611591339111,
    0.6223490238189697,
    0.6064157485961914,
    0.607534646987915,
    0.6035394668579102,
    0.6130111217498779
  ],
  "expvals": [
    0.0024406688410055074,
    -7.575519847531373e-05,
    -6.281667859568987e-05,
    -0.0010867152136696066,
    0.003643490651748571,
    3.6311973462313144e-05,
    -0.0016095776913447053,
    0.021109212326873072,
    0.00023003575380107296,
    -9.348543036816987e-05
  ],
  "magic_gates": [
    45,
    45,
    45,
    45,
    45,
    45,
    45,
    45,
    45,
    45
  ],
  "median_time": 0.6133120059967041,
  "mad_time": 0.006145119667053223,
  "ave_magic_gates": 45.0,
  "input_arguments": {
    "backend": "mpstab",
    "max_bond_dim": 8,
    "replacement_probability": 0.0,
    "nqubits": 15,
    "nlayers": 3,
    "nruns": 10,
    "rng_seed": 42,
    "set_initial_state": true,
    "platform": "None",
    "dry_run_discarded": true
  }
}