{
  "measured_observable": "ZXZXZXZXZXZX",
  "times": [
    0.03194403648376465,
    0.030498743057250977,
    0.056220293045043945,
    0.026916027069091797,
    0.02350592613220215,
    0.060439109802246094,
    0.023899316787719727,
    0.035453081130981445,
    0.03655600547790527,
    0.0265350341796875,
    0.035093069076538086,
    0.017240047454833984,
    0.013535022735595703,
    0.03288388252258301,
    0.040590763092041016,
    0.019999980926513672,
    0.03593301773071289,
    0.037695884704589844,
    0.03271317481994629,
    0.031213045120239258
  ],
  "expvals": [
    -0.0012880420495697022,
    4.960968905978812e-17,
    0.011617879461521773,
    -2.8888949165808538e-34,
    4.772624761850211e-20,
    -3.1967910534066336e-18,
    0.0008698877719393616,
    -2.0041794274761319e-07,
    -2.5252275473879965e-64,
    0.002792550381632817,
    -1.6393046735078784e-33,
    -3.95170369213745e-17,
    7.477515285835998e-51,
    -2.7046312903266582e-05,
    0.000328643762735068,
    0.012794526409559172,
    3.0168473315471607e-18,
    2.5749031826499304e-34,
    -8.911237791725516e-17,
    -7.287338219244275e-18
  ],
  "magic_gates": [
    9,
    8,
    16,
    7,
    6,
    10,
    6,
    9,
    10,
    7,
    10,
    4,
    3,
    9,
    11,
    5,
    10,
    11,
    9,
    8
  ],
  "median_time": 0.03232860565185547,
  "mad_time": 0.0053899288177490234,
  "ave_magic_gates": 8.4,
  "input_arguments": {
    "backend": "mpstab",
    "max_bond_dim": 8,
    "replacement_probability": 0.75,
    "nqubits": 12,
    "nlayers": 4,
    "nruns": 20,
    "rng_seed": 42,
    "set_initial_state": true,
    "platform": "None",
    "dry_run_discarded": true
  }
}
