{
  "measured_observable": "ZXZXZXZXZXZX",
  "times": [
    0.00472712516784668,
    0.008096933364868164,
    0.010352134704589844,
    0.004379749298095703,
    0.004343748092651367,
    0.004333019256591797,
    0.004745960235595703,
    0.004277944564819336,
    0.004591226577758789,
    0.007704019546508789
  ],
  "expvals": [
    0.0,
    0.0,
    0.0,
    0.0,
    0.0,
    -0.09527007922127827,
    0.018122402309014542,
    0.0,
    0.0,
    -0.007998361453060054
  ],
  "magic_gates": [
    0,
    1,
    2,
    0,
    0,
    0,
    0,
    0,
    0,
    1
  ],
  "median_time": 0.004659175872802734,
  "mad_time": 0.00032079219818115234,
  "ave_magic_gates": 0.4,
  "input_arguments": {
    "backend": "mpstab",
    "max_bond_dim": 64,
    "replacement_probability": 0.99,
    "nqubits": 12,
    "nlayers": 3,
    "nruns": 10,
    "rng_seed": 42,
    "set_initial_state": true,
    "platform": "None",
    "dry_run_discarded": true
  }
}
