{
  "measured_observable": "ZXZXZXZXZXZX",
  "times": [
    0.03364109992980957,
    0.03210592269897461,
    0.0820610523223877,
    0.0272219181060791,
    0.02437591552734375,
    0.0506138801574707,
    0.048937082290649414,
    0.04148411750793457,
    0.037552833557128906,
    0.028627872467041016,
    0.03611016273498535,
    0.01730203628540039,
    0.013654947280883789,
    0.034377098083496094,
    0.05738401412963867,
    0.02063894271850586,
    0.03609132766723633,
    0.038049936294555664,
    0.03426098823547363,
    0.04143714904785156
  ],
  "expvals": [
    -0.000977923442501616,
    -2.918725522448737e-19,
    0.007313420033931052,
    -2.8888949165808538e-34,
    -4.7064913015963076e-33,
    -1.3533468555154558e-31,
    0.0005064862575699738,
    4.771666274051354e-07,
    -2.5252275473879965e-64,
    0.0026905098734983654,
    1.1662202685243959e-32,
    -3.95170369213745e-17,
    7.477515285835998e-51,
    1.3573968466351442e-20,
    -0.00014323378561115826,
    0.012794526409559172,
    3.0168473315471607e-18,
    2.5749031826499304e-34,
    0.0052381142330833776,
    -1.1575795744756235e-16
  ],
  "magic_gates": [
    9,
    8,
    16,
    7,
    6,
    10,
    6,
    9,
    10,
    7,
    10,
    4,
    3,
    9,
    11,
    5,
    10,
    11,
    9,
    8
  ],
  "median_time": 0.03523421287536621,
  "mad_time": 0.006428122520446777,
  "ave_magic_gates": 8.4,
  "input_arguments": {
    "backend": "mpstab",
    "max_bond_dim": 64,
    "replacement_probability": 0.75,
    "nqubits": 12,
    "nlayers": 4,
    "nruns": 20,
    "rng_seed": 42,
    "set_initial_state": true,
    "platform": "None",
    "dry_run_discarded": true
  }
}
