{
  "measured_observable": "ZXZXZXZXZXZX",
  "times": [
    1.5645527839660645,
    1.5725679397583008,
    1.5566351413726807,
    1.5665817260742188,
    1.5692238807678223,
    1.5658166408538818,
    1.5549561977386475,
    1.5674021244049072,
    1.555298089981079,
    1.564589262008667,
    1.5526630878448486,
    1.5671019554138184,
    1.5667848587036133,
    1.568392276763916,
    1.5570240020751953,
    1.5720503330230713,
    1.5740809440612793,
    1.5590388774871826,
    1.5667951107025146,
    1.5707697868347168
  ],
  "expvals": [
    -0.004507209174335003,
    0.002751146210357547,
    1.408852341455713e-07,
    0.009515011683106422,
    0.014145666733384132,
    -0.0001611140469321981,
    -0.002326188376173377,
    -0.00680777570232749,
    -0.03076319210231304,
    5.097860412206501e-05,
    0.0012247690465301275,
    0.005697449203580618,
    0.0018754422198981047,
    0.004204586613923311,
    -0.0067259781062603,
    -0.009061709977686405,
    0.0009275078773498535,
    -6.425522587960586e-05,
    -0.0024591865949332714,
    0.0018232649890705943
  ],
  "magic_gates": [],
  "median_time": 1.566683292388916,
  "mad_time": 0.0033135414123535156,
  "input_arguments": {
    "backend": "qibotn",
    "max_bond_dim": 4,
    "replacement_probability": 0.75,
    "nqubits": 12,
    "nlayers": 4,
    "nruns": 20,
    "rng_seed": 42,
    "set_initial_state": true,
    "platform": "quimb",
    "dry_run_discarded": true
  }
}
