{
  "measured_observable": "ZXZXZXZXZXZXZXZXZXZX",
  "times": [
    0.0768747329711914,
    0.07878875732421875,
    0.08975815773010254,
    0.07653069496154785,
    0.07520151138305664,
    0.07753729820251465,
    0.07982516288757324,
    0.0818169116973877,
    0.07773780822753906,
    0.0761568546295166
  ],
  "expvals": [
    4.108916864311027e-05,
    -7.754745104846448e-06,
    0.0008138195273926549,
    -8.507175355367918e-06,
    0.0008478127972813814,
    -0.0011330492956602406,
    -2.8809520687795565e-05,
    9.340548538299304e-05,
    -0.00010201825370383501,
    -0.0015280170407654871
  ],
  "magic_gates": [],
  "median_time": 0.07763755321502686,
  "mad_time": 0.0013159513473510742,
  "input_arguments": {
    "backend": "qibotn",
    "max_bond_dim": 1024,
    "replacement_probability": 0.0,
    "nqubits": 20,
    "nlayers": 3,
    "nruns": 10,
    "rng_seed": 42,
    "set_initial_state": true,
    "platform": "quimb",
    "dry_run_discarded": true
  }
}