{
  "measured_observable": "ZXZXZXZXZX",
  "times": [
    0.03783607482910156,
    0.03693890571594238,
    0.03718996047973633,
    0.03783106803894043,
    0.03696584701538086,
    0.03691887855529785,
    0.03712010383605957,
    0.03685927391052246,
    0.036872148513793945,
    0.03700900077819824
  ],
  "expvals": [
    -0.06335338950157166,
    0.16491858661174774,
    -0.020681051537394524,
    0.009017298929393291,
    -9.451702680962626e-06,
    -0.00028439334710128605,
    -0.0041882628574967384,
    -0.022203829139471054,
    0.005938439164310694,
    0.012309802696108818
  ],
  "magic_gates": [],
  "median_time": 0.03698742389678955,
  "mad_time": 0.00012171268463134766,
  "input_arguments": {
    "backend": "qibotn",
    "max_bond_dim": 8,
    "replacement_probability": 0.75,
    "nqubits": 10,
    "nlayers": 3,
    "nruns": 10,
    "rng_seed": 42,
    "set_initial_state": true,
    "platform": "quimb",
    "dry_run_discarded": true
  }
}
