{
  "measured_observable": "ZXZXZX",
  "times": [
    0.0019834041595458984,
    0.0023429393768310547,
    0.0018711090087890625,
    0.0018811225891113281,
    0.0018870830535888672,
    0.002233743667602539,
    0.0018918514251708984,
    0.0018439292907714844,
    0.0019712448120117188,
    0.0019237995147705078
  ],
  "expvals": [
    0.0,
    -0.004048344818964848,
    0.0,
    0.6272922424007298,
    0.07908645320362662,
    0.0,
    0.0,
    0.0,
    5.343470192570732e-36,
    0.0
  ],
  "magic_gates": [
    0,
    0,
    0,
    0,
    0,
    0,
    0,
    0,
    0,
    0
  ],
  "median_time": 0.0019078254699707031,
  "mad_time": 5.0067901611328125e-05,
  "ave_magic_gates": 0.0,
  "input_arguments": {
    "backend": "mpstab",
    "max_bond_dim": 4,
    "replacement_probability": 0.0,
    "nqubits": 6,
    "nlayers": 3,
    "nruns": 10,
    "rng_seed": 42,
    "set_initial_state": true,
    "platform": "None",
    "dry_run_discarded": true
  }
}
