{
  "measured_observable": "ZXZXZXZXZXZXZXZXZXZXZXZXZXZXZXZXZXZXZXZX",
  "times": [
    0.15131235122680664,
    0.1493370532989502,
    0.15016674995422363,
    0.15076017379760742,
    0.2771270275115967,
    0.1513991355895996,
    0.15183329582214355,
    0.1610114574432373,
    0.14858531951904297,
    0.28653883934020996
  ],
  "expvals": [
    -1.1494352966669184e-10,
    -1.120872611635124e-09,
    2.0167891238321042e-08,
    -4.545164606419016e-07,
    -5.676469965983707e-09,
    -3.977589564078348e-07,
    -2.100306542541553e-10,
    -1.0424225746036644e-07,
    2.5548392031309302e-06,
    -1.2431513360344887e-07
  ],
  "magic_gates": [],
  "median_time": 0.15135574340820312,
  "mad_time": 0.001603841781616211,
  "input_arguments": {
    "backend": "qibotn",
    "max_bond_dim": 4,
    "replacement_probability": 0.0,
    "nqubits": 40,
    "nlayers": 3,
    "nruns": 10,
    "rng_seed": 42,
    "set_initial_state": true,
    "platform": "quimb",
    "dry_run_discarded": true
  }
}