{
  "measured_observable": "ZXZXZXZXZXZXZXZXZXZXZXZXZXZXZXZXZXZ",
  "times": [
    3.6450936794281006,
    3.7530267238616943,
    3.6190102100372314,
    3.591243267059326,
    3.430121660232544,
    3.41487193107605,
    3.39760422706604,
    3.5805914402008057,
    3.4198265075683594,
    3.4245903491973877
  ],
  "expvals": [
    1.4797450716948384e-05,
    -2.321773956028791e-05,
    1.4975314475018616e-07,
    -1.529716320897246e-08,
    2.0644637745538644e-08,
    5.0209406621316354e-11,
    1.2041538365839028e-11,
    -3.8206831462141255e-11,
    -5.322368202934862e-12,
    3.6786202678792403e-07
  ],
  "magic_gates": [
    105,
    105,
    105,
    105,
    105,
    105,
    105,
    105,
    105,
    105
  ],
  "median_time": 3.505356550216675,
  "mad_time": 0.08818566799163818,
  "ave_magic_gates": 105.0,
  "input_arguments": {
    "backend": "mpstab",
    "max_bond_dim": 8,
    "replacement_probability": 0.0,
    "nqubits": 35,
    "nlayers": 3,
    "nruns": 10,
    "rng_seed": 42,
    "set_initial_state": true,
    "platform": "None",
    "dry_run_discarded": true
  }
}