{
  "measured_observable": "ZXZXZXZXZXZX",
  "times": [
    1.8838531970977783,
    1.7500770092010498,
    1.7754812240600586,
    1.8912699222564697,
    1.7561519145965576,
    1.5786323547363281,
    1.7525780200958252,
    2.1266188621520996,
    2.0969040393829346,
    1.749091625213623
  ],
  "expvals": [
    -0.0015325411222875118,
    0.018362881615757942,
    -0.0013332590460777283,
    -0.004425184801220894,
    0.0002559838176239282,
    7.311307399504585e-06,
    0.0019542453810572624,
    -6.813416497664093e-11,
    -4.4122483814135194e-05,
    1.981851164600812e-05
  ],
  "magic_gates": [],
  "median_time": 1.765816569328308,
  "mad_time": 0.06738078594207764,
  "input_arguments": {
    "backend": "qibotn",
    "max_bond_dim": 16,
    "replacement_probability": 0.5,
    "nqubits": 12,
    "nlayers": 3,
    "nruns": 10,
    "rng_seed": 42,
    "set_initial_state": true,
    "platform": "quimb",
    "dry_run_discarded": true
  }
}
