{
  "measured_observable": "ZXZXZXZX",
  "times": [
    0.008130073547363281,
    0.007928133010864258,
    0.00800633430480957,
    0.008069992065429688,
    0.00763702392578125,
    0.007751941680908203,
    0.007815122604370117,
    0.007620811462402344,
    0.007428884506225586,
    0.0076580047607421875
  ],
  "expvals": [
    -0.168613463640213,
    -0.22830195724964142,
    -0.09053083509206772,
    0.03138241916894913,
    -0.01424037292599678,
    0.12392313033342361,
    0.004777816124260426,
    -0.021481767296791077,
    -0.017243167385458946,
    0.02269844338297844
  ],
  "magic_gates": [],
  "median_time": 0.00778353214263916,
  "mad_time": 0.00015461444854736328,
  "input_arguments": {
    "backend": "qibotn",
    "max_bond_dim": 8,
    "replacement_probability": 0.99,
    "nqubits": 8,
    "nlayers": 3,
    "nruns": 10,
    "rng_seed": 42,
    "set_initial_state": true,
    "platform": "quimb",
    "dry_run_discarded": true
  }
}
