{
  "measured_observable": "ZXZXZXZX",
  "times": [
    0.013833045959472656,
    0.016318082809448242,
    0.014315128326416016,
    0.01219797134399414,
    0.008745193481445312,
    0.01775836944580078,
    0.014479875564575195,
    0.018098831176757812,
    0.013660907745361328,
    0.013969182968139648
  ],
  "expvals": [
    0.008062198889766817,
    7.155003687636489e-16,
    0.00345377125287579,
    9.81772582035416e-35,
    -0.014785177491880202,
    -1.1387009217384679e-16,
    3.09229681485329e-05,
    -0.005380494181093834,
    0.11640754972792047,
    -0.01585218098345878
  ],
  "magic_gates": [
    6,
    7,
    6,
    5,
    3,
    8,
    6,
    8,
    6,
    6
  ],
  "median_time": 0.014142155647277832,
  "mad_time": 0.0012127161026000977,
  "ave_magic_gates": 6.1,
  "input_arguments": {
    "backend": "mpstab",
    "max_bond_dim": 16,
    "replacement_probability": 0.5,
    "nqubits": 8,
    "nlayers": 3,
    "nruns": 10,
    "rng_seed": 42,
    "set_initial_state": true,
    "platform": "None",
    "dry_run_discarded": true
  }
}
