{
  "measured_observable": "ZXZXZX",
  "times": [
    0.0021669864654541016,
    0.004086732864379883,
    0.002216815948486328,
    0.0021889209747314453,
    0.0035400390625,
    0.0025336742401123047,
    0.0022420883178710938,
    0.0021529197692871094,
    0.0022079944610595703,
    0.0022001266479492188
  ],
  "expvals": [
    0.0,
    0.03220783091192595,
    0.0,
    0.6272922424007298,
    0.09947114839913254,
    0.0,
    0.0,
    0.0,
    5.343470192570732e-36,
    0.0
  ],
  "magic_gates": [
    0,
    1,
    0,
    0,
    1,
    0,
    0,
    0,
    0,
    0
  ],
  "median_time": 0.0022124052047729492,
  "mad_time": 3.7550926208496094e-05,
  "ave_magic_gates": 0.2,
  "input_arguments": {
    "backend": "mpstab",
    "max_bond_dim": 2,
    "replacement_probability": 0.99,
    "nqubits": 6,
    "nlayers": 3,
    "nruns": 10,
    "rng_seed": 42,
    "set_initial_state": true,
    "platform": "None",
    "dry_run_discarded": true
  }
}
