{
  "measured_observable": "ZXZXZXZXZXZXZXZXZXZXZXZXZXZXZXZXZXZ",
  "times": [
    5.698875427246094,
    5.428232908248901,
    5.280186653137207,
    5.266502857208252,
    5.246291875839233,
    5.206950426101685,
    5.20580530166626,
    5.648051023483276,
    5.577836990356445,
    5.653066396713257
  ],
  "expvals": [
    2.045692335092423e-06,
    7.1139208012747395e-06,
    -1.5171529215680537e-07,
    2.9633174947008604e-08,
    -6.29563254015171e-08,
    -1.8524313567046978e-10,
    1.073629065951744e-12,
    -1.1942115615598176e-07,
    5.3210218485467386e-08,
    -9.707198733329283e-07
  ],
  "magic_gates": [
    105,
    105,
    105,
    105,
    105,
    105,
    105,
    105,
    105,
    105
  ],
  "median_time": 5.354209780693054,
  "mad_time": 0.14783191680908203,
  "ave_magic_gates": 105.0,
  "input_arguments": {
    "backend": "mpstab",
    "max_bond_dim": 16,
    "replacement_probability": 0.0,
    "nqubits": 35,
    "nlayers": 3,
    "nruns": 10,
    "rng_seed": 42,
    "set_initial_state": true,
    "platform": "None",
    "dry_run_discarded": true
  }
}