{
  "measured_observable": "ZXZX",
  "times": [
    0.0034368038177490234,
    0.0033092498779296875,
    0.0029981136322021484,
    0.002975940704345703,
    0.002949237823486328,
    0.0031859874725341797,
    0.002928018569946289,
    0.0029621124267578125,
    0.002895832061767578,
    0.0029299259185791016
  ],
  "expvals": [
    0.014473505318164825,
    -0.008970261551439762,
    -0.1247205063700676,
    0.34853988885879517,
    0.42429766058921814,
    0.15795937180519104,
    0.24770577251911163,
    -0.12212559580802917,
    -0.5065941214561462,
    0.09307928383350372
  ],
  "magic_gates": [],
  "median_time": 0.002969026565551758,
  "mad_time": 4.00543212890625e-05,
  "input_arguments": {
    "backend": "qibotn",
    "max_bond_dim": 4,
    "replacement_probability": 0.99,
    "nqubits": 4,
    "nlayers": 3,
    "nruns": 10,
    "rng_seed": 42,
    "set_initial_state": true,
    "platform": "quimb",
    "dry_run_discarded": true
  }
}
