{
  "measured_observable": "ZXZXZXZXZXZXZXZXZXZX",
  "times": [
    0.07297039031982422,
    0.07096362113952637,
    0.07129716873168945,
    0.07147574424743652,
    0.07214975357055664,
    0.0710287094116211,
    0.08353543281555176,
    0.07105326652526855,
    0.07123136520385742,
    0.07142853736877441
  ],
  "expvals": [
    4.108916864311048e-05,
    -7.754745104846404e-06,
    0.0008138195273926523,
    -8.507175355367825e-06,
    0.0008478127972813836,
    -0.0011330492956602401,
    -2.8809520687795433e-05,
    9.340548538299247e-05,
    -0.00010201825370383439,
    -0.0015280170407654889
  ],
  "magic_gates": [],
  "median_time": 0.07136285305023193,
  "mad_time": 0.0003218650817871094,
  "input_arguments": {
    "backend": "qibotn",
    "max_bond_dim": 4,
    "replacement_probability": 0.0,
    "nqubits": 20,
    "nlayers": 3,
    "nruns": 10,
    "rng_seed": 42,
    "set_initial_state": true,
    "platform": "quimb",
    "dry_run_discarded": true
  }
}