{
  "measured_observable": "ZXZXZXZXZXZXZXZ",
  "times": [
    0.5771987438201904,
    0.5842423439025879,
    0.5838279724121094,
    0.5866732597351074,
    0.5919861793518066,
    0.5900487899780273,
    0.5821902751922607,
    0.5829458236694336,
    0.5767502784729004,
    0.5781998634338379
  ],
  "expvals": [
    -8.092280442655064e-07,
    3.569246738486903e-06,
    0.00023249133209262486,
    0.0009952935060750028,
    -0.0002598570391004007,
    -0.00038666361481545824,
    -0.001604695718209286,
    0.0014673442502825627,
    -0.00019505906006782322,
    1.622023644212282e-07
  ],
  "magic_gates": [
    45,
    45,
    45,
    45,
    45,
    45,
    45,
    45,
    45,
    45
  ],
  "median_time": 0.5833868980407715,
  "mad_time": 0.004236698150634766,
  "ave_magic_gates": 45.0,
  "input_arguments": {
    "backend": "mpstab",
    "max_bond_dim": 4,
    "replacement_probability": 0.0,
    "nqubits": 15,
    "nlayers": 3,
    "nruns": 10,
    "rng_seed": 42,
    "set_initial_state": true,
    "platform": "None",
    "dry_run_discarded": true
  }
}