{
  "measured_observable": "ZXZXZXZXZXZXZXZXZXZXZXZXZXZXZXZXZXZXZXZXZXZXZXZXZX",
  "times": [
    7.082652568817139,
    6.8651580810546875,
    6.8594911098480225,
    7.032773017883301,
    6.967972993850708,
    7.1897382736206055,
    7.378983497619629,
    7.584481716156006,
    7.340281009674072,
    7.086529016494751
  ],
  "expvals": [
    -1.4788920984904692e-15,
    -9.902643061778641e-17,
    3.267537986255034e-22,
    1.259366987479666e-20,
    -4.334645606664927e-16,
    7.710128065555584e-18,
    -3.053697434356503e-17,
    -4.035203440926207e-17,
    3.429316106056855e-18,
    -1.421351958808927e-14
  ],
  "magic_gates": [
    150,
    150,
    150,
    150,
    150,
    150,
    150,
    150,
    150,
    150
  ],
  "median_time": 7.084590792655945,
  "mad_time": 0.16802525520324707,
  "ave_magic_gates": 150.0,
  "input_arguments": {
    "backend": "mpstab",
    "max_bond_dim": 4,
    "replacement_probability": 0.0,
    "nqubits": 50,
    "nlayers": 3,
    "nruns": 10,
    "rng_seed": 42,
    "set_initial_state": true,
    "platform": "None",
    "dry_run_discarded": true
  }
}