{
  "measured_observable": "ZXZXZXZXZXZXZXZXZXZXZXZXZXZXZX",
  "times": [
    0.1206045150756836,
    0.10841059684753418,
    0.22908854484558105,
    0.10961484909057617,
    0.10950398445129395,
    0.10865092277526855,
    0.10993528366088867,
    0.10735416412353516,
    0.10744976997375488,
    0.23304986953735352
  ],
  "expvals": [
    -9.260984905213375e-07,
    -5.3063643176046355e-08,
    -1.29814726474954e-07,
    -1.0203520918632912e-07,
    -4.7158076583742704e-08,
    -5.200068484950064e-08,
    9.630141501434731e-06,
    3.3726709238701464e-06,
    -2.574364878101403e-07,
    3.966337327359399e-06
  ],
  "magic_gates": [],
  "median_time": 0.10955941677093506,
  "mad_time": 0.0016292333602905273,
  "input_arguments": {
    "backend": "qibotn",
    "max_bond_dim": 64,
    "replacement_probability": 0.0,
    "nqubits": 30,
    "nlayers": 3,
    "nruns": 10,
    "rng_seed": 42,
    "set_initial_state": true,
    "platform": "quimb",
    "dry_run_discarded": true
  }
}