{
  "measured_observable": "ZXZXZXZXZXZXZXZXZXZXZXZXZXZXZXZXZXZXZXZXZXZXZ",
  "times": [
    9.086794376373291,
    8.86099886894226,
    9.061326503753662,
    9.015309810638428,
    9.28868055343628,
    9.425920963287354,
    9.337685585021973,
    9.394519329071045,
    9.207701683044434,
    9.040090322494507
  ],
  "expvals": [
    1.9089723836925822e-11,
    5.338692038284098e-10,
    1.8309194360205154e-13,
    2.553918342820586e-14,
    2.0905159477861557e-11,
    1.3301751682638422e-14,
    -2.764267672814777e-16,
    -3.7720655089277114e-10,
    8.210675363894185e-14,
    2.860522238552833e-10
  ],
  "magic_gates": [
    135,
    135,
    135,
    135,
    135,
    135,
    135,
    135,
    135,
    135
  ],
  "median_time": 9.147248029708862,
  "mad_time": 0.13668537139892578,
  "ave_magic_gates": 135.0,
  "input_arguments": {
    "backend": "mpstab",
    "max_bond_dim": 16,
    "replacement_probability": 0.0,
    "nqubits": 45,
    "nlayers": 3,
    "nruns": 10,
    "rng_seed": 42,
    "set_initial_state": true,
    "platform": "None",
    "dry_run_discarded": true
  }
}