{
  "measured_observable": "ZXZXZXZXZXZXZXZXZXZXZXZXZXZXZXZXZXZXZXZXZXZXZ",
  "times": [
    5.745400667190552,
    5.443361282348633,
    5.49542498588562,
    5.403315305709839,
    5.584837436676025,
    5.356499910354614,
    5.629407644271851,
    5.493095636367798,
    5.738287448883057,
    5.783039808273315
  ],
  "expvals": [
    -5.2072898418777443e-17,
    5.213252032656814e-13,
    5.107677381945546e-19,
    2.1530032633779073e-13,
    9.970642338522325e-15,
    3.2227002426307256e-13,
    1.6237235050108336e-20,
    -3.449227651613557e-11,
    -3.6806372566051056e-18,
    2.219700404188452e-09
  ],
  "magic_gates": [
    135,
    135,
    135,
    135,
    135,
    135,
    135,
    135,
    135,
    135
  ],
  "median_time": 5.540131211280823,
  "mad_time": 0.11679291725158691,
  "ave_magic_gates": 135.0,
  "input_arguments": {
    "backend": "mpstab",
    "max_bond_dim": 4,
    "replacement_probability": 0.0,
    "nqubits": 45,
    "nlayers": 3,
    "nruns": 10,
    "rng_seed": 42,
    "set_initial_state": true,
    "platform": "None",
    "dry_run_discarded": true
  }
}