{
  "measured_observable": "ZXZXZXZXZXZXZXZXZXZXZXZXZ",
  "times": [
    0.09174728393554688,
    0.08982992172241211,
    0.0901951789855957,
    0.0903005599975586,
    0.09024930000305176,
    0.0902705192565918,
    0.09038376808166504,
    0.0900723934173584,
    0.08998298645019531,
    0.2367534637451172
  ],
  "expvals": [
    -1.7370381571722821e-07,
    1.5502381242634872e-06,
    -0.00016774550185710613,
    -4.9421600768549864e-05,
    -4.643567486040126e-05,
    -0.0010035603327287457,
    -9.518282539545553e-09,
    -1.1721416744599994e-05,
    1.3922830467430406e-05,
    0.0003904375928874059
  ],
  "magic_gates": [],
  "median_time": 0.09025990962982178,
  "mad_time": 0.0001556873321533203,
  "input_arguments": {
    "backend": "qibotn",
    "max_bond_dim": 64,
    "replacement_probability": 0.0,
    "nqubits": 25,
    "nlayers": 3,
    "nruns": 10,
    "rng_seed": 42,
    "set_initial_state": true,
    "platform": "quimb",
    "dry_run_discarded": true
  }
}