{
  "measured_observable": "ZXZXZXZXZXZXZXZXZXZXZXZXZXZXZXZXZXZXZXZX",
  "times": [
    0.19985127449035645,
    0.19890546798706055,
    0.19844937324523926,
    0.3209826946258545,
    0.1957247257232666,
    0.1971571445465088,
    0.20748209953308105,
    0.19394707679748535,
    0.3225884437561035,
    0.20186138153076172
  ],
  "expvals": [
    -1.1494352966669987e-10,
    -1.1208726116351224e-09,
    2.0167891238321042e-08,
    -4.545164606419022e-07,
    -5.676469965983891e-09,
    -3.9775895640783536e-07,
    -2.1003065425417363e-10,
    -1.0424225746036713e-07,
    2.5548392031309315e-06,
    -1.2431513360344884e-07
  ],
  "magic_gates": [],
  "median_time": 0.1993783712387085,
  "mad_time": 0.0030683279037475586,
  "input_arguments": {
    "backend": "qibotn",
    "max_bond_dim": 8,
    "replacement_probability": 0.0,
    "nqubits": 40,
    "nlayers": 3,
    "nruns": 10,
    "rng_seed": 42,
    "set_initial_state": true,
    "platform": "quimb",
    "dry_run_discarded": true
  }
}