{
  "measured_observable": "ZXZXZXZX",
  "times": [
    0.007927179336547852,
    0.00757288932800293,
    0.007487058639526367,
    0.007438182830810547,
    0.007373809814453125,
    0.0075151920318603516,
    0.007843017578125,
    0.007793903350830078,
    0.0076732635498046875,
    0.007585048675537109
  ],
  "expvals": [
    -0.1547149419784546,
    -0.2093685269355774,
    -0.06519833207130432,
    0.0761813074350357,
    -0.015273061580955982,
    0.06427492946386337,
    0.020338857546448708,
    -0.04309523478150368,
    -0.01607392355799675,
    0.023511916399002075
  ],
  "magic_gates": [],
  "median_time": 0.0075789690017700195,
  "mad_time": 0.00011754035949707031,
  "input_arguments": {
    "backend": "qibotn",
    "max_bond_dim": 4,
    "replacement_probability": 0.99,
    "nqubits": 8,
    "nlayers": 3,
    "nruns": 10,
    "rng_seed": 42,
    "set_initial_state": true,
    "platform": "quimb",
    "dry_run_discarded": true
  }
}
