{
  "measured_observable": "ZXZXZXZXZXZXZXZXZXZXZXZXZXZXZXZXZXZ",
  "times": [
    0.2527799606323242,
    0.12558960914611816,
    0.1243293285369873,
    0.12517690658569336,
    0.12429666519165039,
    0.12490725517272949,
    0.27776217460632324,
    0.12437105178833008,
    0.1242067813873291,
    0.12455224990844727
  ],
  "expvals": [
    -5.992602587991492e-06,
    1.4742247592388635e-08,
    -4.0546707665279556e-07,
    -3.52314587422987e-07,
    -4.0422904179971624e-06,
    2.133510174423095e-08,
    5.323662761278249e-10,
    0.00023452933915655124,
    2.209890588784284e-09,
    6.765807889422781e-09
  ],
  "magic_gates": [],
  "median_time": 0.12472975254058838,
  "mad_time": 0.0004401206970214844,
  "input_arguments": {
    "backend": "qibotn",
    "max_bond_dim": 8,
    "replacement_probability": 0.0,
    "nqubits": 35,
    "nlayers": 3,
    "nruns": 10,
    "rng_seed": 42,
    "set_initial_state": true,
    "platform": "quimb",
    "dry_run_discarded": true
  }
}