{
  "measured_observable": "ZXZXZXZXZXZXZXZXZXZXZXZXZXZXZXZXZXZXZXZX",
  "times": [
    0.14870595932006836,
    0.14722871780395508,
    0.14635539054870605,
    0.14859676361083984,
    0.2690761089324951,
    0.14734840393066406,
    0.1460433006286621,
    0.1537611484527588,
    0.14840030670166016,
    0.27605509757995605
  ],
  "expvals": [
    -1.1494352966669223e-10,
    -1.1208726116351236e-09,
    2.016789123832104e-08,
    -4.545164606419013e-07,
    -5.676469965983812e-09,
    -3.97758956407836e-07,
    -2.1003065425416947e-10,
    -1.0424225746036821e-07,
    2.554839203130935e-06,
    -1.2431513360344903e-07
  ],
  "magic_gates": [],
  "median_time": 0.14849853515625,
  "mad_time": 0.0017064809799194336,
  "input_arguments": {
    "backend": "qibotn",
    "max_bond_dim": 64,
    "replacement_probability": 0.0,
    "nqubits": 40,
    "nlayers": 3,
    "nruns": 10,
    "rng_seed": 42,
    "set_initial_state": true,
    "platform": "quimb",
    "dry_run_discarded": true
  }
}