{
  "measured_observable": "ZXZXZXZXZXZXZXZXZXZXZXZXZ",
  "times": [
    1.7853310108184814,
    1.7735800743103027,
    1.7639460563659668,
    1.8345630168914795,
    1.762674331665039,
    1.7903952598571777,
    1.861903429031372,
    1.9234199523925781,
    1.753908634185791,
    1.803295373916626
  ],
  "expvals": [
    -2.567010082638775e-09,
    -5.39954768925315e-08,
    -4.50183834683843e-07,
    2.615521913185508e-05,
    3.4621353354673e-08,
    9.589955493452748e-08,
    3.505849242376457e-12,
    2.7640979432684966e-09,
    -2.510269045335001e-06,
    -0.00018414398258847207
  ],
  "magic_gates": [
    75,
    75,
    75,
    75,
    75,
    75,
    75,
    75,
    75,
    75
  ],
  "median_time": 1.7878631353378296,
  "mad_time": 0.02455294132232666,
  "ave_magic_gates": 75.0,
  "input_arguments": {
    "backend": "mpstab",
    "max_bond_dim": 8,
    "replacement_probability": 0.0,
    "nqubits": 25,
    "nlayers": 3,
    "nruns": 10,
    "rng_seed": 42,
    "set_initial_state": true,
    "platform": "None",
    "dry_run_discarded": true
  }
}