{
  "measured_observable": "ZXZXZXZXZX",
  "times": [
    0.03875398635864258,
    0.03672218322753906,
    0.03675389289855957,
    0.1798720359802246,
    0.03710484504699707,
    0.03683304786682129,
    0.1813044548034668,
    0.03886914253234863,
    0.03698420524597168,
    0.03653860092163086
  ],
  "expvals": [
    0.001124249013250821,
    0.00036005365200996635,
    -0.03754519703324114,
    -0.010925122838851282,
    -0.05876217470752655,
    0.10687700478868808,
    0.027877092962858598,
    0.014479397217819217,
    -0.04751902631519972,
    -0.010841055689043037
  ],
  "magic_gates": [],
  "median_time": 0.037044525146484375,
  "mad_time": 0.00041413307189941406,
  "input_arguments": {
    "backend": "qibotn",
    "max_bond_dim": 4,
    "replacement_probability": 0.0,
    "nqubits": 10,
    "nlayers": 3,
    "nruns": 10,
    "rng_seed": 42,
    "set_initial_state": true,
    "platform": "quimb",
    "dry_run_discarded": true
  }
}