{
  "measured_observable": "ZXZXZXZXZX",
  "times": [
    0.037902116775512695,
    0.03723502159118652,
    0.04399585723876953,
    0.03702521324157715,
    0.03732609748840332,
    0.03679299354553223,
    0.037390708923339844,
    0.04968118667602539,
    0.03709602355957031,
    0.036978960037231445
  ],
  "expvals": [
    -0.0007916910690255463,
    1.0241588825010695e-05,
    -0.18230505287647247,
    0.0021703557576984167,
    -2.727446090158847e-19,
    -0.002897221827879548,
    -8.45914712499507e-07,
    -7.95337566882743e-29,
    3.964808570344758e-07,
    -0.06717554479837418
  ],
  "magic_gates": [],
  "median_time": 0.03728055953979492,
  "mad_time": 0.000278472900390625,
  "input_arguments": {
    "backend": "qibotn",
    "max_bond_dim": 4,
    "replacement_probability": 0.0,
    "nqubits": 10,
    "nlayers": 3,
    "nruns": 10,
    "rng_seed": 42,
    "set_initial_state": true,
    "platform": "quimb",
    "dry_run_discarded": true
  }
}
