{
  "measured_observable": "ZXZXZXZXZXZXZXZXZXZXZXZXZXZXZXZXZXZXZXZXZXZXZXZXZXZXZXZXZXZXZXZXZXZXZXZXZXZXZXZXZXZXZ",
  "times": [
    0.7456378936767578,
    0.88753342628479,
    0.7275104522705078,
    0.9035384654998779,
    0.7315311431884766,
    0.8872783184051514,
    0.7368531227111816,
    0.9234070777893066,
    0.7182416915893555,
    0.7127470970153809
  ],
  "expvals": [
    7.801538425644241e-20,
    9.462960852479295e-17,
    -1.1745523795231482e-20,
    -1.761094923502541e-17,
    -6.922600937424154e-18,
    -3.1524024679667855e-20,
    4.169355446319399e-21,
    -7.444294297699547e-25,
    2.6279940275723943e-18,
    2.1564354073337674e-16
  ],
  "magic_gates": [],
  "median_time": 0.7412455081939697,
  "mad_time": 0.025751113891601562,
  "input_arguments": {
    "backend": "qibotn",
    "max_bond_dim": 32,
    "replacement_probability": 0.0,
    "nqubits": 85,
    "nlayers": 3,
    "nruns": 10,
    "rng_seed": 42,
    "set_initial_state": true,
    "platform": "quimb",
    "dry_run_discarded": true
  }
}