{
  "measured_observable": "ZXZXZXZXZXZX",
  "times": [
    0.019649744033813477,
    0.026434898376464844,
    0.0190889835357666,
    0.0381779670715332,
    0.022036075592041016,
    0.022850751876831055,
    0.05487489700317383,
    0.03403592109680176,
    0.032774925231933594,
    0.019739866256713867
  ],
  "expvals": [
    0.0,
    -0.00275630760972707,
    0.0,
    -3.6469616059437445e-05,
    -1.811872909044597e-17,
    -0.06900987710284258,
    0.005117357049436675,
    4.8273311115535516e-20,
    0.006292459131588154,
    -0.0001952813730960389
  ],
  "magic_gates": [
    5,
    7,
    5,
    10,
    6,
    6,
    15,
    3,
    9,
    5
  ],
  "median_time": 0.02464282512664795,
  "mad_time": 0.00527346134185791,
  "ave_magic_gates": 7.1,
  "input_arguments": {
    "backend": "mpstab",
    "max_bond_dim": 16,
    "replacement_probability": 0.25,
    "nqubits": 12,
    "nlayers": 3,
    "nruns": 10,
    "rng_seed": 42,
    "set_initial_state": true,
    "platform": "None",
    "dry_run_discarded": true
  }
}
