{
  "measured_observable": "ZXZXZXZXZX",
  "times": [
    0.010777711868286133,
    0.020545005798339844,
    0.028384923934936523,
    0.013750076293945312,
    0.026212215423583984,
    0.015666961669921875,
    0.01555013656616211,
    0.030433177947998047,
    0.014981985092163086,
    0.008208751678466797
  ],
  "expvals": [
    0.0,
    -1.0455407303863205e-32,
    2.6414982125703038e-05,
    -5.659715084689548e-32,
    2.5165762555739528e-05,
    0.0,
    -0.0018865364928823897,
    0.03799894048141626,
    -1.830248494706642e-33,
    0.030535460588148808
  ],
  "magic_gates": [
    3,
    7,
    10,
    4,
    9,
    5,
    5,
    11,
    5,
    2
  ],
  "median_time": 0.015608549118041992,
  "mad_time": 0.0048836469650268555,
  "ave_magic_gates": 6.1,
  "input_arguments": {
    "backend": "mpstab",
    "max_bond_dim": 8,
    "replacement_probability": 0.25,
    "nqubits": 10,
    "nlayers": 3,
    "nruns": 10,
    "rng_seed": 42,
    "set_initial_state": true,
    "platform": "None",
    "dry_run_discarded": true
  }
}
