{
  "measured_observable": "ZXZXZXZXZXZXZXZ",
  "times": [
    0.21304059028625488,
    0.05545639991760254,
    0.054454803466796875,
    0.054007530212402344,
    0.05395221710205078,
    0.05573558807373047,
    0.05383419990539551,
    0.055533409118652344,
    0.06217217445373535,
    0.05387234687805176
  ],
  "expvals": [
    0.0019485216697779457,
    0.01398219114085235,
    0.00039315498942100904,
    -0.00017836110247492862,
    0.0018067504775830692,
    0.0011311624411185993,
    -4.613022365400929e-05,
    0.014294264062763228,
    -1.531807513500865e-06,
    -0.0010279445707255404
  ],
  "magic_gates": [],
  "median_time": 0.05495560169219971,
  "mad_time": 0.0009757280349731445,
  "input_arguments": {
    "backend": "qibotn",
    "max_bond_dim": 32,
    "replacement_probability": 0.0,
    "nqubits": 15,
    "nlayers": 3,
    "nruns": 10,
    "rng_seed": 42,
    "set_initial_state": true,
    "platform": "quimb",
    "dry_run_discarded": true
  }
}