{
  "measured_observable": "ZXZXZXZXZXZXZXZ",
  "times": [
    0.8591735363006592,
    0.8729372024536133,
    0.8891565799713135,
    0.8773839473724365,
    1.0205481052398682,
    0.8573760986328125,
    0.9064350128173828,
    0.8799238204956055,
    0.8441376686096191,
    0.8617744445800781
  ],
  "expvals": [
    0.0008524634489608513,
    0.0008125962976493939,
    -0.0003778567811782193,
    0.0009465521192043854,
    0.009044643494156419,
    -0.0014832897720734757,
    -0.0008435902971316409,
    0.020209863389348496,
    -0.0002358710442505449,
    4.943865239666302e-05
  ],
  "magic_gates": [
    45,
    45,
    45,
    45,
    45,
    45,
    45,
    45,
    45,
    45
  ],
  "median_time": 0.8751605749130249,
  "mad_time": 0.014991521835327148,
  "ave_magic_gates": 45.0,
  "input_arguments": {
    "backend": "mpstab",
    "max_bond_dim": 16,
    "replacement_probability": 0.0,
    "nqubits": 15,
    "nlayers": 3,
    "nruns": 10,
    "rng_seed": 42,
    "set_initial_state": true,
    "platform": "None",
    "dry_run_discarded": true
  }
}