{
  "measured_observable": "ZXZXZXZX",
  "times": [
    0.005324125289916992,
    0.002962827682495117,
    0.0029778480529785156,
    0.005071163177490234,
    0.002948760986328125,
    0.0028748512268066406,
    0.002938985824584961,
    0.002878904342651367,
    0.002913951873779297,
    0.005053997039794922
  ],
  "expvals": [
    0.06190853983728772,
    0.0,
    -1.2957949615696666e-36,
    -1.825330911517447e-18,
    -0.0188417964695616,
    -8.647506723811684e-35,
    0.0,
    0.0,
    -0.013979350644128663,
    -0.004366270208441864
  ],
  "magic_gates": [
    1,
    0,
    0,
    1,
    0,
    0,
    0,
    0,
    0,
    1
  ],
  "median_time": 0.002955794334411621,
  "mad_time": 5.936622619628906e-05,
  "ave_magic_gates": 0.3,
  "input_arguments": {
    "backend": "mpstab",
    "max_bond_dim": 4,
    "replacement_probability": 0.99,
    "nqubits": 8,
    "nlayers": 3,
    "nruns": 10,
    "rng_seed": 42,
    "set_initial_state": true,
    "platform": "None",
    "dry_run_discarded": true
  }
}
