{
  "measured_observable": "ZXZXZXZXZXZXZXZXZXZX",
  "times": [
    28.579461812973022,
    32.57194375991821,
    33.50093483924866,
    32.76756501197815,
    32.81552028656006,
    31.80233931541443,
    33.68365788459778,
    33.248844385147095,
    33.39562678337097,
    33.18036079406738
  ],
  "expvals": [
    1.4327004893082516e-06,
    0.0002161291064134106,
    -0.002179797345763075,
    0.00040113844363652725,
    0.0031946526512569343,
    -0.00017145348225534152,
    7.723508312359115e-06,
    0.00019093171583336115,
    -0.00021356527385622874,
    0.0024043613892243405
  ],
  "magic_gates": [
    60,
    60,
    60,
    60,
    60,
    60,
    60,
    60,
    60,
    60
  ],
  "median_time": 32.99794054031372,
  "mad_time": 0.4118415117263794,
  "ave_magic_gates": 60.0,
  "input_arguments": {
    "backend": "mpstab",
    "max_bond_dim": 64,
    "replacement_probability": 0.0,
    "nqubits": 20,
    "nlayers": 3,
    "nruns": 10,
    "rng_seed": 42,
    "set_initial_state": true,
    "platform": "None",
    "dry_run_discarded": true
  }
}