{
  "measured_observable": "ZXZXZXZXZXZX",
  "times": [
    0.034049034118652344,
    0.028751134872436523,
    0.02171802520751953,
    0.04584217071533203,
    0.049536943435668945,
    0.0379331111907959,
    0.023401975631713867,
    0.047693729400634766,
    0.02665996551513672,
    0.03673529624938965
  ],
  "expvals": [
    -3.0790249460262094e-48,
    0.004136772184987896,
    -1.0535036905035507e-48,
    -2.0866853019157478e-07,
    0.002435883229533419,
    -0.031777392658742326,
    0.008794961400910257,
    -8.689996597602041e-05,
    3.308625901736936e-48,
    0.0006722801482625662
  ],
  "magic_gates": [
    10,
    8,
    6,
    12,
    12,
    11,
    6,
    12,
    7,
    10
  ],
  "median_time": 0.035392165184020996,
  "mad_time": 0.009591102600097656,
  "ave_magic_gates": 9.4,
  "input_arguments": {
    "backend": "mpstab",
    "max_bond_dim": 16,
    "replacement_probability": 0.5,
    "nqubits": 12,
    "nlayers": 3,
    "nruns": 10,
    "rng_seed": 42,
    "set_initial_state": true,
    "platform": "None",
    "dry_run_discarded": true
  }
}
