{
  "measured_observable": "ZXZXZXZXZX",
  "times": [
    0.037680864334106445,
    0.03716468811035156,
    0.03691697120666504,
    0.0367588996887207,
    0.0367131233215332,
    0.03684401512145996,
    0.037081003189086914,
    0.036843061447143555,
    0.03647279739379883,
    0.036741018295288086
  ],
  "expvals": [
    -0.021433383226394653,
    0.015575948171317577,
    -0.037486884742975235,
    -0.0003431265940889716,
    0.003195632016286254,
    0.00867876224219799,
    0.0003100027679465711,
    -0.02807639166712761,
    -0.018744556233286858,
    0.06111444532871246
  ],
  "magic_gates": [],
  "median_time": 0.03684353828430176,
  "mad_time": 0.00011646747589111328,
  "input_arguments": {
    "backend": "qibotn",
    "max_bond_dim": 8,
    "replacement_probability": 0.99,
    "nqubits": 10,
    "nlayers": 3,
    "nruns": 10,
    "rng_seed": 42,
    "set_initial_state": true,
    "platform": "quimb",
    "dry_run_discarded": true
  }
}
