{
  "measured_observable": "ZXZXZXZXZXZX",
  "times": [
    0.01932525634765625,
    0.024689197540283203,
    0.01877307891845703,
    0.03398704528808594,
    0.021714210510253906,
    0.022284746170043945,
    0.04780387878417969,
    0.03352975845336914,
    0.031083106994628906,
    0.019259929656982422
  ],
  "expvals": [
    0.0,
    -3.5310545510569454e-33,
    0.0,
    6.952849888595938e-33,
    4.608857170714114e-31,
    -0.0846703675338573,
    0.001977811457985362,
    1.7099416183787306e-20,
    0.004471470277454021,
    1.981812617318867e-05
  ],
  "magic_gates": [
    5,
    7,
    5,
    10,
    6,
    6,
    15,
    3,
    9,
    5
  ],
  "median_time": 0.023486971855163574,
  "mad_time": 0.004470467567443848,
  "ave_magic_gates": 7.1,
  "input_arguments": {
    "backend": "mpstab",
    "max_bond_dim": 2,
    "replacement_probability": 0.25,
    "nqubits": 12,
    "nlayers": 3,
    "nruns": 10,
    "rng_seed": 42,
    "set_initial_state": true,
    "platform": "None",
    "dry_run_discarded": true
  }
}
