{
  "measured_observable": "ZXZXZXZXZX",
  "times": [
    0.037858009338378906,
    0.03745603561401367,
    0.056794166564941406,
    0.036827802658081055,
    0.05862617492675781,
    0.0369257926940918,
    0.03684878349304199,
    0.0512700080871582,
    0.03684282302856445,
    0.03662276268005371
  ],
  "expvals": [
    -0.3510594964027405,
    -0.015850907191634178,
    -0.12948711216449738,
    0.0012225164100527763,
    4.97447331326839e-07,
    0.0010623234556987882,
    0.0001291942608077079,
    -9.123476578170794e-17,
    -0.0015466833719983697,
    0.01842452771961689
  ],
  "magic_gates": [],
  "median_time": 0.037190914154052734,
  "mad_time": 0.00046563148498535156,
  "input_arguments": {
    "backend": "qibotn",
    "max_bond_dim": 8,
    "replacement_probability": 0.25,
    "nqubits": 10,
    "nlayers": 3,
    "nruns": 10,
    "rng_seed": 42,
    "set_initial_state": true,
    "platform": "quimb",
    "dry_run_discarded": true
  }
}
