{
  "measured_observable": "ZXZXZXZXZXZXZXZXZXZX",
  "times": [
    0.09436655044555664,
    0.09183716773986816,
    0.09234166145324707,
    0.09288620948791504,
    0.09275317192077637,
    0.09295415878295898,
    0.0922846794128418,
    0.09260320663452148,
    0.09267497062683105,
    0.09316539764404297
  ],
  "expvals": [
    4.108916864311062e-05,
    -7.754745104846287e-06,
    0.0008138195273926481,
    -8.507175355367823e-06,
    0.0008478127972813815,
    -0.001133049295660243,
    -2.880952068779548e-05,
    9.340548538299228e-05,
    -0.00010201825370383521,
    -0.001528017040765486
  ],
  "magic_gates": [],
  "median_time": 0.09271407127380371,
  "mad_time": 0.00030624866485595703,
  "input_arguments": {
    "backend": "qibotn",
    "max_bond_dim": 256,
    "replacement_probability": 0.0,
    "nqubits": 20,
    "nlayers": 3,
    "nruns": 10,
    "rng_seed": 42,
    "set_initial_state": true,
    "platform": "quimb",
    "dry_run_discarded": true
  }
}