{
  "measured_observable": "ZXZXZXZXZXZXZXZXZXZXZXZXZXZXZXZXZXZXZXZXZXZXZXZXZXZXZXZ",
  "times": [
    8.893387794494629,
    8.5941743850708,
    8.406211853027344,
    8.795378923416138,
    8.859078645706177,
    9.145581483840942,
    8.779359579086304,
    8.890372037887573,
    8.991916179656982,
    9.006054162979126
  ],
  "expvals": [
    -1.5649237309994794e-16,
    6.419202754040726e-12,
    -9.26249352666865e-17,
    -1.9100727119686223e-18,
    -1.903766975117027e-11,
    -6.595217381890873e-13,
    1.546471272834249e-19,
    -3.823043455989462e-13,
    -1.2503970984082486e-13,
    1.8901418915774973e-16
  ],
  "magic_gates": [
    165,
    165,
    165,
    165,
    165,
    165,
    165,
    165,
    165,
    165
  ],
  "median_time": 8.874725341796875,
  "mad_time": 0.10627830028533936,
  "ave_magic_gates": 165.0,
  "input_arguments": {
    "backend": "mpstab",
    "max_bond_dim": 8,
    "replacement_probability": 0.0,
    "nqubits": 55,
    "nlayers": 3,
    "nruns": 10,
    "rng_seed": 42,
    "set_initial_state": true,
    "platform": "None",
    "dry_run_discarded": true
  }
}