{
  "measured_observable": "ZXZXZ",
  "times": [
    0.023677587509155273,
    0.022935867309570312,
    0.022691011428833008,
    0.02274346351623535,
    0.1254746913909912,
    0.022940635681152344,
    0.022632360458374023,
    0.02280712127685547,
    0.023081302642822266,
    0.023365497589111328
  ],
  "expvals": [
    0.5109614772637704,
    0.23022739735520684,
    -0.5889111171798329,
    0.027256717853543715,
    0.05234317788595431,
    0.6142021434620533,
    0.4998916941102919,
    0.5523883978213016,
    -0.027008331633614817,
    -0.1959289494229282
  ],
  "magic_gates": [],
  "median_time": 0.022938251495361328,
  "mad_time": 0.00022101402282714844,
  "input_arguments": {
    "backend": "qibotn",
    "max_bond_dim": 4,
    "replacement_probability": 0.0,
    "nqubits": 5,
    "nlayers": 5,
    "nruns": 10,
    "rng_seed": 42,
    "set_initial_state": true,
    "platform": "quimb",
    "dry_run_discarded": true
  }
}