{
  "measured_observable": "ZXZXZXZXZX",
  "times": [
    0.050328969955444336,
    0.03791308403015137,
    0.05479621887207031,
    0.03664684295654297,
    0.03670930862426758,
    0.051319122314453125,
    0.04925394058227539,
    0.03693795204162598,
    0.05420994758605957,
    0.03665304183959961
  ],
  "expvals": [
    2.048529277660265e-15,
    1.996097594118089e-16,
    -0.16221363842487335,
    0.0030620477627962828,
    2.936155008362307e-17,
    5.089609221814277e-19,
    -1.2493524213764116e-17,
    8.436448154652831e-19,
    -0.006079308222979307,
    -0.06800416111946106
  ],
  "magic_gates": [],
  "median_time": 0.04358351230621338,
  "mad_time": 0.006902337074279785,
  "input_arguments": {
    "backend": "qibotn",
    "max_bond_dim": 16,
    "replacement_probability": 0.0,
    "nqubits": 10,
    "nlayers": 3,
    "nruns": 10,
    "rng_seed": 42,
    "set_initial_state": true,
    "platform": "quimb",
    "dry_run_discarded": true
  }
}
