{
  "measured_observable": "ZXZXZXZXZX",
  "times": [
    0.03053116798400879,
    0.0291595458984375,
    0.02902984619140625,
    0.16421103477478027,
    0.02935934066772461,
    0.029159069061279297,
    0.029170989990234375,
    0.02870631217956543,
    0.029021739959716797,
    0.028720378875732422
  ],
  "expvals": [
    0.0011242490132508292,
    0.0003600536520099581,
    -0.03754519703324124,
    -0.010925122838851269,
    -0.058762174707526586,
    0.10687700478868817,
    0.027877092962858677,
    0.014479397217819236,
    -0.04751902631519972,
    -0.010841055689043026
  ],
  "magic_gates": [],
  "median_time": 0.0291593074798584,
  "mad_time": 0.00016880035400390625,
  "input_arguments": {
    "backend": "qibotn",
    "max_bond_dim": 16,
    "replacement_probability": 0.0,
    "nqubits": 10,
    "nlayers": 3,
    "nruns": 10,
    "rng_seed": 42,
    "set_initial_state": true,
    "platform": "quimb",
    "dry_run_discarded": true
  }
}