{
  "measured_observable": "ZXZXZXZXZXZX",
  "times": [
    0.029560089111328125,
    0.028583288192749023,
    0.05277419090270996,
    0.02676105499267578,
    0.023437976837158203,
    0.05677485466003418,
    0.023486852645874023,
    0.03280472755432129,
    0.035798072814941406,
    0.0262298583984375,
    0.03544211387634277,
    0.016800880432128906,
    0.013201236724853516,
    0.031949758529663086,
    0.0387728214263916,
    0.01950979232788086,
    0.03505992889404297,
    0.038694143295288086,
    0.03247690200805664,
    0.029700040817260742
  ],
  "expvals": [
    0.00019950728280772098,
    -1.053739360207205e-17,
    -0.026111689187974036,
    1.925929944387236e-34,
    -5.266214691683848e-35,
    -6.50154101135343e-27,
    0.00010690745885894287,
    -1.742458388947349e-08,
    7.596454196607839e-65,
    0.007932962095169532,
    2.182038097655261e-18,
    5.030241301850992e-31,
    7.477515285835998e-51,
    1.2124086862375067e-20,
    -3.3764745190990412e-06,
    0.0002617080318762872,
    -1.2538766407493815e-05,
    1.456277778430609e-21,
    8.176012293320724e-17,
    -1.2132834714816655e-18
  ],
  "magic_gates": [
    9,
    8,
    16,
    7,
    6,
    10,
    6,
    9,
    10,
    7,
    10,
    4,
    3,
    9,
    11,
    5,
    10,
    11,
    9,
    8
  ],
  "median_time": 0.030824899673461914,
  "mad_time": 0.004795193672180176,
  "ave_magic_gates": 8.4,
  "input_arguments": {
    "backend": "mpstab",
    "max_bond_dim": 4,
    "replacement_probability": 0.75,
    "nqubits": 12,
    "nlayers": 4,
    "nruns": 20,
    "rng_seed": 42,
    "set_initial_state": true,
    "platform": "None",
    "dry_run_discarded": true
  }
}
