{
  "measured_observable": "ZXZXZXZXZXZXZXZXZXZXZXZXZXZXZX",
  "times": [
    0.1079554557800293,
    0.23421549797058105,
    0.10862302780151367,
    0.11888241767883301,
    0.11335182189941406,
    0.11323928833007812,
    0.10825967788696289,
    0.10807275772094727,
    0.10792827606201172,
    0.11514592170715332
  ],
  "expvals": [
    -9.260984905213447e-07,
    -5.306364317604704e-08,
    -1.2981472647495177e-07,
    -1.0203520918633231e-07,
    -4.715807658374242e-08,
    -5.200068484950081e-08,
    9.630141501434758e-06,
    3.372670923870177e-06,
    -2.574364878101407e-07,
    3.966337327359399e-06
  ],
  "magic_gates": [],
  "median_time": 0.1109311580657959,
  "mad_time": 0.002917051315307617,
  "input_arguments": {
    "backend": "qibotn",
    "max_bond_dim": 16,
    "replacement_probability": 0.0,
    "nqubits": 30,
    "nlayers": 3,
    "nruns": 10,
    "rng_seed": 42,
    "set_initial_state": true,
    "platform": "quimb",
    "dry_run_discarded": true
  }
}