{
  "measured_observable": "ZXZXZXZXZX",
  "times": [
    0.03748202323913574,
    0.036525726318359375,
    0.03706693649291992,
    0.03647494316101074,
    0.03689217567443848,
    0.03626585006713867,
    0.05297088623046875,
    0.03660726547241211,
    0.036234140396118164,
    0.036383867263793945
  ],
  "expvals": [
    0.008365270681679249,
    0.03465336188673973,
    -0.07852411270141602,
    0.00013792728714179248,
    -0.0243254154920578,
    0.01402357593178749,
    0.0006486861384473741,
    0.09623179584741592,
    0.000188382706255652,
    0.03182763606309891
  ],
  "magic_gates": [],
  "median_time": 0.03656649589538574,
  "mad_time": 0.00031316280364990234,
  "input_arguments": {
    "backend": "qibotn",
    "max_bond_dim": 4,
    "replacement_probability": 0.75,
    "nqubits": 10,
    "nlayers": 3,
    "nruns": 10,
    "rng_seed": 42,
    "set_initial_state": true,
    "platform": "quimb",
    "dry_run_discarded": true
  }
}
