{
  "measured_observable": "ZXZXZXZX",
  "times": [
    0.008199930191040039,
    0.007893085479736328,
    0.007858753204345703,
    0.007835865020751953,
    0.007964849472045898,
    0.0077631473541259766,
    0.008857011795043945,
    0.009020090103149414,
    0.007748126983642578,
    0.008048057556152344
  ],
  "expvals": [
    -0.17001384496688843,
    -0.04073180630803108,
    -0.00037266607978381217,
    0.0006359599647112191,
    0.0052717626094818115,
    0.017940597608685493,
    -0.0006114246207289398,
    -0.001749703660607338,
    -0.014824938960373402,
    0.0001464999804738909
  ],
  "magic_gates": [],
  "median_time": 0.007928967475891113,
  "mad_time": 0.0001424551010131836,
  "input_arguments": {
    "backend": "qibotn",
    "max_bond_dim": 8,
    "replacement_probability": 0.5,
    "nqubits": 8,
    "nlayers": 3,
    "nruns": 10,
    "rng_seed": 42,
    "set_initial_state": true,
    "platform": "quimb",
    "dry_run_discarded": true
  }
}
