{
  "measured_observable": "ZXZXZXZX",
  "times": [
    0.013968944549560547,
    0.016126155853271484,
    0.014215230941772461,
    0.012314081192016602,
    0.008688211441040039,
    0.017500877380371094,
    0.014178037643432617,
    0.01772785186767578,
    0.013844966888427734,
    0.013746023178100586
  ],
  "expvals": [
    0.006881065924851058,
    -7.063940782431003e-52,
    7.05945600359847e-32,
    2.232042081508961e-22,
    -0.015583903231183608,
    5.494938031365011e-19,
    -2.5249836830932377e-05,
    -0.009611816575286765,
    0.09979175384321479,
    -0.020341466874178888
  ],
  "magic_gates": [
    6,
    7,
    6,
    5,
    3,
    8,
    6,
    8,
    6,
    6
  ],
  "median_time": 0.014073491096496582,
  "mad_time": 0.0010434389114379883,
  "ave_magic_gates": 6.1,
  "input_arguments": {
    "backend": "mpstab",
    "max_bond_dim": 2,
    "replacement_probability": 0.5,
    "nqubits": 8,
    "nlayers": 3,
    "nruns": 10,
    "rng_seed": 42,
    "set_initial_state": true,
    "platform": "None",
    "dry_run_discarded": true
  }
}
