{
  "measured_observable": "ZXZXZXZXZX",
  "times": [
    0.03743481636047363,
    0.036157846450805664,
    0.036797285079956055,
    0.03879809379577637,
    0.03804326057434082,
    0.03653287887573242,
    0.05345630645751953,
    0.036673784255981445,
    0.03638505935668945,
    0.03654813766479492
  ],
  "expvals": [
    -0.009768771007657051,
    0.0072827208787202835,
    -0.03270108252763748,
    -0.0002470411127433181,
    0.004264097660779953,
    0.002836290281265974,
    -0.0004605947178788483,
    0.004744453355669975,
    -0.0010939636267721653,
    0.1059841513633728
  ],
  "magic_gates": [],
  "median_time": 0.03673553466796875,
  "mad_time": 0.0004640817642211914,
  "input_arguments": {
    "backend": "qibotn",
    "max_bond_dim": 4,
    "replacement_probability": 0.99,
    "nqubits": 10,
    "nlayers": 3,
    "nruns": 10,
    "rng_seed": 42,
    "set_initial_state": true,
    "platform": "quimb",
    "dry_run_discarded": true
  }
}
