{
  "measured_observable": "ZXZXZXZXZXZXZXZXZXZXZXZXZXZXZXZXZXZXZXZXZXZXZXZXZXZXZXZXZXZX",
  "times": [
    0.199554443359375,
    0.19700932502746582,
    0.30718135833740234,
    0.19644594192504883,
    0.19673895835876465,
    0.31581830978393555,
    0.19731378555297852,
    0.19784164428710938,
    0.3326752185821533,
    0.19739675521850586
  ],
  "expvals": [
    -2.715223326532557e-10,
    -6.882276109569243e-11,
    8.034853340854301e-13,
    -1.889475876525411e-10,
    -1.2629856628089454e-10,
    -4.998091372195527e-12,
    2.2612485063625056e-11,
    4.967003015715986e-12,
    -3.421245589169551e-14,
    1.2576746664317252e-10
  ],
  "magic_gates": [],
  "median_time": 0.19761919975280762,
  "mad_time": 0.001026749610900879,
  "input_arguments": {
    "backend": "qibotn",
    "max_bond_dim": 64,
    "replacement_probability": 0.0,
    "nqubits": 60,
    "nlayers": 3,
    "nruns": 10,
    "rng_seed": 42,
    "set_initial_state": true,
    "platform": "quimb",
    "dry_run_discarded": true
  }
}