{
  "measured_observable": "ZXZXZXZXZXZXZXZXZXZXZXZXZXZXZXZXZXZXZXZX",
  "times": [
    0.1485135555267334,
    0.14635491371154785,
    0.1463484764099121,
    0.14587163925170898,
    0.25962352752685547,
    0.1487598419189453,
    0.14651799201965332,
    0.14639902114868164,
    0.15852594375610352,
    0.26564836502075195
  ],
  "expvals": [
    -1.149435296666936e-10,
    -1.1208726116351172e-09,
    2.0167891238321115e-08,
    -4.545164606419028e-07,
    -5.676469965983905e-09,
    -3.9775895640783594e-07,
    -2.1003065425417133e-10,
    -1.0424225746036683e-07,
    2.5548392031309273e-06,
    -1.2431513360344882e-07
  ],
  "magic_gates": [],
  "median_time": 0.14751577377319336,
  "mad_time": 0.0012056827545166016,
  "input_arguments": {
    "backend": "qibotn",
    "max_bond_dim": 128,
    "replacement_probability": 0.0,
    "nqubits": 40,
    "nlayers": 3,
    "nruns": 10,
    "rng_seed": 42,
    "set_initial_state": true,
    "platform": "quimb",
    "dry_run_discarded": true
  }
}