{
  "measured_observable": "ZXZXZXZXZXZXZXZXZXZXZXZXZXZXZXZXZXZXZXZXZXZXZXZXZXZXZXZ",
  "times": [
    0.31264567375183105,
    0.18551349639892578,
    0.18488669395446777,
    0.18602228164672852,
    0.3145265579223633,
    0.18524432182312012,
    0.18357348442077637,
    0.3177669048309326,
    0.18506574630737305,
    0.19827771186828613
  ],
  "expvals": [
    5.56386978031648e-10,
    4.634099199931685e-11,
    -2.5547995739443686e-10,
    -1.4992773662459323e-10,
    5.066701416534367e-11,
    9.212606940461292e-14,
    3.0287585654473744e-10,
    2.9171243538327875e-10,
    1.4067019098029203e-08,
    -1.808796104097649e-10
  ],
  "magic_gates": [],
  "median_time": 0.18576788902282715,
  "mad_time": 0.0015377998352050781,
  "input_arguments": {
    "backend": "qibotn",
    "max_bond_dim": 1024,
    "replacement_probability": 0.0,
    "nqubits": 55,
    "nlayers": 3,
    "nruns": 10,
    "rng_seed": 42,
    "set_initial_state": true,
    "platform": "quimb",
    "dry_run_discarded": true
  }
}