{
  "measured_observable": "ZXZXZXZXZX",
  "times": [
    0.011085033416748047,
    0.02060985565185547,
    0.028815746307373047,
    0.013582944869995117,
    0.02697300910949707,
    0.015578269958496094,
    0.015891075134277344,
    0.029994964599609375,
    0.014932394027709961,
    0.0081939697265625
  ],
  "expvals": [
    0.0,
    -1.0455407303863205e-32,
    2.0951028054209187e-05,
    -5.659715084689548e-32,
    2.0225916893942336e-05,
    0.0,
    -0.0018865364928823897,
    0.03799894048141626,
    -1.830248494706642e-33,
    0.030535460588148808
  ],
  "magic_gates": [
    3,
    7,
    10,
    4,
    9,
    5,
    5,
    11,
    5,
    2
  ],
  "median_time": 0.01573467254638672,
  "mad_time": 0.004762411117553711,
  "ave_magic_gates": 6.1,
  "input_arguments": {
    "backend": "mpstab",
    "max_bond_dim": 16,
    "replacement_probability": 0.25,
    "nqubits": 10,
    "nlayers": 3,
    "nruns": 10,
    "rng_seed": 42,
    "set_initial_state": true,
    "platform": "None",
    "dry_run_discarded": true
  }
}
