{
  "measured_observable": "ZXZXZXZXZXZXZXZXZXZXZXZXZXZXZXZXZXZXZXZXZXZXZXZXZXZXZXZXZXZXZXZXZXZXZXZXZXZXZXZXZXZXZXZXZX",
  "times": [
    0.29906201362609863,
    0.44002747535705566,
    0.29604029655456543,
    0.4382004737854004,
    0.2969057559967041,
    0.436415433883667,
    0.29781365394592285,
    0.43097448348999023,
    0.3013010025024414,
    0.44526004791259766
  ],
  "expvals": [
    6.962664189800543e-20,
    1.301106310142714e-20,
    3.500637571280729e-20,
    -4.308305915137831e-17,
    1.1741022590563888e-17,
    2.195847256939926e-18,
    4.383997221394794e-19,
    5.884255515801835e-22,
    1.3226286385223138e-18,
    -9.465479398448442e-20
  ],
  "magic_gates": [],
  "median_time": 0.3661377429962158,
  "mad_time": 0.06966471672058105,
  "input_arguments": {
    "backend": "qibotn",
    "max_bond_dim": 4,
    "replacement_probability": 0.0,
    "nqubits": 90,
    "nlayers": 3,
    "nruns": 10,
    "rng_seed": 42,
    "set_initial_state": true,
    "platform": "quimb",
    "dry_run_discarded": true
  }
}