{
  "measured_observable": "ZXZXZXZXZX",
  "times": [
    0.0367431640625,
    0.1287245750427246,
    0.041228532791137695,
    0.16365671157836914,
    0.03565192222595215,
    0.03556108474731445,
    0.03567004203796387,
    0.03531146049499512,
    0.03529095649719238,
    0.03582000732421875
  ],
  "expvals": [
    0.0011242490132508394,
    0.000360053652009972,
    -0.03754519703324124,
    -0.010925122838851255,
    -0.05876217470752651,
    0.10687700478868808,
    0.027877092962858622,
    0.014479397217819219,
    -0.04751902631519968,
    -0.010841055689043038
  ],
  "magic_gates": [],
  "median_time": 0.03574502468109131,
  "mad_time": 0.0004438161849975586,
  "input_arguments": {
    "backend": "qibotn",
    "max_bond_dim": 8,
    "replacement_probability": 0.0,
    "nqubits": 10,
    "nlayers": 3,
    "nruns": 10,
    "rng_seed": 42,
    "set_initial_state": true,
    "platform": "quimb",
    "dry_run_discarded": true
  }
}