{
  "measured_observable": "ZXZXZXZXZX",
  "times": [
    0.05000019073486328,
    0.037980079650878906,
    0.05724978446960449,
    0.03665518760681152,
    0.03658294677734375,
    0.03639388084411621,
    0.04836773872375488,
    0.03648686408996582,
    0.036767005920410156,
    0.03620409965515137
  ],
  "expvals": [
    2.048529277660265e-15,
    5.753964416044255e-08,
    -0.16221363842487335,
    0.0030620477627962828,
    -1.2958851769440116e-09,
    -4.1829186852936724e-17,
    -1.2493524213764116e-17,
    8.436448154652831e-19,
    -0.0038851408753544092,
    -0.06800416111946106
  ],
  "magic_gates": [],
  "median_time": 0.03671109676361084,
  "mad_time": 0.0004121065139770508,
  "input_arguments": {
    "backend": "qibotn",
    "max_bond_dim": 8,
    "replacement_probability": 0.0,
    "nqubits": 10,
    "nlayers": 3,
    "nruns": 10,
    "rng_seed": 42,
    "set_initial_state": true,
    "platform": "quimb",
    "dry_run_discarded": true
  }
}
