{
  "measured_observable": "ZXZXZXZX",
  "times": [
    0.012498855590820312,
    0.010946989059448242,
    0.0065059661865234375,
    0.010515928268432617,
    0.008619070053100586,
    0.008301258087158203,
    0.01984095573425293,
    0.01023101806640625,
    0.010679006576538086,
    0.012143135070800781
  ],
  "expvals": [
    0.0002106826525728554,
    -0.02330863498636191,
    1.6197437019620837e-37,
    1.6075319344933223e-07,
    -0.02118208585627328,
    5.881830319955391e-18,
    0.0028677953500856404,
    -2.8470186054778e-66,
    0.046688395355926206,
    7.00567042710787e-05
  ],
  "magic_gates": [
    5,
    4,
    2,
    4,
    3,
    3,
    9,
    4,
    4,
    5
  ],
  "median_time": 0.010597467422485352,
  "mad_time": 0.0017235279083251953,
  "ave_magic_gates": 4.3,
  "input_arguments": {
    "backend": "mpstab",
    "max_bond_dim": 2,
    "replacement_probability": 0.75,
    "nqubits": 8,
    "nlayers": 3,
    "nruns": 10,
    "rng_seed": 42,
    "set_initial_state": true,
    "platform": "None",
    "dry_run_discarded": true
  }
}
