{
  "measured_observable": "ZXZXZXZXZXZX",
  "times": [
    0.019752979278564453,
    0.026124000549316406,
    0.019083023071289062,
    0.03542923927307129,
    0.02210521697998047,
    0.022885799407958984,
    0.05003809928894043,
    0.03301191329956055,
    0.0323178768157959,
    0.019671201705932617
  ],
  "expvals": [
    0.0,
    -0.00685120772867037,
    0.0,
    0.00010972527596651383,
    -1.811872909044597e-17,
    -0.08071356532632078,
    -0.042610447733348336,
    4.8273311115535516e-20,
    0.008427378034932294,
    -0.00017879630441049735
  ],
  "magic_gates": [
    5,
    7,
    5,
    10,
    6,
    6,
    15,
    3,
    9,
    5
  ],
  "median_time": 0.024504899978637695,
  "mad_time": 0.0051277875900268555,
  "ave_magic_gates": 7.1,
  "input_arguments": {
    "backend": "mpstab",
    "max_bond_dim": 8,
    "replacement_probability": 0.25,
    "nqubits": 12,
    "nlayers": 3,
    "nruns": 10,
    "rng_seed": 42,
    "set_initial_state": true,
    "platform": "None",
    "dry_run_discarded": true
  }
}
