{
  "measured_observable": "ZXZXZXZXZXZXZXZXZXZX",
  "times": [
    1.1856019496917725,
    1.5777509212493896,
    1.3598809242248535,
    1.687751054763794,
    1.842933177947998,
    0.9106895923614502,
    0.8155031204223633,
    2.189145088195801,
    1.602086067199707,
    3.3465027809143066
  ],
  "expvals": [
    0.0005169760937155562,
    -3.8624502497276573e-07,
    -8.372437776658282e-07,
    0.0018181663741595538,
    3.0026503709983395e-05,
    -3.2739332984693e-06,
    -9.442507057623269e-05,
    4.847731136878409e-07,
    0.0005188236865246595,
    1.5560618811500022e-06
  ],
  "magic_gates": [
    355,
    349,
    355,
    344,
    347,
    356,
    353,
    334,
    344,
    362
  ],
  "median_time": 1.5899184942245483,
  "mad_time": 0.3286656141281128,
  "ave_magic_gates": 349.9,
  "input_arguments": {
    "backend": "mpstab",
    "max_bond_dim": null,
    "replacement_probability": 0.75,
    "nqubits": 20,
    "nlayers": 10,
    "nruns": 10,
    "rng_seed": 42,
    "set_initial_state": true,
    "platform": [
      "quimb",
      "native_stab"
    ],
    "dry_run_discarded": true
  }
}