{
  "measured_observable": "ZXZXZXZXZX",
  "times": [
    0.04802703857421875,
    0.03660893440246582,
    0.035806894302368164,
    0.03580594062805176,
    0.03946495056152344,
    0.03634977340698242,
    0.035490989685058594,
    0.035759925842285156,
    0.03608512878417969,
    0.036087989807128906
  ],
  "expvals": [
    -4.4552980398293585e-05,
    -0.02003730647265911,
    0.0012701404048129916,
    -1.0358024155721068e-05,
    0.010194222442805767,
    2.7402396881370805e-05,
    -0.0007689363555982709,
    -7.109664147719741e-05,
    2.910746559336985e-07,
    0.018857110291719437
  ],
  "magic_gates": [],
  "median_time": 0.0360865592956543,
  "mad_time": 0.00030362606048583984,
  "input_arguments": {
    "backend": "qibotn",
    "max_bond_dim": 2,
    "replacement_probability": 0.99,
    "nqubits": 10,
    "nlayers": 3,
    "nruns": 10,
    "rng_seed": 42,
    "set_initial_state": true,
    "platform": "quimb",
    "dry_run_discarded": true
  }
}
