{
  "measured_observable": "ZXZXZXZX",
  "times": [
    0.014064788818359375,
    0.016029834747314453,
    0.014130830764770508,
    0.012068986892700195,
    0.008574962615966797,
    0.017560958862304688,
    0.014635086059570312,
    0.018146991729736328,
    0.013890981674194336,
    0.013712882995605469
  ],
  "expvals": [
    0.007392316071966645,
    7.821293983227447e-16,
    1.4353201940076203e-18,
    -8.95697577470885e-34,
    -0.014785177491880202,
    4.998282752944162e-17,
    0.006579552216282571,
    -0.011201441738985875,
    0.11640754972792047,
    -0.01564826224335191
  ],
  "magic_gates": [
    6,
    7,
    6,
    5,
    3,
    8,
    6,
    8,
    6,
    6
  ],
  "median_time": 0.014097809791564941,
  "mad_time": 0.0012346506118774414,
  "ave_magic_gates": 6.1,
  "input_arguments": {
    "backend": "mpstab",
    "max_bond_dim": 4,
    "replacement_probability": 0.5,
    "nqubits": 8,
    "nlayers": 3,
    "nruns": 10,
    "rng_seed": 42,
    "set_initial_state": true,
    "platform": "None",
    "dry_run_discarded": true
  }
}
