{
  "measured_observable": "ZXZXZXZX",
  "times": [
    0.01158905029296875,
    0.007807016372680664,
    0.00848078727722168,
    0.0076258182525634766,
    0.007807016372680664,
    0.007678985595703125,
    0.007395029067993164,
    0.007578849792480469,
    0.007460117340087891,
    0.007315874099731445
  ],
  "expvals": [
    -0.22835154831409454,
    -4.187395177268627e-07,
    -0.001278355484828353,
    6.321731780190021e-05,
    -0.0011404247488826513,
    -0.005262419581413269,
    -9.957694668827344e-10,
    -0.012053370475769043,
    -2.5267395157245725e-16,
    9.76188531051636e-17
  ],
  "magic_gates": [],
  "median_time": 0.007652401924133301,
  "mad_time": 0.00017344951629638672,
  "input_arguments": {
    "backend": "qibotn",
    "max_bond_dim": 4,
    "replacement_probability": 0.0,
    "nqubits": 8,
    "nlayers": 3,
    "nruns": 10,
    "rng_seed": 42,
    "set_initial_state": true,
    "platform": "quimb",
    "dry_run_discarded": true
  }
}
