{
  "measured_observable": "ZXZX",
  "times": [
    0.0032830238342285156,
    0.003498077392578125,
    0.002093076705932617,
    0.002938985824584961,
    0.0021619796752929688,
    0.0032923221588134766,
    0.0030117034912109375,
    0.0039501190185546875,
    0.0036890506744384766,
    0.0012269020080566406
  ],
  "expvals": [
    -0.1170925053376326,
    0.6635227794309893,
    -0.023343071904210342,
    0.8825923605888626,
    0.049285065200280614,
    0.05835808980826044,
    0.11572525798123462,
    -0.6606725512471444,
    0.0012114241815803957,
    -0.5016791532993093
  ],
  "magic_gates": [
    1,
    2,
    1,
    2,
    1,
    2,
    2,
    3,
    3,
    0
  ],
  "median_time": 0.0031473636627197266,
  "mad_time": 0.0004462003707885742,
  "ave_magic_gates": 1.7,
  "input_arguments": {
    "backend": "mpstab",
    "max_bond_dim": 2,
    "replacement_probability": 0.25,
    "nqubits": 4,
    "nlayers": 3,
    "nruns": 10,
    "rng_seed": 42,
    "set_initial_state": true,
    "platform": "None",
    "dry_run_discarded": true
  }
}
