{
  "measured_observable": "ZXZX",
  "times": [
    0.004406929016113281,
    0.0023717880249023438,
    0.003913164138793945,
    0.002929210662841797,
    0.0038170814514160156,
    0.004862308502197266,
    0.0014369487762451172,
    0.0023298263549804688,
    0.006426811218261719,
    0.003136157989501953
  ],
  "expvals": [
    -0.18526326513947539,
    0.7938736594524636,
    0.05123008979839161,
    0.8314469380711147,
    -0.10695004777293393,
    0.15075395068368913,
    0.16589904970477656,
    -0.05466839303561924,
    0.33612902820795637,
    -0.45852894035147457
  ],
  "magic_gates": [
    3,
    1,
    3,
    2,
    3,
    4,
    0,
    1,
    6,
    2
  ],
  "median_time": 0.0034766197204589844,
  "mad_time": 0.0010175704956054688,
  "ave_magic_gates": 2.5,
  "input_arguments": {
    "backend": "mpstab",
    "max_bond_dim": 4,
    "replacement_probability": 0.75,
    "nqubits": 4,
    "nlayers": 3,
    "nruns": 10,
    "rng_seed": 42,
    "set_initial_state": true,
    "platform": "None",
    "dry_run_discarded": true
  }
}
