{
  "measured_observable": "ZXZXZXZXZXZXZXZXZXZX",
  "times": [
    1.1333425045013428,
    1.1216161251068115,
    1.1260809898376465,
    1.1095292568206787,
    1.1210410594940186,
    1.1652629375457764,
    1.1435737609863281,
    1.1023921966552734,
    1.1331582069396973,
    1.1350409984588623
  ],
  "expvals": [
    2.2417578983781134e-07,
    0.00013594989023534663,
    1.2078723008340665e-05,
    0.00028681791637810125,
    4.5136512600222695e-05,
    1.9410389435298922e-05,
    -1.1307705695518186e-05,
    1.2549675099071502e-05,
    5.289274176840867e-05,
    5.70980979032881e-05
  ],
  "magic_gates": [
    60,
    60,
    60,
    60,
    60,
    60,
    60,
    60,
    60,
    60
  ],
  "median_time": 1.1296195983886719,
  "mad_time": 0.008291006088256836,
  "ave_magic_gates": 60.0,
  "input_arguments": {
    "backend": "mpstab",
    "max_bond_dim": 8,
    "replacement_probability": 0.0,
    "nqubits": 20,
    "nlayers": 3,
    "nruns": 10,
    "rng_seed": 42,
    "set_initial_state": true,
    "platform": "None",
    "dry_run_discarded": true
  }
}