{
  "measured_observable": "ZXZXZXZX",
  "times": [
    0.009456157684326172,
    0.014061927795410156,
    0.007529020309448242,
    0.007421255111694336,
    0.0071620941162109375,
    0.007480144500732422,
    0.007150173187255859,
    0.007402896881103516,
    0.007195949554443359,
    0.007236957550048828
  ],
  "expvals": [
    0.05682627484202385,
    -0.015603405423462391,
    0.00031263454002328217,
    0.04683463275432587,
    0.0001746534398989752,
    -4.482277518036426e-07,
    -0.0002131812070729211,
    -0.019106656312942505,
    6.3577722357877064e-06,
    -0.0001360591413686052
  ],
  "magic_gates": [],
  "median_time": 0.007412075996398926,
  "mad_time": 0.00019562244415283203,
  "input_arguments": {
    "backend": "qibotn",
    "max_bond_dim": 2,
    "replacement_probability": 0.75,
    "nqubits": 8,
    "nlayers": 3,
    "nruns": 10,
    "rng_seed": 42,
    "set_initial_state": true,
    "platform": "quimb",
    "dry_run_discarded": true
  }
}
