{
  "measured_observable": "ZXZXZX",
  "times": [
    0.005850791931152344,
    0.005064964294433594,
    0.004869937896728516,
    0.004873991012573242,
    0.005681276321411133,
    0.0049591064453125,
    0.004881858825683594,
    0.0049800872802734375,
    0.004827976226806641,
    0.005528926849365234
  ],
  "expvals": [
    3.816610387730179e-06,
    0.041978996247053146,
    0.01469855010509491,
    3.5677527193911374e-05,
    -6.591949208711867e-17,
    3.2645355076965643e-06,
    0.14217300713062286,
    -0.2746264338493347,
    7.506493489017885e-07,
    -0.039511293172836304
  ],
  "magic_gates": [],
  "median_time": 0.004969596862792969,
  "mad_time": 9.763240814208984e-05,
  "input_arguments": {
    "backend": "qibotn",
    "max_bond_dim": 4,
    "replacement_probability": 0.0,
    "nqubits": 6,
    "nlayers": 3,
    "nruns": 10,
    "rng_seed": 42,
    "set_initial_state": true,
    "platform": "quimb",
    "dry_run_discarded": true
  }
}
