{
  "measured_observable": "ZXZXZXZXZX",
  "times": [
    0.05361318588256836,
    0.039406776428222656,
    0.051918983459472656,
    0.039546966552734375,
    0.051915884017944336,
    0.03910112380981445,
    0.05401134490966797,
    0.03883171081542969,
    0.03859114646911621,
    0.038695335388183594
  ],
  "expvals": [
    0.03122173622250557,
    0.005197359714657068,
    -0.13237743079662323,
    0.005556909367442131,
    0.0011252579279243946,
    0.002328478964045644,
    -0.0015795035287737846,
    0.017422934994101524,
    0.0027795545756816864,
    0.11314205825328827
  ],
  "magic_gates": [],
  "median_time": 0.039476871490478516,
  "mad_time": 0.0008336305618286133,
  "input_arguments": {
    "backend": "qibotn",
    "max_bond_dim": 16,
    "replacement_probability": 0.75,
    "nqubits": 10,
    "nlayers": 3,
    "nruns": 10,
    "rng_seed": 42,
    "set_initial_state": true,
    "platform": "quimb",
    "dry_run_discarded": true
  }
}
