{
  "measured_observable": "ZXZXZXZXZXZX",
  "times": [
    0.03399395942687988,
    0.029557228088378906,
    0.02384185791015625,
    0.060452938079833984,
    0.055301666259765625,
    0.03763389587402344,
    0.02280712127685547,
    0.0514531135559082,
    0.027405261993408203,
    0.037908077239990234
  ],
  "expvals": [
    -3.0790249460262094e-48,
    0.004136772184987896,
    -1.0535036905035507e-48,
    -1.4445854658185258e-07,
    -0.004547495905653309,
    -0.031777392658742326,
    0.008794961400910257,
    -8.446696781247958e-06,
    3.308625901736936e-48,
    0.0005231481820715037
  ],
  "magic_gates": [
    10,
    8,
    6,
    12,
    12,
    11,
    6,
    12,
    7,
    10
  ],
  "median_time": 0.03581392765045166,
  "mad_time": 0.010190367698669434,
  "ave_magic_gates": 9.4,
  "input_arguments": {
    "backend": "mpstab",
    "max_bond_dim": 32,
    "replacement_probability": 0.5,
    "nqubits": 12,
    "nlayers": 3,
    "nruns": 10,
    "rng_seed": 42,
    "set_initial_state": true,
    "platform": "None",
    "dry_run_discarded": true
  }
}
