{
  "measured_observable": "ZXZXZXZX",
  "times": [
    0.003038167953491211,
    0.002543926239013672,
    0.0025491714477539062,
    0.0025131702423095703,
    0.002949237823486328,
    0.0025110244750976562,
    0.0025060176849365234,
    0.0025069713592529297,
    0.0024797916412353516,
    0.0025331974029541016
  ],
  "expvals": [
    0.06190853983728752,
    0.0,
    -1.2957949615696666e-36,
    6.132994969364938e-38,
    -0.0188417964695616,
    -8.647506723811684e-35,
    0.0,
    0.0,
    -0.013979350644128663,
    -0.0019691381583570875
  ],
  "magic_gates": [
    0,
    0,
    0,
    0,
    0,
    0,
    0,
    0,
    0,
    0
  ],
  "median_time": 0.002523183822631836,
  "mad_time": 1.895427703857422e-05,
  "ave_magic_gates": 0.0,
  "input_arguments": {
    "backend": "mpstab",
    "max_bond_dim": 2,
    "replacement_probability": 0.0,
    "nqubits": 8,
    "nlayers": 3,
    "nruns": 10,
    "rng_seed": 42,
    "set_initial_state": true,
    "platform": "None",
    "dry_run_discarded": true
  }
}
