{
  "measured_observable": "ZXZXZXZXZXZX",
  "times": [
    1.9021170139312744,
    1.858119249343872,
    1.765192985534668,
    1.7720098495483398,
    1.6004829406738281,
    1.601269006729126,
    1.7710766792297363,
    1.9056639671325684,
    1.7727291584014893,
    1.6043989658355713
  ],
  "expvals": [
    2.3396108794347843e-17,
    6.301925127571995e-19,
    2.1933071136202853e-17,
    9.950366023148203e-17,
    -2.1163626406917047e-16,
    -3.63207727782644e-18,
    -2.0643209364124004e-16,
    9.316703260246676e-22,
    4.573977915173222e-19,
    -5.421010862427522e-19
  ],
  "magic_gates": [],
  "median_time": 1.771543264389038,
  "mad_time": 0.10857486724853516,
  "input_arguments": {
    "backend": "qibotn",
    "max_bond_dim": 32,
    "replacement_probability": 0.0,
    "nqubits": 12,
    "nlayers": 3,
    "nruns": 10,
    "rng_seed": 42,
    "set_initial_state": true,
    "platform": "quimb",
    "dry_run_discarded": true
  }
}
