{
  "measured_observable": "ZXZXZXZXZXZXZXZXZXZXZXZXZXZXZXZXZXZXZXZXZXZXZXZXZXZXZXZXZXZXZXZXZXZXZXZXZXZXZXZX",
  "times": [
    17.532660961151123,
    17.484285354614258,
    17.50901222229004,
    17.59203863143921,
    17.482959270477295,
    17.514760494232178,
    17.60150146484375,
    17.594726085662842,
    17.495401620864868,
    17.645932912826538
  ],
  "expvals": [
    3.1831599971853175e-28,
    1.0249972043777987e-24,
    -3.816901664345903e-30,
    6.199121327096013e-26,
    5.65000016473438e-23,
    3.2185345953806256e-30,
    4.6906926883810025e-33,
    6.89577004729556e-29,
    -5.218324470029038e-27,
    6.566921881396639e-28
  ],
  "magic_gates": [
    240,
    240,
    240,
    240,
    240,
    240,
    240,
    240,
    240,
    240
  ],
  "median_time": 17.52371072769165,
  "mad_time": 0.04008841514587402,
  "ave_magic_gates": 240.0,
  "input_arguments": {
    "backend": "mpstab",
    "max_bond_dim": 4,
    "replacement_probability": 0.0,
    "nqubits": 80,
    "nlayers": 3,
    "nruns": 10,
    "rng_seed": 42,
    "set_initial_state": true,
    "platform": "None",
    "dry_run_discarded": true
  }
}