{
  "measured_observable": "ZXZXZXZX",
  "times": [
    0.009784698486328125,
    0.009191274642944336,
    0.00735020637512207,
    0.0075168609619140625,
    0.009098052978515625,
    0.007183074951171875,
    0.00908803939819336,
    0.007467985153198242,
    0.007570028305053711,
    0.007169961929321289
  ],
  "expvals": [
    -0.2207256406545639,
    0.0004948220448568463,
    1.651873859916884e-16,
    -0.00022563524544239044,
    -9.330206746094305e-12,
    -0.0003054600674659014,
    -1.0736893940915326e-35,
    -0.0365961417555809,
    -2.613841944936124e-20,
    0.0
  ],
  "magic_gates": [],
  "median_time": 0.007543444633483887,
  "mad_time": 0.0003669261932373047,
  "input_arguments": {
    "backend": "qibotn",
    "max_bond_dim": 2,
    "replacement_probability": 0.0,
    "nqubits": 8,
    "nlayers": 3,
    "nruns": 10,
    "rng_seed": 42,
    "set_initial_state": true,
    "platform": "quimb",
    "dry_run_discarded": true
  }
}
