{
  "measured_observable": "ZXZX",
  "times": [
    0.004439115524291992,
    0.0023801326751708984,
    0.0038089752197265625,
    0.003023862838745117,
    0.003913164138793945,
    0.0051059722900390625,
    0.0014429092407226562,
    0.002359151840209961,
    0.006396055221557617,
    0.0031197071075439453
  ],
  "expvals": [
    -0.18526326513947539,
    0.7938736594524636,
    0.05123008979839161,
    0.8314469380711147,
    -0.0988045259818784,
    -0.0399418624612071,
    0.16589904970477656,
    -0.05466839303561924,
    0.30651514481568387,
    -0.45852894035147457
  ],
  "magic_gates": [
    3,
    1,
    3,
    2,
    3,
    4,
    0,
    1,
    6,
    2
  ],
  "median_time": 0.003464341163635254,
  "mad_time": 0.0010294914245605469,
  "ave_magic_gates": 2.5,
  "input_arguments": {
    "backend": "mpstab",
    "max_bond_dim": 2,
    "replacement_probability": 0.75,
    "nqubits": 4,
    "nlayers": 3,
    "nruns": 10,
    "rng_seed": 42,
    "set_initial_state": true,
    "platform": "None",
    "dry_run_discarded": true
  }
}
