{
  "measured_observable": "ZXZXZX",
  "times": [
    0.009654998779296875,
    0.0050389766693115234,
    0.005055904388427734,
    0.004778861999511719,
    0.004928112030029297,
    0.004765987396240234,
    0.004782915115356445,
    0.0048427581787109375,
    0.004809141159057617,
    0.004790067672729492
  ],
  "expvals": [
    0.0017478103982284665,
    -0.0016498664626851678,
    -0.004690106958150864,
    0.033064838498830795,
    -0.00037691748002544045,
    -0.0017543709836900234,
    0.005799703299999237,
    -0.3150655925273895,
    -0.00014425948029384017,
    -0.0010011836420744658
  ],
  "magic_gates": [],
  "median_time": 0.004825949668884277,
  "mad_time": 5.352497100830078e-05,
  "input_arguments": {
    "backend": "qibotn",
    "max_bond_dim": 2,
    "replacement_probability": 0.5,
    "nqubits": 6,
    "nlayers": 3,
    "nruns": 10,
    "rng_seed": 42,
    "set_initial_state": true,
    "platform": "quimb",
    "dry_run_discarded": true
  }
}
