{
  "measured_observable": "ZXZXZXZXZXZXZXZXZXZX",
  "times": [
    0.07883691787719727,
    0.07732510566711426,
    0.07742977142333984,
    0.07709383964538574,
    0.0772709846496582,
    0.07719612121582031,
    0.07777643203735352,
    0.07751321792602539,
    0.07723236083984375,
    0.07746315002441406
  ],
  "expvals": [
    4.10891686431103e-05,
    -7.75474510484641e-06,
    0.0008138195273926521,
    -8.507175355367835e-06,
    0.0008478127972813834,
    -0.0011330492956602423,
    -2.8809520687795504e-05,
    9.340548538299346e-05,
    -0.00010201825370383528,
    -0.0015280170407654897
  ],
  "magic_gates": [],
  "median_time": 0.07737743854522705,
  "mad_time": 0.0001404285430908203,
  "input_arguments": {
    "backend": "qibotn",
    "max_bond_dim": 16,
    "replacement_probability": 0.0,
    "nqubits": 20,
    "nlayers": 3,
    "nruns": 10,
    "rng_seed": 42,
    "set_initial_state": true,
    "platform": "quimb",
    "dry_run_discarded": true
  }
}