{
  "measured_observable": "ZXZXZXZXZXZXZXZXZXZX",
  "times": [
    0.15192008018493652,
    0.15021133422851562,
    0.14945507049560547,
    0.15040850639343262,
    0.1514725685119629,
    0.15030717849731445,
    0.15073442459106445,
    0.1543567180633545,
    0.15063047409057617,
    0.15984392166137695
  ],
  "expvals": [
    4.108916864311023e-05,
    -7.75474510484642e-06,
    0.000813819527392651,
    -8.507175355367629e-06,
    0.0008478127972813815,
    -0.0011330492956602401,
    -2.8809520687795633e-05,
    9.340548538299358e-05,
    -0.00010201825370383482,
    -0.0015280170407654882
  ],
  "magic_gates": [],
  "median_time": 0.1506824493408203,
  "mad_time": 0.0006306171417236328,
  "input_arguments": {
    "backend": "qibotn",
    "max_bond_dim": 512,
    "replacement_probability": 0.0,
    "nqubits": 20,
    "nlayers": 3,
    "nruns": 10,
    "rng_seed": 42,
    "set_initial_state": true,
    "platform": "quimb",
    "dry_run_discarded": true
  }
}