{
  "measured_observable": "ZXZXZXZXZXZXZXZXZXZXZXZXZXZXZXZXZXZ",
  "times": [
    0.2823145389556885,
    0.13407135009765625,
    0.13477230072021484,
    0.13492035865783691,
    0.1326282024383545,
    0.13306307792663574,
    0.26290059089660645,
    0.13510894775390625,
    0.13364720344543457,
    0.14272308349609375
  ],
  "expvals": [
    -5.992602587991488e-06,
    1.474224759238835e-08,
    -4.0546707665279397e-07,
    -3.523145874229865e-07,
    -4.0422904179971624e-06,
    2.133510174423068e-08,
    5.323662761278097e-10,
    0.00023452933915655094,
    2.20989058878436e-09,
    6.765807889422736e-09
  ],
  "magic_gates": [],
  "median_time": 0.13484632968902588,
  "mad_time": 0.0014911890029907227,
  "input_arguments": {
    "backend": "qibotn",
    "max_bond_dim": 512,
    "replacement_probability": 0.0,
    "nqubits": 35,
    "nlayers": 3,
    "nruns": 10,
    "rng_seed": 42,
    "set_initial_state": true,
    "platform": "quimb",
    "dry_run_discarded": true
  }
}