{
  "measured_observable": "ZXZXZXZXZX",
  "times": [
    0.018772363662719727,
    0.02900981903076172,
    0.021575927734375,
    0.01678180694580078,
    0.02418208122253418,
    0.028924942016601562,
    0.023797988891601562,
    0.017862796783447266,
    0.048864126205444336,
    0.029085159301757812
  ],
  "expvals": [
    0.01870320754846189,
    1.1760768142324858e-32,
    -0.013465810615514235,
    -0.061282077569912725,
    3.8320033110293626e-05,
    1.6557315106318157e-32,
    0.0051078119449919695,
    8.185202263645752e-34,
    0.001114704907806537,
    0.0029590246290709214
  ],
  "magic_gates": [
    6,
    10,
    7,
    5,
    8,
    10,
    8,
    6,
    10,
    10
  ],
  "median_time": 0.02399003505706787,
  "mad_time": 0.0050574541091918945,
  "ave_magic_gates": 8.0,
  "input_arguments": {
    "backend": "mpstab",
    "max_bond_dim": 8,
    "replacement_probability": 0.5,
    "nqubits": 10,
    "nlayers": 3,
    "nruns": 10,
    "rng_seed": 42,
    "set_initial_state": true,
    "platform": "None",
    "dry_run_discarded": true
  }
}
