{
  "measured_observable": "ZXZXZXZXZXZXZXZXZXZXZXZXZXZXZXZXZXZXZXZXZXZXZXZXZXZXZXZXZXZXZXZXZXZXZXZXZXZXZXZXZXZXZ",
  "times": [
    0.28386449813842773,
    0.4669990539550781,
    0.2799568176269531,
    0.46947503089904785,
    0.28234434127807617,
    0.28203845024108887,
    0.46721768379211426,
    0.2840855121612549,
    0.46602368354797363,
    0.293243408203125
  ],
  "expvals": [
    7.801538425643766e-20,
    9.46296085247917e-17,
    -1.1745523795231448e-20,
    -1.761094923502637e-17,
    -6.92260093742434e-18,
    -3.1524024679668096e-20,
    4.169355446301481e-21,
    -7.444294297696367e-25,
    2.6279940275722833e-18,
    2.1564354073337536e-16
  ],
  "magic_gates": [],
  "median_time": 0.28866446018218994,
  "mad_time": 0.007666826248168945,
  "input_arguments": {
    "backend": "qibotn",
    "max_bond_dim": 128,
    "replacement_probability": 0.0,
    "nqubits": 85,
    "nlayers": 3,
    "nruns": 10,
    "rng_seed": 42,
    "set_initial_state": true,
    "platform": "quimb",
    "dry_run_discarded": true
  }
}