{
  "measured_observable": "ZXZXZXZXZXZX",
  "times": [
    1.753415822982788,
    1.795231819152832,
    1.794565200805664,
    1.7639501094818115,
    1.603532075881958,
    1.7364931106567383,
    1.6037898063659668,
    1.7613780498504639,
    1.8300189971923828,
    1.853097915649414
  ],
  "expvals": [
    -0.04493417218327522,
    -1.7988222680287436e-05,
    3.090918515737508e-17,
    0.0010762845631688833,
    0.04804574325680733,
    -0.0003275871858932078,
    -6.9253413767511596e-18,
    -1.1470626050836142e-16,
    -2.8494188345634663e-18,
    -9.745175339048728e-05
  ],
  "magic_gates": [],
  "median_time": 1.7626640796661377,
  "mad_time": 0.03223443031311035,
  "input_arguments": {
    "backend": "qibotn",
    "max_bond_dim": 32,
    "replacement_probability": 0.25,
    "nqubits": 12,
    "nlayers": 3,
    "nruns": 10,
    "rng_seed": 42,
    "set_initial_state": true,
    "platform": "quimb",
    "dry_run_discarded": true
  }
}
