{
  "measured_observable": "ZXZXZXZXZXZXZXZXZXZXZXZXZXZXZXZXZXZXZXZXZXZXZXZXZXZXZXZ",
  "times": [
    0.21151375770568848,
    0.30074357986450195,
    0.18269968032836914,
    0.18311023712158203,
    0.30052947998046875,
    0.18304109573364258,
    0.1828622817993164,
    0.1829371452331543,
    0.3050844669342041,
    0.1821749210357666
  ],
  "expvals": [
    5.563869780316443e-10,
    4.634099199931686e-11,
    -2.5547995739444596e-10,
    -1.4992773662459281e-10,
    5.066701416534356e-11,
    9.212606940461966e-14,
    3.028758565447338e-10,
    2.917124353832778e-10,
    1.4067019098029208e-08,
    -1.808796104097645e-10
  ],
  "magic_gates": [],
  "median_time": 0.1830756664276123,
  "mad_time": 0.0006383657455444336,
  "input_arguments": {
    "backend": "qibotn",
    "max_bond_dim": 64,
    "replacement_probability": 0.0,
    "nqubits": 55,
    "nlayers": 3,
    "nruns": 10,
    "rng_seed": 42,
    "set_initial_state": true,
    "platform": "quimb",
    "dry_run_discarded": true
  }
}