{
  "measured_observable": "ZXZXZXZXZX",
  "times": [
    0.04863691329956055,
    0.036036014556884766,
    0.036338090896606445,
    0.0363469123840332,
    0.036212921142578125,
    0.03571677207946777,
    0.05046510696411133,
    0.03642892837524414,
    0.036890268325805664,
    0.04831409454345703
  ],
  "expvals": [
    -5.200318042852814e-08,
    8.907312439987436e-05,
    -3.670272417366505e-05,
    8.470227612633607e-07,
    -2.120099118485541e-08,
    -8.043504276465641e-21,
    3.813705601318773e-11,
    5.891406511112295e-25,
    -5.959118425380439e-07,
    -0.01530627440661192
  ],
  "magic_gates": [],
  "median_time": 0.03638792037963867,
  "mad_time": 0.0004271268844604492,
  "input_arguments": {
    "backend": "qibotn",
    "max_bond_dim": 2,
    "replacement_probability": 0.0,
    "nqubits": 10,
    "nlayers": 3,
    "nruns": 10,
    "rng_seed": 42,
    "set_initial_state": true,
    "platform": "quimb",
    "dry_run_discarded": true
  }
}
