{
  "measured_observable": "ZXZXZX",
  "times": [
    0.005435943603515625,
    0.005199909210205078,
    0.0048902034759521484,
    0.0050852298736572266,
    0.004904985427856445,
    0.0049359798431396484,
    0.0050318241119384766,
    0.004869937896728516,
    0.005572080612182617,
    0.005464076995849609
  ],
  "expvals": [
    0.004783286713063717,
    -0.0001972642057808116,
    -0.12653586268424988,
    -0.060787513852119446,
    -0.013074741698801517,
    0.04690617322921753,
    0.0441104918718338,
    -0.20499874651432037,
    -0.0021252939477562904,
    0.30976229906082153
  ],
  "magic_gates": [],
  "median_time": 0.0050585269927978516,
  "mad_time": 0.0001609325408935547,
  "input_arguments": {
    "backend": "qibotn",
    "max_bond_dim": 8,
    "replacement_probability": 0.5,
    "nqubits": 6,
    "nlayers": 3,
    "nruns": 10,
    "rng_seed": 42,
    "set_initial_state": true,
    "platform": "quimb",
    "dry_run_discarded": true
  }
}
