{
  "measured_observable": "ZXZXZXZXZX",
  "times": [
    0.006335020065307617,
    0.0059661865234375,
    0.006395101547241211,
    0.00362396240234375,
    0.003673076629638672,
    0.003659963607788086,
    0.0035829544067382812,
    0.006175994873046875,
    0.0036339759826660156,
    0.003638029098510742
  ],
  "expvals": [
    0.0,
    -3.516229389648801e-31,
    -0.007675723120878845,
    0.0,
    0.0,
    0.0,
    0.016091212539421355,
    1.304817537322352e-32,
    0.0,
    0.012584251210595934
  ],
  "magic_gates": [
    1,
    1,
    1,
    0,
    0,
    0,
    0,
    1,
    0,
    0
  ],
  "median_time": 0.003666520118713379,
  "mad_time": 6.306171417236328e-05,
  "ave_magic_gates": 0.4,
  "input_arguments": {
    "backend": "mpstab",
    "max_bond_dim": 8,
    "replacement_probability": 0.99,
    "nqubits": 10,
    "nlayers": 3,
    "nruns": 10,
    "rng_seed": 42,
    "set_initial_state": true,
    "platform": "None",
    "dry_run_discarded": true
  }
}
