{
  "measured_observable": "ZXZXZX",
  "times": [
    0.005652904510498047,
    0.005277872085571289,
    0.004920244216918945,
    0.004998922348022461,
    0.0050487518310546875,
    0.005097150802612305,
    0.005002021789550781,
    0.0048999786376953125,
    0.0050318241119384766,
    0.004866123199462891
  ],
  "expvals": [
    0.011966452933847904,
    0.0037483028136193752,
    -0.0072082108817994595,
    -0.030867796391248703,
    -0.025296293199062347,
    0.03201362118124962,
    0.164004385471344,
    -0.3000600039958954,
    -0.010837441310286522,
    0.16826069355010986
  ],
  "magic_gates": [],
  "median_time": 0.005016922950744629,
  "mad_time": 8.845329284667969e-05,
  "input_arguments": {
    "backend": "qibotn",
    "max_bond_dim": 8,
    "replacement_probability": 0.75,
    "nqubits": 6,
    "nlayers": 3,
    "nruns": 10,
    "rng_seed": 42,
    "set_initial_state": true,
    "platform": "quimb",
    "dry_run_discarded": true
  }
}
