{
  "measured_observable": "ZXZXZXZXZX",
  "times": [
    0.16834044456481934,
    0.056298255920410156,
    0.05563020706176758,
    0.056055307388305664,
    0.05585455894470215,
    0.05573678016662598,
    0.05588555335998535,
    0.05576372146606445,
    0.055843353271484375,
    0.05582475662231445
  ],
  "expvals": [
    -0.0028471471258736418,
    0.05138802706662363,
    0.015812533256010067,
    -0.02402477698050764,
    0.006729372449298263,
    -0.0030367660916991042,
    0.01485214233444386,
    -0.03090158009416176,
    -0.20952914908284642,
    -0.01926792524229797
  ],
  "magic_gates": [],
  "median_time": 0.05584895610809326,
  "mad_time": 9.870529174804688e-05,
  "input_arguments": {
    "backend": "qibotn",
    "max_bond_dim": 16,
    "replacement_probability": 0.0,
    "nqubits": 10,
    "nlayers": 5,
    "nruns": 10,
    "rng_seed": 42,
    "set_initial_state": true,
    "platform": "quimb",
    "dry_run_discarded": true
  }
}