{
  "measured_observable": "ZXZX",
  "times": [
    0.0024547576904296875,
    0.003548145294189453,
    0.002129077911376953,
    0.002998828887939453,
    0.002228975296020508,
    0.0033168792724609375,
    0.0032091140747070312,
    0.003875255584716797,
    0.0036940574645996094,
    0.0012590885162353516
  ],
  "expvals": [
    -0.1170925053376326,
    0.6635227794309893,
    -0.023343071904210342,
    0.876003332756282,
    0.049285065200280614,
    0.05835808980826044,
    0.11572525798123462,
    -0.6611523922739216,
    0.0012114241815803957,
    -0.5016791532993093
  ],
  "magic_gates": [
    1,
    2,
    1,
    2,
    1,
    2,
    2,
    3,
    3,
    0
  ],
  "median_time": 0.003103971481323242,
  "mad_time": 0.0006196498870849609,
  "ave_magic_gates": 1.7,
  "input_arguments": {
    "backend": "mpstab",
    "max_bond_dim": 4,
    "replacement_probability": 0.25,
    "nqubits": 4,
    "nlayers": 3,
    "nruns": 10,
    "rng_seed": 42,
    "set_initial_state": true,
    "platform": "None",
    "dry_run_discarded": true
  }
}
