{
  "measured_observable": "ZXZXZXZX",
  "times": [
    0.005381107330322266,
    0.0029642581939697266,
    0.002911090850830078,
    0.004997730255126953,
    0.003036022186279297,
    0.002877950668334961,
    0.0028619766235351562,
    0.002877950668334961,
    0.0028841495513916016,
    0.004938840866088867
  ],
  "expvals": [
    0.06190853983728772,
    0.0,
    -1.2957949615696666e-36,
    -1.825330911517447e-18,
    -0.0188417964695616,
    -8.647506723811684e-35,
    0.0,
    0.0,
    -0.013979350644128663,
    -0.004366270208441864
  ],
  "magic_gates": [
    1,
    0,
    0,
    1,
    0,
    0,
    0,
    0,
    0,
    1
  ],
  "median_time": 0.0029376745223999023,
  "mad_time": 6.771087646484375e-05,
  "ave_magic_gates": 0.3,
  "input_arguments": {
    "backend": "mpstab",
    "max_bond_dim": 2,
    "replacement_probability": 0.99,
    "nqubits": 8,
    "nlayers": 3,
    "nruns": 10,
    "rng_seed": 42,
    "set_initial_state": true,
    "platform": "None",
    "dry_run_discarded": true
  }
}
