{
  "measured_observable": "ZXZXZX",
  "times": [
    0.003635883331298828,
    0.006283998489379883,
    0.008004903793334961,
    0.0036699771881103516,
    0.0036199092864990234,
    0.008081912994384766,
    0.004869222640991211,
    0.0063571929931640625,
    0.012117147445678711,
    0.010663270950317383
  ],
  "expvals": [
    8.552847072295026e-50,
    -0.0011245379727204865,
    -0.028028056110307183,
    0.6272922424007297,
    0.07801166147646785,
    0.28964633844639054,
    9.62964972193618e-35,
    7.854965495516243e-18,
    -0.014707397408432564,
    -0.0010394870987434374
  ],
  "magic_gates": [
    1,
    3,
    4,
    1,
    1,
    4,
    2,
    3,
    7,
    6
  ],
  "median_time": 0.006320595741271973,
  "mad_time": 0.002205967903137207,
  "ave_magic_gates": 3.2,
  "input_arguments": {
    "backend": "mpstab",
    "max_bond_dim": 8,
    "replacement_probability": 0.75,
    "nqubits": 6,
    "nlayers": 3,
    "nruns": 10,
    "rng_seed": 42,
    "set_initial_state": true,
    "platform": "None",
    "dry_run_discarded": true
  }
}
