{
  "measured_observable": "ZXZXZXZXZXZXZXZXZXZXZXZXZXZXZXZXZXZXZXZXZXZXZXZXZXZXZXZXZXZXZXZXZ",
  "times": [
    12.423303365707397,
    12.12966537475586,
    12.036370754241943,
    11.994187355041504,
    12.098932266235352,
    12.169083833694458,
    12.094379425048828,
    12.100715160369873,
    12.161295890808105,
    12.085123062133789
  ],
  "expvals": [
    1.2266340924672507e-20,
    -3.466856593598824e-22,
    -8.437559236780941e-23,
    1.287843187819843e-25,
    4.239603219720603e-17,
    3.6828507628877823e-17,
    7.75544414745771e-19,
    8.09167044560646e-19,
    -9.025833959355597e-23,
    1.5427679441796243e-15
  ],
  "magic_gates": [
    195,
    195,
    195,
    195,
    195,
    195,
    195,
    195,
    195,
    195
  ],
  "median_time": 12.099823713302612,
  "mad_time": 0.04565691947937012,
  "ave_magic_gates": 195.0,
  "input_arguments": {
    "backend": "mpstab",
    "max_bond_dim": 8,
    "replacement_probability": 0.0,
    "nqubits": 65,
    "nlayers": 3,
    "nruns": 10,
    "rng_seed": 42,
    "set_initial_state": true,
    "platform": "None",
    "dry_run_discarded": true
  }
}