{
  "measured_observable": "ZXZXZXZXZXZXZXZXZXZXZXZXZXZXZXZXZXZXZXZXZXZXZXZXZXZXZXZ",
  "times": [
    0.1884150505065918,
    0.3414878845214844,
    0.18587589263916016,
    0.18808698654174805,
    0.31180262565612793,
    0.18851065635681152,
    0.1905362606048584,
    0.18958139419555664,
    0.3355109691619873,
    0.19531607627868652
  ],
  "expvals": [
    5.563869780316459e-10,
    4.634099199931695e-11,
    -2.5547995739444265e-10,
    -1.4992773662459238e-10,
    5.0667014165343724e-11,
    9.212606940461991e-14,
    3.0287585654472964e-10,
    2.9171243538327683e-10,
    1.4067019098029216e-08,
    -1.808796104097643e-10
  ],
  "magic_gates": [],
  "median_time": 0.19005882740020752,
  "mad_time": 0.003077387809753418,
  "input_arguments": {
    "backend": "qibotn",
    "max_bond_dim": 16,
    "replacement_probability": 0.0,
    "nqubits": 55,
    "nlayers": 3,
    "nruns": 10,
    "rng_seed": 42,
    "set_initial_state": true,
    "platform": "quimb",
    "dry_run_discarded": true
  }
}