{
  "measured_observable": "ZXZXZXZXZXZXZXZXZXZXZXZXZXZXZXZXZXZXZXZXZXZXZXZXZXZXZXZXZXZXZXZXZXZXZX",
  "times": [
    0.34509968757629395,
    0.22942209243774414,
    0.34215617179870605,
    0.2442774772644043,
    0.2394545078277588,
    0.347393274307251,
    0.22840118408203125,
    0.23186349868774414,
    0.340681791305542,
    0.23097705841064453
  ],
  "expvals": [
    -1.2747338707162832e-14,
    1.6303771795194938e-14,
    -1.6935650961019194e-14,
    6.410910901121539e-15,
    5.281410564772598e-16,
    -1.495811835456717e-16,
    4.0013993466319057e-13,
    9.312650228792184e-16,
    -3.726047270510212e-12,
    5.509979390161843e-17
  ],
  "magic_gates": [],
  "median_time": 0.24186599254608154,
  "mad_time": 0.012954354286193848,
  "input_arguments": {
    "backend": "qibotn",
    "max_bond_dim": 1024,
    "replacement_probability": 0.0,
    "nqubits": 70,
    "nlayers": 3,
    "nruns": 10,
    "rng_seed": 42,
    "set_initial_state": true,
    "platform": "quimb",
    "dry_run_discarded": true
  }
}