{
  "measured_observable": "ZXZXZXZXZXZXZXZXZXZXZXZXZXZXZXZXZXZXZXZXZXZXZXZXZXZXZXZXZXZXZXZXZXZXZXZXZXZXZXZX",
  "times": [
    0.27777719497680664,
    0.4235517978668213,
    0.2750234603881836,
    0.2750389575958252,
    0.4197957515716553,
    0.2753608226776123,
    0.4094817638397217,
    0.3227248191833496,
    0.271282434463501,
    0.4133017063140869
  ],
  "expvals": [
    1.2900771898704098e-16,
    -3.2798903795989196e-17,
    -1.2423974935610445e-18,
    1.8211143343101058e-18,
    1.8559217321890332e-16,
    -1.277422525557167e-19,
    -6.080599936793626e-19,
    -9.209956547850083e-17,
    1.401379350792228e-18,
    4.427761209452803e-15
  ],
  "magic_gates": [],
  "median_time": 0.3002510070800781,
  "mad_time": 0.02709805965423584,
  "input_arguments": {
    "backend": "qibotn",
    "max_bond_dim": 64,
    "replacement_probability": 0.0,
    "nqubits": 80,
    "nlayers": 3,
    "nruns": 10,
    "rng_seed": 42,
    "set_initial_state": true,
    "platform": "quimb",
    "dry_run_discarded": true
  }
}