{
  "measured_observable": "ZXZXZXZXZXZXZXZ",
  "times": [
    0.005784273147583008,
    0.013135910034179688,
    0.009630918502807617,
    0.01337885856628418,
    0.01330423355102539,
    0.0061528682708740234,
    0.005404233932495117,
    0.00533604621887207,
    0.009402275085449219,
    0.005768299102783203
  ],
  "expvals": [
    0.0,
    -1.7485056180789073e-35,
    -1.5749612487998329e-84,
    0.0,
    -2.1660720601811638e-66,
    0.0,
    -5.8493355016079224e-36,
    0.0,
    -7.706702094859318e-19,
    3.7023503728000475e-05
  ],
  "magic_gates": [
    0,
    2,
    1,
    2,
    2,
    0,
    0,
    0,
    1,
    0
  ],
  "median_time": 0.007777571678161621,
  "mad_time": 0.002191305160522461,
  "ave_magic_gates": 0.8,
  "input_arguments": {
    "max_bond_dim": 256,
    "replacement_probability": 0.99,
    "nqubits": 15,
    "nlayers": 4,
    "nruns": 10,
    "rng_seed": 42,
    "set_initial_state": true
  }
}
