{
  "measured_observable": "ZXZXZXZX",
  "times": [
    0.014373779296875,
    0.007681131362915039,
    0.007512807846069336,
    0.007677316665649414,
    0.0074596405029296875,
    0.007516145706176758,
    0.007609844207763672,
    0.00731968879699707,
    0.007451057434082031,
    0.0073871612548828125
  ],
  "expvals": [
    -0.23654213547706604,
    8.01805654191412e-05,
    -0.0003210074792150408,
    -1.3226031114754733e-06,
    0.02733481675386429,
    -0.009134470485150814,
    0.011167987249791622,
    -0.0003144355141557753,
    -0.022862618789076805,
    0.0003785165026783943
  ],
  "magic_gates": [],
  "median_time": 0.007514476776123047,
  "mad_time": 0.00011134147644042969,
  "input_arguments": {
    "backend": "qibotn",
    "max_bond_dim": 4,
    "replacement_probability": 0.25,
    "nqubits": 8,
    "nlayers": 3,
    "nruns": 10,
    "rng_seed": 42,
    "set_initial_state": true,
    "platform": "quimb",
    "dry_run_discarded": true
  }
}
