{
  "measured_observable": "ZXZXZXZXZXZXZXZXZXZXZXZXZXZXZXZXZXZXZXZXZXZXZXZXZXZXZXZXZXZX",
  "times": [
    0.31098103523254395,
    0.20632076263427734,
    0.19855189323425293,
    0.19376325607299805,
    0.3162710666656494,
    0.19465065002441406,
    0.19412708282470703,
    0.30226778984069824,
    0.19327187538146973,
    0.19382190704345703
  ],
  "expvals": [
    -2.715223326532569e-10,
    -6.88227610956919e-11,
    8.034853340854281e-13,
    -1.8894758765253604e-10,
    -1.2629856628089601e-10,
    -4.9980913721955125e-12,
    2.2612485063624813e-11,
    4.967003015715862e-12,
    -3.421245589169575e-14,
    1.2576746664317275e-10
  ],
  "magic_gates": [],
  "median_time": 0.1966012716293335,
  "mad_time": 0.0030837059020996094,
  "input_arguments": {
    "backend": "qibotn",
    "max_bond_dim": 32,
    "replacement_probability": 0.0,
    "nqubits": 60,
    "nlayers": 3,
    "nruns": 10,
    "rng_seed": 42,
    "set_initial_state": true,
    "platform": "quimb",
    "dry_run_discarded": true
  }
}