{
  "measured_observable": "ZXZXZXZXZXZXZXZXZXZXZXZXZXZXZX",
  "times": [
    3.990215301513672,
    3.9149298667907715,
    3.919480562210083,
    3.865952491760254,
    3.9029641151428223,
    3.855228900909424,
    3.9300777912139893,
    3.8578622341156006,
    4.578939437866211,
    3.992605686187744
  ],
  "expvals": [
    8.405104297734013e-07,
    3.5016954454517205e-08,
    -7.504269147191522e-10,
    -3.0478721473020216e-10,
    2.32992916344819e-06,
    -3.517868373993529e-10,
    -7.293042074809855e-11,
    -2.3889283356424297e-05,
    2.844967879078514e-07,
    -0.00013497643003856235
  ],
  "magic_gates": [
    90,
    90,
    90,
    90,
    90,
    90,
    90,
    90,
    90,
    90
  ],
  "median_time": 3.9172052145004272,
  "mad_time": 0.0552978515625,
  "ave_magic_gates": 90.0,
  "input_arguments": {
    "backend": "mpstab",
    "max_bond_dim": 16,
    "replacement_probability": 0.0,
    "nqubits": 30,
    "nlayers": 3,
    "nruns": 10,
    "rng_seed": 42,
    "set_initial_state": true,
    "platform": "None",
    "dry_run_discarded": true
  }
}