{
  "measured_observable": "ZXZXZXZXZX",
  "times": [
    0.08129572868347168,
    0.06398320198059082,
    0.0909111499786377,
    0.08087515830993652,
    0.12767624855041504,
    0.09796977043151855,
    0.0736238956451416,
    0.08860492706298828,
    0.0760948657989502,
    0.08751106262207031
  ],
  "expvals": [
    -0.0015203258150393697,
    -0.0029268920655502804,
    -0.017493026520893563,
    -0.10075392336080224,
    0.04382531946743874,
    0.0013631698467814323,
    -6.224941866102559e-05,
    -0.006851712075110988,
    -0.012924345951119768,
    -0.0004890887069432118
  ],
  "magic_gates": [
    24,
    17,
    25,
    23,
    25,
    26,
    23,
    25,
    24,
    25
  ],
  "median_time": 0.084403395652771,
  "mad_time": 0.00740814208984375,
  "ave_magic_gates": 23.7,
  "input_arguments": {
    "max_bond_dim": null,
    "replacement_probability": 0.4,
    "nqubits": 10,
    "nlayers": 4,
    "nruns": 10,
    "rng_seed": 42,
    "set_initial_state": true
  }
}
