{
  "measured_observable": "ZXZXZXZXZXZXZXZXZXZXZXZXZXZXZXZXZXZXZXZXZXZXZXZXZXZXZXZ",
  "times": [
    0.1884462833404541,
    0.3140749931335449,
    0.18678689002990723,
    0.18758797645568848,
    0.3118140697479248,
    0.18842315673828125,
    0.18784642219543457,
    0.18977808952331543,
    0.36121177673339844,
    0.1860194206237793
  ],
  "expvals": [
    5.563869780316517e-10,
    4.634099199931662e-11,
    -2.554799573944399e-10,
    -1.4992773662459312e-10,
    5.066701416534358e-11,
    9.212606940461567e-14,
    3.028758565447375e-10,
    2.917124353832775e-10,
    1.4067019098029226e-08,
    -1.8087961040976446e-10
  ],
  "magic_gates": [],
  "median_time": 0.18843472003936768,
  "mad_time": 0.0014955997467041016,
  "input_arguments": {
    "backend": "qibotn",
    "max_bond_dim": 4,
    "replacement_probability": 0.0,
    "nqubits": 55,
    "nlayers": 3,
    "nruns": 10,
    "rng_seed": 42,
    "set_initial_state": true,
    "platform": "quimb",
    "dry_run_discarded": true
  }
}