{
  "measured_observable": "ZXZXZXZXZX",
  "times": [
    0.039490461349487305,
    0.03506755828857422,
    0.035388946533203125,
    0.17641115188598633,
    0.035742759704589844,
    0.03555488586425781,
    0.03553938865661621,
    0.0355074405670166,
    0.03551459312438965,
    0.035334110260009766
  ],
  "expvals": [
    0.0011242490132508437,
    0.00036005365200996223,
    -0.03754519703324125,
    -0.010925122838851272,
    -0.05876217470752656,
    0.106877004788688,
    0.0278770929628586,
    0.014479397217819193,
    -0.04751902631519973,
    -0.01084105568904305
  ],
  "magic_gates": [],
  "median_time": 0.03552699089050293,
  "mad_time": 0.00016546249389648438,
  "input_arguments": {
    "backend": "qibotn",
    "max_bond_dim": 32,
    "replacement_probability": 0.0,
    "nqubits": 10,
    "nlayers": 3,
    "nruns": 10,
    "rng_seed": 42,
    "set_initial_state": true,
    "platform": "quimb",
    "dry_run_discarded": true
  }
}