{
  "measured_observable": "ZXZXZXZXZX",
  "times": [
    0.05017399787902832,
    0.03812098503112793,
    0.06328606605529785,
    0.03690910339355469,
    0.03667593002319336,
    0.05081987380981445,
    0.04896092414855957,
    0.036891937255859375,
    0.03785896301269531,
    0.036679983139038086
  ],
  "expvals": [
    2.048529277660265e-15,
    1.996097594118089e-16,
    -0.16221363842487335,
    0.0030620477627962828,
    2.936155008362307e-17,
    5.089609221814277e-19,
    -1.2493524213764116e-17,
    8.436448154652831e-19,
    -3.1008182133085427e-17,
    -0.06800416111946106
  ],
  "magic_gates": [],
  "median_time": 0.03798997402191162,
  "mad_time": 0.0013120174407958984,
  "input_arguments": {
    "backend": "qibotn",
    "max_bond_dim": 32,
    "replacement_probability": 0.0,
    "nqubits": 10,
    "nlayers": 3,
    "nruns": 10,
    "rng_seed": 42,
    "set_initial_state": true,
    "platform": "quimb",
    "dry_run_discarded": true
  }
}
