{
  "measured_observable": "ZXZX",
  "times": [
    0.006891965866088867,
    0.003245115280151367,
    0.0029740333557128906,
    0.0029001235961914062,
    0.0028870105743408203,
    0.002919912338256836,
    0.002925872802734375,
    0.0029070377349853516,
    0.0030748844146728516,
    0.0028679370880126953
  ],
  "expvals": [
    0.17455394566059113,
    -0.0304461270570755,
    -0.3627193868160248,
    0.6150071620941162,
    -0.12735821306705475,
    0.22136491537094116,
    -5.551115123125783e-17,
    -4.2847669856627135e-16,
    -0.4711834192276001,
    0.22554877400398254
  ],
  "magic_gates": [],
  "median_time": 0.0029228925704956055,
  "mad_time": 4.3511390686035156e-05,
  "input_arguments": {
    "backend": "qibotn",
    "max_bond_dim": 4,
    "replacement_probability": 0.25,
    "nqubits": 4,
    "nlayers": 3,
    "nruns": 10,
    "rng_seed": 42,
    "set_initial_state": true,
    "platform": "quimb",
    "dry_run_discarded": true
  }
}
