{
  "measured_observable": "ZXZXZXZXZXZXZXZXZXZXZXZXZXZXZXZXZXZ",
  "times": [
    0.2397153377532959,
    0.23565030097961426,
    0.23721027374267578,
    0.23076462745666504,
    0.23539352416992188,
    0.23219919204711914,
    0.2253572940826416,
    0.23323273658752441,
    0.23288893699645996,
    0.23340320587158203
  ],
  "expvals": [
    -5.992602587991482e-06,
    1.4742247592388675e-08,
    -4.054670766527949e-07,
    -3.5231458742298843e-07,
    -4.042290417997165e-06,
    2.133510174423089e-08,
    5.323662761278235e-10,
    0.00023452933915655086,
    2.2098905887849946e-09,
    6.765807889422772e-09
  ],
  "magic_gates": [],
  "median_time": 0.23331797122955322,
  "mad_time": 0.0022039413452148438,
  "input_arguments": {
    "backend": "qibotn",
    "max_bond_dim": 32,
    "replacement_probability": 0.0,
    "nqubits": 35,
    "nlayers": 3,
    "nruns": 10,
    "rng_seed": 42,
    "set_initial_state": true,
    "platform": "quimb",
    "dry_run_discarded": true
  }
}