{
  "measured_observable": "ZXZXZXZXZXZXZXZXZXZXZXZXZXZXZXZXZXZXZXZXZXZXZ",
  "times": [
    0.160658597946167,
    0.15903544425964355,
    0.15959715843200684,
    0.2801699638366699,
    0.1604766845703125,
    0.15959811210632324,
    0.1584300994873047,
    0.2954080104827881,
    0.16028237342834473,
    0.15930438041687012
  ],
  "expvals": [
    7.694581572783744e-10,
    -8.183990957884218e-09,
    3.594013550905371e-12,
    1.9791401574091642e-11,
    -3.3722349597027806e-12,
    3.8958779636141417e-10,
    -1.0759654241013176e-09,
    -4.284592835812137e-09,
    5.39716941443771e-13,
    8.351481672821912e-09
  ],
  "magic_gates": [],
  "median_time": 0.15994024276733398,
  "mad_time": 0.0006771087646484375,
  "input_arguments": {
    "backend": "qibotn",
    "max_bond_dim": 256,
    "replacement_probability": 0.0,
    "nqubits": 45,
    "nlayers": 3,
    "nruns": 10,
    "rng_seed": 42,
    "set_initial_state": true,
    "platform": "quimb",
    "dry_run_discarded": true
  }
}