{
  "measured_observable": "ZXZXZXZXZX",
  "times": [
    0.4214303493499756,
    0.4248824119567871,
    0.518010139465332,
    0.4318568706512451,
    0.43109798431396484,
    0.42252445220947266,
    0.4226555824279785,
    0.4235258102416992,
    0.4244883060455322,
    0.4242122173309326
  ],
  "expvals": [
    -0.0024250633474939168,
    -0.07316934932946856,
    -0.0005434270827669335,
    -0.007765548857830448,
    0.0008297177373669644,
    -0.0003039092537093494,
    -0.0007856920370799053,
    -0.08962776449627191,
    0.03130342390941089,
    0.0007106118392579664
  ],
  "magic_gates": [
    50,
    50,
    50,
    50,
    50,
    50,
    50,
    50,
    50,
    50
  ],
  "median_time": 0.4243502616882324,
  "mad_time": 0.001760244369506836,
  "ave_magic_gates": 50.0,
  "input_arguments": {
    "backend": "mpstab",
    "max_bond_dim": 4,
    "replacement_probability": 0.0,
    "nqubits": 10,
    "nlayers": 5,
    "nruns": 10,
    "rng_seed": 42,
    "set_initial_state": true,
    "platform": "None",
    "dry_run_discarded": true
  }
}