{
  "measured_observable": "ZXZXZXZXZXZXZXZXZXZXZXZXZXZXZXZXZXZXZXZX",
  "times": [
    0.13993120193481445,
    0.13964509963989258,
    0.14015579223632812,
    0.1423046588897705,
    0.26802897453308105,
    0.13927149772644043,
    0.13986539840698242,
    0.14072203636169434,
    0.14121532440185547,
    0.2733185291290283
  ],
  "expvals": [
    -1.1494352966669402e-10,
    -1.1208726116351284e-09,
    2.0167891238321075e-08,
    -4.545164606419036e-07,
    -5.676469965984173e-09,
    -3.977589564078345e-07,
    -2.100306542541747e-10,
    -1.0424225746036161e-07,
    2.554839203130927e-06,
    -1.24315133603449e-07
  ],
  "magic_gates": [],
  "median_time": 0.14043891429901123,
  "mad_time": 0.0007851123809814453,
  "input_arguments": {
    "backend": "qibotn",
    "max_bond_dim": 16,
    "replacement_probability": 0.0,
    "nqubits": 40,
    "nlayers": 3,
    "nruns": 10,
    "rng_seed": 42,
    "set_initial_state": true,
    "platform": "quimb",
    "dry_run_discarded": true
  }
}