{
  "measured_observable": "ZXZX",
  "times": [
    0.0034019947052001953,
    0.0032351016998291016,
    0.006291866302490234,
    0.0029680728912353516,
    0.0030181407928466797,
    0.002830982208251953,
    0.0028460025787353516,
    0.0028839111328125,
    0.0028519630432128906,
    0.002908945083618164
  ],
  "expvals": [
    -0.17840051651000977,
    -0.0033744527027010918,
    -0.0002168778155464679,
    0.5255098938941956,
    0.29907721281051636,
    -0.23634091019630432,
    -0.0017356437165290117,
    -0.033879127353429794,
    -0.05182798206806183,
    0.0023262386675924063
  ],
  "magic_gates": [],
  "median_time": 0.002938508987426758,
  "mad_time": 8.952617645263672e-05,
  "input_arguments": {
    "backend": "qibotn",
    "max_bond_dim": 2,
    "replacement_probability": 0.5,
    "nqubits": 4,
    "nlayers": 3,
    "nruns": 10,
    "rng_seed": 42,
    "set_initial_state": true,
    "platform": "quimb",
    "dry_run_discarded": true
  }
}
