{
  "measured_observable": "ZXZXZXZXZXZXZXZXZXZXZXZXZXZXZXZXZXZXZXZXZXZXZXZXZXZXZXZXZXZXZXZXZXZXZXZXZXZXZXZXZXZXZ",
  "times": [
    0.3048701286315918,
    0.43474864959716797,
    0.27892255783081055,
    0.4179880619049072,
    0.27723145484924316,
    0.2771484851837158,
    0.4194788932800293,
    0.28031420707702637,
    0.4220457077026367,
    0.2796814441680908
  ],
  "expvals": [
    7.801538425644032e-20,
    9.462960852479233e-17,
    -1.1745523795231576e-20,
    -1.7610949235026437e-17,
    -6.922600937423859e-18,
    -3.15240246796681e-20,
    4.169355446292401e-21,
    -7.444294297698938e-25,
    2.627994027573459e-18,
    2.1564354073337504e-16
  ],
  "magic_gates": [],
  "median_time": 0.2925921678543091,
  "mad_time": 0.01540219783782959,
  "input_arguments": {
    "backend": "qibotn",
    "max_bond_dim": 4,
    "replacement_probability": 0.0,
    "nqubits": 85,
    "nlayers": 3,
    "nruns": 10,
    "rng_seed": 42,
    "set_initial_state": true,
    "platform": "quimb",
    "dry_run_discarded": true
  }
}