{
  "measured_observable": "ZXZXZXZXZXZXZXZ",
  "times": [
    0.06715798377990723,
    0.06537008285522461,
    0.06538581848144531,
    0.06499361991882324,
    0.06524300575256348,
    0.06562471389770508,
    0.0651707649230957,
    0.06555986404418945,
    0.06508660316467285,
    0.06536269187927246
  ],
  "expvals": [
    0.0019485216697779435,
    0.013982191140852375,
    0.000393154989421005,
    -0.00017836110247493062,
    0.0018067504775830699,
    0.0011311624411185978,
    -4.613022365400926e-05,
    0.014294264062763221,
    -1.5318075135007268e-06,
    -0.0010279445707255402
  ],
  "magic_gates": [],
  "median_time": 0.06536638736724854,
  "mad_time": 0.000194549560546875,
  "input_arguments": {
    "backend": "qibotn",
    "max_bond_dim": 8,
    "replacement_probability": 0.0,
    "nqubits": 15,
    "nlayers": 3,
    "nruns": 10,
    "rng_seed": 42,
    "set_initial_state": true,
    "platform": "quimb",
    "dry_run_discarded": true
  }
}