{
  "measured_observable": "ZXZXZXZXZXZXZXZXZXZXZXZXZXZXZXZXZXZXZXZXZXZXZXZXZXZXZXZ",
  "times": [
    0.4087858200073242,
    0.5374314785003662,
    0.4084131717681885,
    0.41046881675720215,
    0.5428867340087891,
    0.4124002456665039,
    0.40728187561035156,
    0.5357635021209717,
    0.4052410125732422,
    0.4044365882873535
  ],
  "expvals": [
    5.563869780316495e-10,
    4.634099199931676e-11,
    -2.554799573944374e-10,
    -1.4992773662459292e-10,
    5.0667014165343536e-11,
    9.212606940462073e-14,
    3.0287585654473796e-10,
    2.9171243538327777e-10,
    1.4067019098029235e-08,
    -1.8087961040976498e-10
  ],
  "magic_gates": [],
  "median_time": 0.4096273183822632,
  "mad_time": 0.0035796165466308594,
  "input_arguments": {
    "backend": "qibotn",
    "max_bond_dim": 8,
    "replacement_probability": 0.0,
    "nqubits": 55,
    "nlayers": 3,
    "nruns": 10,
    "rng_seed": 42,
    "set_initial_state": true,
    "platform": "quimb",
    "dry_run_discarded": true
  }
}