{
  "measured_observable": "ZXZXZXZXZX",
  "times": [
    3.8965330123901367,
    3.5197086334228516,
    3.3498473167419434,
    3.6484079360961914,
    3.8927059173583984,
    2.8567731380462646,
    3.8612983226776123,
    3.251893997192383,
    3.276956558227539,
    3.1508259773254395
  ],
  "expvals": [
    -0.005622903067929328,
    0.031412824150477345,
    -0.010600662517309291,
    -0.02110394741215945,
    0.007536663135429807,
    -0.006630039798315641,
    0.014415482943710221,
    -0.025559851277825542,
    -0.2081582755084566,
    -0.01929481628987428
  ],
  "magic_gates": [
    50,
    50,
    50,
    50,
    50,
    50,
    50,
    50,
    50,
    50
  ],
  "median_time": 3.4347779750823975,
  "mad_time": 0.24879097938537598,
  "ave_magic_gates": 50.0,
  "input_arguments": {
    "backend": "mpstab",
    "max_bond_dim": 32,
    "replacement_probability": 0.0,
    "nqubits": 10,
    "nlayers": 5,
    "nruns": 10,
    "rng_seed": 42,
    "set_initial_state": true,
    "platform": "None",
    "dry_run_discarded": true
  }
}