{
  "measured_observable": "ZXZX",
  "times": [
    0.003306865692138672,
    0.003390073776245117,
    0.002920866012573242,
    0.002933025360107422,
    0.0028960704803466797,
    0.002930879592895508,
    0.0029070377349853516,
    0.0028989315032958984,
    0.0029113292694091797,
    0.0028769969940185547
  ],
  "expvals": [
    -0.03169234097003937,
    -0.018595082685351372,
    0.07484037429094315,
    0.39087793231010437,
    0.4737309515476227,
    0.353304386138916,
    0.001604535966180265,
    -0.21007560193538666,
    -0.37085381150245667,
    0.03755808621644974
  ],
  "magic_gates": [],
  "median_time": 0.002916097640991211,
  "mad_time": 1.704692840576172e-05,
  "input_arguments": {
    "backend": "qibotn",
    "max_bond_dim": 4,
    "replacement_probability": 0.5,
    "nqubits": 4,
    "nlayers": 3,
    "nruns": 10,
    "rng_seed": 42,
    "set_initial_state": true,
    "platform": "quimb",
    "dry_run_discarded": true
  }
}
