{
  "measured_observable": "ZXZXZXZXZXZXZXZXZXZXZXZXZXZXZXZXZXZ",
  "times": [
    0.2534942626953125,
    0.14287233352661133,
    0.1313481330871582,
    0.13079023361206055,
    0.12926483154296875,
    0.13020801544189453,
    0.2604525089263916,
    0.13639426231384277,
    0.13091158866882324,
    0.1308884620666504
  ],
  "expvals": [
    -5.9926025879914844e-06,
    1.4742247592388842e-08,
    -4.0546707665279365e-07,
    -3.5231458742298784e-07,
    -4.0422904179971624e-06,
    2.133510174423079e-08,
    5.323662761278274e-10,
    0.00023452933915655096,
    2.2098905887843825e-09,
    6.765807889422781e-09
  ],
  "magic_gates": [],
  "median_time": 0.13112986087799072,
  "mad_time": 0.001393437385559082,
  "input_arguments": {
    "backend": "qibotn",
    "max_bond_dim": 16,
    "replacement_probability": 0.0,
    "nqubits": 35,
    "nlayers": 3,
    "nruns": 10,
    "rng_seed": 42,
    "set_initial_state": true,
    "platform": "quimb",
    "dry_run_discarded": true
  }
}