{
  "measured_observable": "ZXZXZXZXZXZXZXZ",
  "times": [
    17.29250454902649,
    20.16727089881897,
    18.4159414768219,
    18.723396062850952,
    18.21050238609314,
    17.49537944793701,
    17.384570360183716,
    18.377477169036865,
    17.52085041999817,
    18.051640510559082
  ],
  "expvals": [
    0.0021763410314560357,
    0.014086089644478434,
    0.00044000159461467995,
    -0.00018263028715301077,
    0.0019640860939325777,
    0.001121769137428123,
    -5.4867638628117675e-05,
    0.014144938818735603,
    -7.315764518856725e-06,
    -0.0010086852900840501
  ],
  "magic_gates": [
    45,
    45,
    45,
    45,
    45,
    45,
    45,
    45,
    45,
    45
  ],
  "median_time": 18.13107144832611,
  "mad_time": 0.6012728214263916,
  "ave_magic_gates": 45.0,
  "input_arguments": {
    "backend": "mpstab",
    "max_bond_dim": 128,
    "replacement_probability": 0.0,
    "nqubits": 15,
    "nlayers": 3,
    "nruns": 10,
    "rng_seed": 42,
    "set_initial_state": true,
    "platform": "None",
    "dry_run_discarded": true
  }
}