{
  "measured_observable": "ZXZXZXZX",
  "times": [
    0.005300998687744141,
    0.0028760433197021484,
    0.0029230117797851562,
    0.0051081180572509766,
    0.002966165542602539,
    0.0029268264770507812,
    0.002933979034423828,
    0.002902984619140625,
    0.0029304027557373047,
    0.005094766616821289
  ],
  "expvals": [
    0.06190853983728772,
    0.0,
    -1.2957949615696666e-36,
    -1.825330911517447e-18,
    -0.0188417964695616,
    -8.647506723811684e-35,
    0.0,
    0.0,
    -0.013979350644128663,
    -0.004366270208441864
  ],
  "magic_gates": [
    1,
    0,
    0,
    1,
    0,
    0,
    0,
    0,
    0,
    1
  ],
  "median_time": 0.0029321908950805664,
  "mad_time": 3.159046173095703e-05,
  "ave_magic_gates": 0.3,
  "input_arguments": {
    "backend": "mpstab",
    "max_bond_dim": 8,
    "replacement_probability": 0.99,
    "nqubits": 8,
    "nlayers": 3,
    "nruns": 10,
    "rng_seed": 42,
    "set_initial_state": true,
    "platform": "None",
    "dry_run_discarded": true
  }
}
