{
  "measured_observable": "ZXZXZXZXZXZX",
  "times": [
    1.7984189987182617,
    1.9560909271240234,
    2.021130084991455,
    2.0753540992736816,
    1.6156957149505615,
    1.812577724456787,
    2.0645339488983154,
    1.7851240634918213,
    1.6059398651123047,
    1.7777011394500732
  ],
  "expvals": [
    -1.2445497445654798e-16,
    1.272195375304555e-14,
    -6.959534221095964e-05,
    0.0008676342549733818,
    0.001392920734360814,
    -5.421010862427522e-19,
    0.013406015001237392,
    -1.891695621761974e-16,
    -1.9696594355522734e-10,
    -1.3010426069826053e-18
  ],
  "magic_gates": [],
  "median_time": 1.8054983615875244,
  "mad_time": 0.17019760608673096,
  "input_arguments": {
    "backend": "qibotn",
    "max_bond_dim": 64,
    "replacement_probability": 0.25,
    "nqubits": 12,
    "nlayers": 3,
    "nruns": 10,
    "rng_seed": 42,
    "set_initial_state": true,
    "platform": "quimb",
    "dry_run_discarded": true
  }
}
