{
  "measured_observable": "ZXZXZX",
  "times": [
    0.007837772369384766,
    0.004964113235473633,
    0.0076313018798828125,
    0.007524967193603516,
    0.008709907531738281,
    0.005886077880859375,
    0.004968881607055664,
    0.006059885025024414,
    0.018980979919433594,
    0.005313873291015625
  ],
  "expvals": [
    2.75947298855532e-35,
    -0.0041584997716737114,
    0.0005158644300112129,
    -0.06954570925468703,
    0.21039506274397934,
    0.0,
    0.0333967106044525,
    0.0,
    -0.04920131143607141,
    -1.9368557765337958e-33
  ],
  "magic_gates": [
    4,
    2,
    4,
    4,
    5,
    3,
    2,
    3,
    5,
    2
  ],
  "median_time": 0.006792426109313965,
  "mad_time": 0.0012619495391845703,
  "ave_magic_gates": 3.4,
  "input_arguments": {
    "backend": "mpstab",
    "max_bond_dim": 8,
    "replacement_probability": 0.25,
    "nqubits": 6,
    "nlayers": 3,
    "nruns": 10,
    "rng_seed": 42,
    "set_initial_state": true,
    "platform": "None",
    "dry_run_discarded": true
  }
}
