{
  "measured_observable": "ZXZXZXZXZXZX",
  "times": [
    0.003840923309326172,
    0.003774881362915039,
    0.0037729740142822266,
    0.003715991973876953,
    0.0037381649017333984,
    0.0036988258361816406,
    0.0037021636962890625,
    0.0037109851837158203,
    0.0036869049072265625,
    0.0037009716033935547
  ],
  "expvals": [
    0.0,
    0.0,
    0.0,
    0.0,
    0.0,
    -0.09527007922127827,
    0.018122402309014542,
    0.0,
    0.0,
    0.0
  ],
  "magic_gates": [
    0,
    0,
    0,
    0,
    0,
    0,
    0,
    0,
    0,
    0
  ],
  "median_time": 0.0037134885787963867,
  "mad_time": 1.9669532775878906e-05,
  "ave_magic_gates": 0.0,
  "input_arguments": {
    "backend": "mpstab",
    "max_bond_dim": 32,
    "replacement_probability": 0.0,
    "nqubits": 12,
    "nlayers": 3,
    "nruns": 10,
    "rng_seed": 42,
    "set_initial_state": true,
    "platform": "None",
    "dry_run_discarded": true
  }
}
