{
  "measured_observable": "ZXZXZXZXZXZX",
  "times": [
    1.5876941680908203,
    1.5885539054870605,
    1.6007671356201172,
    1.5902581214904785,
    1.5927610397338867,
    1.5976440906524658,
    1.5985479354858398,
    1.5843901634216309,
    1.592411756515503,
    1.5830719470977783,
    1.590364933013916,
    1.593930959701538,
    1.6020617485046387,
    1.5973527431488037,
    1.5967659950256348,
    1.5863220691680908,
    1.5817837715148926,
    1.6103699207305908,
    1.5958430767059326,
    1.5769920349121094
  ],
  "expvals": [
    0.005621818359941244,
    -0.002447575330734253,
    0.00280553731136024,
    -0.029794901609420776,
    -0.003407771699130535,
    0.02152714505791664,
    -0.00020949899044353515,
    -0.01777290180325508,
    0.004872199147939682,
    -0.00414525531232357,
    0.0018260057549923658,
    0.017822539433836937,
    -0.012768324464559555,
    0.021147625520825386,
    -0.012537163682281971,
    -0.10083718597888947,
    0.026110084727406502,
    -0.0019767838530242443,
    -0.003355697263032198,
    -0.01455809734761715
  ],
  "magic_gates": [],
  "median_time": 1.5925863981246948,
  "mad_time": 0.004974961280822754,
  "input_arguments": {
    "backend": "qibotn",
    "max_bond_dim": 16,
    "replacement_probability": 0.75,
    "nqubits": 12,
    "nlayers": 4,
    "nruns": 20,
    "rng_seed": 42,
    "set_initial_state": true,
    "platform": "quimb",
    "dry_run_discarded": true
  }
}
