{
  "measured_observable": "ZXZXZXZXZX",
  "times": [
    0.048996925354003906,
    0.05018496513366699,
    0.0516510009765625,
    0.05269193649291992,
    0.038474082946777344,
    0.03790903091430664,
    0.03760099411010742,
    0.051239013671875,
    0.0381162166595459,
    0.05643892288208008
  ],
  "expvals": [
    -0.019304145127534866,
    0.00833428930491209,
    -0.09797261655330658,
    -0.0036689518019557,
    -1.0609103810566012e-05,
    -3.4796703403117135e-05,
    0.00012422470899764448,
    -0.0014127030735835433,
    -0.007814507000148296,
    -0.03066219948232174
  ],
  "magic_gates": [],
  "median_time": 0.04959094524383545,
  "mad_time": 0.004974484443664551,
  "input_arguments": {
    "backend": "qibotn",
    "max_bond_dim": 16,
    "replacement_probability": 0.5,
    "nqubits": 10,
    "nlayers": 3,
    "nruns": 10,
    "rng_seed": 42,
    "set_initial_state": true,
    "platform": "quimb",
    "dry_run_discarded": true
  }
}
