{
  "measured_observable": "ZXZXZXZXZXZXZXZXZXZXZXZXZXZXZXZXZXZXZXZXZXZXZXZXZXZXZXZXZXZXZXZXZ",
  "times": [
    0.3231968879699707,
    0.321364164352417,
    0.43468785285949707,
    0.3219337463378906,
    0.32079029083251953,
    0.435772180557251,
    0.32256150245666504,
    0.32118725776672363,
    0.4717886447906494,
    0.32039856910705566
  ],
  "expvals": [
    6.953679421595363e-13,
    -3.628695626250925e-14,
    -4.151383289613125e-13,
    -3.061924225794682e-11,
    -1.8658314696883142e-12,
    -2.197905596145764e-15,
    3.247466033648655e-14,
    -3.1772151777559086e-11,
    1.9066985009618106e-12,
    -9.275755508079723e-13
  ],
  "magic_gates": [],
  "median_time": 0.32224762439727783,
  "mad_time": 0.00125885009765625,
  "input_arguments": {
    "backend": "qibotn",
    "max_bond_dim": 256,
    "replacement_probability": 0.0,
    "nqubits": 65,
    "nlayers": 3,
    "nruns": 10,
    "rng_seed": 42,
    "set_initial_state": true,
    "platform": "quimb",
    "dry_run_discarded": true
  }
}