{
  "measured_observable": "ZXZXZXZXZX",
  "times": [
    0.05276608467102051,
    0.0377202033996582,
    0.04994606971740723,
    0.03710508346557617,
    0.03691887855529785,
    0.03656601905822754,
    0.03655409812927246,
    0.036618709564208984,
    0.03644585609436035,
    0.03699803352355957
  ],
  "expvals": [
    0.003975441213697195,
    -0.0021322686225175858,
    0.0008528174366801977,
    -0.00095106236403808,
    0.0004431552079040557,
    -3.188729897374287e-05,
    3.6633311992773088e-06,
    0.010726643726229668,
    -0.0004157240327913314,
    0.0008358808699995279
  ],
  "magic_gates": [],
  "median_time": 0.03695845603942871,
  "mad_time": 0.00039839744567871094,
  "input_arguments": {
    "backend": "qibotn",
    "max_bond_dim": 2,
    "replacement_probability": 0.75,
    "nqubits": 10,
    "nlayers": 3,
    "nruns": 10,
    "rng_seed": 42,
    "set_initial_state": true,
    "platform": "quimb",
    "dry_run_discarded": true
  }
}
