{
  "measured_observable": "ZXZXZXZXZXZX",
  "times": [
    1.7285449504852295,
    1.5492651462554932,
    1.5323388576507568,
    1.552847146987915,
    1.541806936264038,
    1.5491790771484375,
    1.556244134902954,
    1.5448708534240723,
    1.5396199226379395,
    1.5357470512390137
  ],
  "expvals": [
    -0.1209038719534874,
    0.0035234445240348577,
    0.0317588746547699,
    0.005995729472488165,
    -0.0019553673919290304,
    0.0007308686035685241,
    -0.004936680197715759,
    -0.0032514522317796946,
    -0.016518527641892433,
    -0.0014500209363177419
  ],
  "magic_gates": [],
  "median_time": 1.5470249652862549,
  "mad_time": 0.006613612174987793,
  "input_arguments": {
    "backend": "qibotn",
    "max_bond_dim": 8,
    "replacement_probability": 0.75,
    "nqubits": 12,
    "nlayers": 3,
    "nruns": 10,
    "rng_seed": 42,
    "set_initial_state": true,
    "platform": "quimb",
    "dry_run_discarded": true
  }
}
