{
  "measured_observable": "ZXZXZXZXZX",
  "times": [
    0.03696417808532715,
    0.03622603416442871,
    0.04409980773925781,
    0.03625082969665527,
    0.03636908531188965,
    0.03657698631286621,
    0.03607773780822754,
    0.03658318519592285,
    0.036312103271484375,
    0.0362701416015625
  ],
  "expvals": [
    -0.0010835083667188883,
    0.00032629890483804047,
    -0.1432744860649109,
    -0.047133710235357285,
    5.068645156369733e-18,
    0.04053368791937828,
    0.00012979088933207095,
    -1.2904824586712493e-07,
    -0.003071974962949753,
    0.06706865131855011
  ],
  "magic_gates": [],
  "median_time": 0.03634059429168701,
  "mad_time": 0.00017547607421875,
  "input_arguments": {
    "backend": "qibotn",
    "max_bond_dim": 4,
    "replacement_probability": 0.25,
    "nqubits": 10,
    "nlayers": 3,
    "nruns": 10,
    "rng_seed": 42,
    "set_initial_state": true,
    "platform": "quimb",
    "dry_run_discarded": true
  }
}
