{
  "measured_observable": "ZXZXZXZXZXZX",
  "times": [
    1.7770440578460693,
    1.8005108833312988,
    2.001278877258301,
    1.7761452198028564,
    1.823923110961914,
    1.805476188659668,
    1.7453787326812744,
    2.0815773010253906,
    1.7452068328857422,
    2.0192270278930664
  ],
  "expvals": [
    1.922705497960954e-16,
    1.1958749962515114e-16,
    1.5077175619104821e-12,
    9.126593394718894e-17,
    -6.245004513516506e-17,
    -0.00010956566984532401,
    0.0011088387109339237,
    3.0890232795180265e-19,
    -0.0008422788814641535,
    -1.3845059820827288e-10
  ],
  "magic_gates": [],
  "median_time": 1.8029935359954834,
  "mad_time": 0.04223155975341797,
  "input_arguments": {
    "backend": "qibotn",
    "max_bond_dim": 16,
    "replacement_probability": 0.25,
    "nqubits": 12,
    "nlayers": 3,
    "nruns": 10,
    "rng_seed": 42,
    "set_initial_state": true,
    "platform": "quimb",
    "dry_run_discarded": true
  }
}
