{
  "measured_observable": "ZXZXZXZXZXZXZXZXZXZXZXZXZ",
  "times": [
    0.10145974159240723,
    0.09003424644470215,
    0.08940744400024414,
    0.08996152877807617,
    0.08986735343933105,
    0.08968806266784668,
    0.09001612663269043,
    0.09004855155944824,
    0.0900888442993164,
    0.25095272064208984
  ],
  "expvals": [
    -1.7370381571722295e-07,
    1.550238124263477e-06,
    -0.00016774550185710594,
    -4.942160076854986e-05,
    -4.643567486040135e-05,
    -0.001003560332728745,
    -9.518282539547734e-09,
    -1.1721416744600052e-05,
    1.3922830467430448e-05,
    0.00039043759288740724
  ],
  "magic_gates": [],
  "median_time": 0.09002518653869629,
  "mad_time": 0.00011074542999267578,
  "input_arguments": {
    "backend": "qibotn",
    "max_bond_dim": 16,
    "replacement_probability": 0.0,
    "nqubits": 25,
    "nlayers": 3,
    "nruns": 10,
    "rng_seed": 42,
    "set_initial_state": true,
    "platform": "quimb",
    "dry_run_discarded": true
  }
}